status,kappa,r_p_au,v_inf_kms,trial,seed,n_A,n_B,n_ejected,any_exchange,group_exchange,full_exchange,dE_over_E,conservation_ok,outcome_J,e_post_J,i_post_deg_J,outcome_S,e_post_S,i_post_deg_S,outcome_U,e_post_U,i_post_deg_U,outcome_N,e_post_N,i_post_deg_N,proc_s
ok,0.1,10.0,0.5,0,20260705,4,0,0,False,False,False,9.39652657277592e-13,True,A,0.016430861460111745,91.01554288050538,A,0.01890820567670393,82.16049007092829,A,0.029960193757132905,27.51299795902439,A,0.006992318409355537,131.55105539529498,0.8084003925323486
ok,0.1,10.0,0.5,1,20268624,4,0,0,False,False,False,2.537087338236724e-13,True,A,0.009347040149003125,129.49756631928776,A,0.027423443204830963,56.87961639007596,A,0.028092152414777256,36.70923039842743,A,0.008992869308994601,93.3150187517764,0.7735824584960938
ok,0.1,10.0,0.5,2,20276543,4,0,0,False,False,False,1.4454510177346117e-13,True,A,0.011256924072950814,29.288726494830136,A,0.02234835979988043,34.06102270299568,A,0.02504373994243468,45.335907136127474,A,0.014364347809451887,112.68482826544572,0.7786092758178711
ok,0.1,10.0,0.5,3,20284462,4,0,0,False,False,False,3.726948875359223e-13,True,A,0.00986761050956804,39.65111656241166,A,0.018204706610076764,35.22284146960177,A,0.029205329224249597,55.32581715153825,A,0.009971849289439848,130.1989517259878,0.7709486484527588
ok,0.1,10.0,0.5,8,20324057,4,0,0,False,False,False,5.839461915310297e-13,True,A,0.01855224342633234,37.7830427406362,A,0.041916285075013354,83.04614328211026,A,0.02800448099367451,23.49304376515515,A,0.012491660911054473,111.7315720386206,0.8915624618530273
ok,0.1,10.0,0.5,9,20331976,4,0,0,False,False,False,6.094813478357183e-13,True,A,0.008589634259644777,46.40907128993823,A,0.016693416783164976,123.4958590885361,A,0.02855002225115568,67.58966084462058,A,0.006348258970801052,57.75556641558229,0.7968769073486328
ok,0.1,10.0,0.5,10,20339895,4,0,0,False,False,False,1.1849364054411968e-12,True,A,0.007795453960121356,47.4727549015955,A,0.038648356849576376,70.86212892919556,A,0.02820283799952045,37.09075655599697,A,0.010675276156843622,143.65790556854043,0.8238868713378906
ok,0.1,10.0,0.5,11,20347814,4,0,0,False,False,False,1.4101822057447379e-12,True,A,0.01922013104063669,54.3767389625277,A,0.031671474359580475,141.99955712993875,A,0.03157274200654747,3.8197917073387386,A,0.01221729321879435,106.50566834897654,0.8193557262420654
ok,0.1,10.0,0.5,12,20355733,4,0,0,False,False,False,1.2118650308892821e-12,True,A,0.01554696132818897,80.01187178924232,A,0.012415297687036442,57.94149764304241,A,0.034930992565913054,36.97057178770346,A,0.013129089556417147,29.222898383197546,0.8888633251190186
ok,0.1,10.0,0.5,13,20363652,4,0,0,False,False,False,4.2511179707421965e-15,True,A,0.008436782318883337,77.94462755080623,A,0.017983236218746868,50.72204950240359,A,0.02883100535690019,19.64301474172171,A,0.013598948640697146,75.0024397801477,0.7991518974304199
ok,0.1,10.0,0.5,14,20371571,4,0,0,False,False,False,1.3603796018714543e-13,True,A,0.00957687439709765,42.2212082054441,A,0.023226488069414027,105.8150307466962,A,0.0289302112568177,72.54512625356767,A,0.0070909300440784116,85.84880992753354,0.8179802894592285
ok,0.1,10.0,0.5,15,20379490,4,0,0,False,False,False,6.307088821304008e-13,True,A,0.006104792483852846,102.91908945253617,A,0.018870771782751226,75.70844572900309,A,0.02839226487671744,47.548672767886025,A,0.011063933546577335,129.81109207059197,0.8378217220306396
ok,0.1,10.0,0.5,4,20292381,4,0,0,False,False,False,4.903783635034827e-13,True,A,0.015791011776515238,105.43055563852135,A,0.016432712602741616,96.01950519757284,A,0.02402763104233354,105.51566958284008,A,0.007932098044197611,57.90151902151154,0.8599777221679688
ok,0.1,10.0,0.5,5,20300300,4,0,0,False,False,False,4.634852759125704e-13,True,A,0.013456912228277891,38.222316891940324,A,0.027592374547194466,146.66205692700117,A,0.032172014849569844,144.26508150772636,A,0.01285994791651312,115.70464148080777,0.851564884185791
ok,0.1,10.0,0.5,6,20308219,4,0,0,False,False,False,8.192449889263692e-13,True,A,0.008801661163108383,62.703125719632894,A,0.015920918503645905,127.22624927913927,A,0.033394573997849196,62.204550233242145,A,0.008753004731654428,62.88391657499785,0.9824399948120117
ok,0.1,10.0,0.5,7,20316138,4,0,0,False,False,False,7.793948404679062e-14,True,A,0.009044381933978001,67.44759157927982,A,0.018072344678256837,107.31184051194411,A,0.03440201630808397,102.80068453406706,A,0.00946859590865892,124.4651825229078,0.8603875637054443
ok,0.1,10.0,0.5,16,20387409,4,0,0,False,False,False,3.7558377271533115e-13,True,A,0.017143779526516755,24.776864334415684,A,0.01946330499125541,82.2077105507115,A,0.028876945833971553,10.323979645947635,A,0.010971616714891802,89.93817772837252,0.8307657241821289
ok,0.1,10.0,0.5,17,20395328,4,0,0,False,False,False,5.003334783235082e-13,True,A,0.012556853489639941,143.19903514166697,A,0.024900045690441575,61.81626609170514,A,0.02940625162256312,33.4558676186754,A,0.012242736897814636,131.63585661934724,0.853264331817627
ok,0.1,10.0,0.5,18,20403247,4,0,0,False,False,False,3.132005940770304e-13,True,A,0.010436850704695032,65.0350497628418,A,0.014521048613590683,156.23125182306762,A,0.028037900067296933,127.83337039840427,A,0.008708341024667216,87.03878907107534,0.8650219440460205
ok,0.1,10.0,0.5,19,20411166,4,0,0,False,False,False,5.541794161868758e-13,True,A,0.009064702109819132,116.50897218457203,A,0.017127666728217666,39.634273829633024,A,0.03247838206529111,85.44498747320908,A,0.009599262975964003,69.90870637074677,0.816155195236206
ok,0.1,10.0,0.5,24,20450761,4,0,0,False,False,False,2.3415438459407916e-12,True,A,0.010904607636171317,66.4572064610969,A,0.025072592048299588,112.21646528379564,A,0.032500111777550335,114.2350820738921,A,0.014132563728749254,87.1810592208669,0.8363950252532959
ok,0.1,10.0,0.5,25,20458680,4,0,0,False,False,False,2.012566794440769e-13,True,A,0.0048466069478984445,48.94558838924369,A,0.01581801518265098,92.51954263393496,A,0.03211261819134556,76.5991320215889,A,0.010807096023575692,107.35585654101432,0.8088030815124512
ok,0.1,10.0,0.5,26,20466599,4,0,0,False,False,False,1.6437987089896303e-13,True,A,0.015995463573303656,102.89008371935225,A,0.015868972402615877,62.10797978423576,A,0.025412533964659482,45.15025061799621,A,0.010169516003726115,73.46332618388648,0.8668935298919678
ok,0.1,10.0,0.5,27,20474518,4,0,0,False,False,False,2.9477509839442863e-13,True,A,0.013588167300053534,30.311057352824324,A,0.021386665212117476,130.63655492600492,A,0.03195338197412664,59.80615979170475,A,0.007763326171411435,79.49156263711164,1.0907201766967773
ok,0.1,10.0,0.5,20,20419085,4,0,0,False,False,False,6.676006323396865e-13,True,A,0.014713057317081068,92.33961198829441,A,0.014460916987502098,67.20721783923639,A,0.03261610540266147,158.11829009339723,A,0.008909980096677856,63.18034975167457,0.8634529113769531
ok,0.1,10.0,0.5,21,20427004,4,0,0,False,False,False,1.6540982468030844e-12,True,A,0.01158480061272787,112.95799807689458,A,0.021437265918961015,56.325667437020286,A,0.03532707655444337,23.098390071156835,A,0.007800623079424778,94.41654380535716,0.9067239761352539
ok,0.1,10.0,0.5,22,20434923,4,0,0,False,False,False,4.1231835087871467e-13,True,A,0.013381681762398328,29.454319440666588,A,0.01777035269488175,18.8293763356801,A,0.03195911057543625,84.37076810444269,A,0.010512809002325055,141.68694514880204,0.8225541114807129
ok,0.1,10.0,0.5,23,20442842,4,0,0,False,False,False,6.830673726967239e-13,True,A,0.011510058085684045,118.68486721872652,A,0.01634888473750188,62.08948243653976,A,0.028823196237934317,50.59024102722651,A,0.012568867280905704,118.63129731899072,1.05372953414917
ok,0.1,10.0,0.5,28,20482437,4,0,0,False,False,False,2.2533090424535717e-13,True,A,0.006932690415936137,74.64675162174095,A,0.018589931883857453,97.05421479508873,A,0.03016753129957633,73.98419534862347,A,0.012656031888593999,50.84875749598863,0.8400168418884277
ok,0.1,10.0,0.5,29,20490356,4,0,0,False,False,False,6.732514226796207e-13,True,A,0.015202240449926524,76.65741427571363,A,0.01992281156765209,81.73866110479742,A,0.029524860009281242,114.68399312173024,A,0.010416253246774596,39.275495671764084,0.8284580707550049
ok,0.1,10.0,0.5,30,20498275,4,0,0,False,False,False,6.392087389723412e-13,True,A,0.010169074804156427,98.6982682085332,A,0.018802567726261012,64.44393650795631,A,0.031632910145534064,63.83640224580853,A,0.012489044036912285,66.60764521736638,0.841130256652832
ok,0.1,10.0,0.5,31,20506194,4,0,0,False,False,False,2.8346369342698733e-15,True,A,0.007933056455735363,124.44007952276968,A,0.019746025015524294,64.28027829980117,A,0.03356913348356492,158.65234723702775,A,0.010675655445077124,75.34408780941766,0.9868612289428711
ok,0.1,10.0,0.5,32,20514113,4,0,0,False,False,False,2.935960883876104e-12,True,A,0.015207451200415615,58.25325321071269,A,0.023973502641589525,112.34110750915079,A,0.026675543908513115,74.7882883947038,A,0.008149542374999002,45.99587171643731,1.0731759071350098
ok,0.1,10.0,0.5,33,20522032,4,0,0,False,False,False,1.7432764722611134e-13,True,A,0.01446482350212935,52.4680006051639,A,0.0214032333029034,70.49147802045655,A,0.03433185574426029,130.15186892854513,A,0.01233321513087764,97.3133103412342,0.8585708141326904
ok,0.1,10.0,0.5,34,20529951,4,0,0,False,False,False,1.6724447810021193e-13,True,A,0.02068508413543822,101.45790295174457,A,0.012969236136533079,65.13946997467967,A,0.03059306080761788,44.53917307635209,A,0.015286878040568804,76.77294643670253,0.7897329330444336
ok,0.1,10.0,0.5,35,20537870,4,0,0,False,False,False,7.58294876456707e-13,True,A,0.008573950022135119,70.17294052311216,A,0.015254372354846477,57.382614145168695,A,0.030149648570597636,59.59014878784896,A,0.004465139099024682,110.04825871632033,0.7973978519439697
ok,0.1,10.0,0.5,40,20577465,4,0,0,False,False,False,5.96716862438528e-13,True,A,0.006255563489524388,119.33330420811066,A,0.02984168228337505,117.07809891073738,A,0.030221810698705113,107.59339193530447,A,0.00828958324290694,101.00191924754924,0.8895690441131592
ok,0.1,10.0,0.5,41,20585384,4,0,0,False,False,False,3.9969528615729973e-13,True,A,0.012411131938562914,93.41451020791466,A,0.019454884255343537,84.86676284150431,A,0.033310726620849836,146.43305857599242,A,0.01571314417931591,142.3260024001193,0.7651457786560059
ok,0.1,10.0,0.5,42,20593303,4,0,0,False,False,False,8.049483359686055e-13,True,A,0.014919756888466794,44.26227785764039,A,0.039842959813558156,37.42899936329636,A,0.030681568972679794,69.79959951355194,A,0.00956689302036288,70.88891268314013,0.8811867237091064
ok,0.1,10.0,0.5,43,20601222,4,0,0,False,False,False,1.1180407152420471e-12,True,A,0.00991646021713973,72.89848497308246,A,0.017255950274383477,62.71188387075603,A,0.03328261773993361,58.67415747319365,A,0.008214838541985906,120.33068749900872,0.8420734405517578
ok,0.1,10.0,0.5,44,20609141,4,0,0,False,False,False,5.796825887362646e-13,True,A,0.011750480946118814,107.72781750486902,A,0.02736756413818062,62.131937476049195,A,0.030183583348090962,31.284035673435458,A,0.0050646383218724035,36.477915963142344,0.8207221031188965
ok,0.1,10.0,0.5,45,20617060,4,0,0,False,False,False,4.4785845140293466e-13,True,A,0.006583632034501759,85.83162124923848,A,0.039328955158602956,61.45145430305407,A,0.033389989590433065,72.92807991757414,A,0.007209809716330416,70.3951737674175,0.848475456237793
ok,0.1,10.0,0.5,46,20624979,4,0,0,False,False,False,1.3661185704346652e-12,True,A,0.017264596521136506,87.42011816290683,A,0.019030980770333137,93.9816110487654,A,0.031422286901047244,98.5558765395657,A,0.012535876688593921,20.286183905843995,0.9272196292877197
ok,0.1,10.0,0.5,47,20632898,4,0,0,False,False,False,1.3082378637804411e-12,True,A,0.012340333118420789,63.28581389836854,A,0.015752728880284225,39.5056096992214,A,0.029373710812853244,79.09453831692872,A,0.010565277370542017,41.382975997546055,0.7849085330963135
ok,0.1,10.0,0.5,36,20545789,4,0,0,False,False,False,1.3266133475609393e-12,True,A,0.0059960905567979055,65.34867908610383,A,0.015368432090764703,60.04365793584321,A,0.031170020080727678,70.10618352062882,A,0.01090921509415312,53.7852022441404,1.0602998733520508
ok,0.1,10.0,0.5,37,20553708,4,0,0,False,False,False,5.299761649825536e-13,True,A,0.00850100814830927,72.00784621420685,A,0.018191033180915393,115.27974536004871,A,0.03287838378465116,76.80329839424883,A,0.00997298711849326,91.26300251758438,0.8614132404327393
ok,0.1,10.0,0.5,38,20561627,4,0,0,False,False,False,3.075145340520573e-13,True,A,0.011700516203648072,99.37238546217303,A,0.035854512012952616,51.022724986092285,A,0.03207918526375755,43.68496179011331,A,0.008092775790120594,87.62905471315007,0.8148617744445801
ok,0.1,10.0,0.5,39,20569546,4,0,0,False,False,False,3.598514856287657e-13,True,A,0.014529450332019475,66.25460147093908,A,0.013987702097492897,78.05498264849282,A,0.03211028795891413,113.98015723213904,A,0.011614282901860116,70.17581098638128,0.9191372394561768
ok,0.1,10.0,0.5,48,20640817,4,0,0,False,False,False,4.252142790810565e-15,True,A,0.009285116264398265,97.54746819919072,A,0.02487588525044091,147.1738086847381,A,0.031003263906208084,63.69886046214903,A,0.01176984074019756,83.55570160126727,0.8292796611785889
ok,0.1,10.0,0.5,49,20648736,4,0,0,False,False,False,1.2075912698596279e-12,True,A,0.01174582785995605,56.13029816937943,A,0.02584438337223025,89.08330387300312,A,0.02832935743025264,35.31186503829456,A,0.009511230672570758,139.51158873955757,0.831672191619873
ok,0.1,10.0,0.5,50,20656655,4,0,0,False,False,False,9.836753367693786e-13,True,A,0.010936308724305989,37.661280622588464,A,0.021825535418297043,148.22116582824495,A,0.03294429923603622,79.78930024336218,A,0.011195470780520774,67.09922493950693,0.8175110816955566
ok,0.1,10.0,0.5,51,20664574,4,0,0,False,False,False,2.0548725555021154e-13,True,A,0.016462473817984314,44.25166847338608,A,0.01775648932545273,30.91955540513508,A,0.030030655212559935,44.45680848532487,A,0.007595829066439993,37.20523514818907,0.8186264038085938
ok,0.1,10.0,0.5,52,20672493,4,0,0,False,False,False,8.929538346670642e-13,True,A,0.020820284436074716,13.58122731988329,A,0.02934468389679523,51.078996264911694,A,0.02727192765857456,53.745793275710426,A,0.010389100927010992,74.43108405247354,0.7709240913391113
ok,0.1,10.0,0.5,53,20680412,4,0,0,False,False,False,1.3506076400608497e-12,True,A,0.016647024087732117,33.868867679810734,A,0.02154835164024459,97.61396380917039,A,0.03098419007384703,38.365275462096534,A,0.011429916577323555,61.243900679178566,0.8000822067260742
ok,0.1,10.0,0.5,54,20688331,4,0,0,False,False,False,4.6771210855314903e-14,True,A,0.007007274148481897,78.45389491801683,A,0.017252220514819873,76.08102095040451,A,0.030242219400898544,87.89104246215618,A,0.012698262305723755,72.95027423452096,0.7667646408081055
ok,0.1,10.0,0.5,55,20696250,4,0,0,False,False,False,4.0112169237348995e-13,True,A,0.01033493068014198,50.360341655904115,A,0.021783509427235174,101.18774097252461,A,0.028971760708203245,91.72029908802998,A,0.011192592886087153,125.86334732447992,0.8486511707305908
ok,0.1,10.0,0.5,56,20704169,4,0,0,False,False,False,7.367431744457159e-14,True,A,0.00393607652331803,82.1505997953243,A,0.01781985693750114,54.379622455373465,A,0.032717679994941816,72.5844950113389,A,0.012443388103038073,46.2390962702615,0.7548904418945312
ok,0.1,10.0,0.5,57,20712088,4,0,0,False,False,False,9.624148870575857e-13,True,A,0.013297650524676043,65.40169685131053,A,0.017173264301166027,15.129395184877644,A,0.02948498898878638,109.2155019813934,A,0.007393424115086848,61.08287548206321,0.7779717445373535
ok,0.1,10.0,0.5,58,20720007,4,0,0,False,False,False,2.3528552921728846e-13,True,A,0.01163610362554872,112.85288148042117,A,0.02264772928084156,62.16272271753471,A,0.029384861052911174,113.984083527173,A,0.011973851227646498,87.25726463953038,0.8456745147705078
ok,0.1,10.0,0.5,59,20727926,4,0,0,False,False,False,6.193196623882706e-13,True,A,0.01738074735262695,115.08510046388822,A,0.009181418648614242,67.4191098139502,A,0.030744395284139032,53.87057349322462,A,0.010342449600464135,94.7223973237706,0.8037612438201904
ok,0.1,10.0,0.5,60,20735845,4,0,0,False,False,False,3.98239502780782e-13,True,A,0.009422126164105815,107.24571484764246,A,0.032227362394371635,52.54451276477164,A,0.030497271776137824,122.75616189547569,A,0.00796608726539134,99.02707679563048,0.814420223236084
ok,0.1,10.0,0.5,61,20743764,4,0,0,False,False,False,7.285413911160997e-13,True,A,0.01972901724329411,36.749134731879195,A,0.014647955093304252,63.40095625227662,A,0.02860174344649437,60.087491475721954,A,0.012330091872341025,30.485743909693362,0.8304886817932129
ok,0.1,10.0,0.5,62,20751683,4,0,0,False,False,False,5.201394072411423e-13,True,A,0.011479869648615835,18.46215328221786,A,0.0221706441299617,90.5980961314808,A,0.029188912782075215,98.61905001913286,A,0.012773561288611759,60.55098529165611,0.8173913955688477
ok,0.1,10.0,0.5,63,20759602,4,0,0,False,False,False,2.225230362229181e-13,True,A,0.004380160659620649,126.76056875941386,A,0.020865070885361343,97.2366972451265,A,0.02618684115361892,103.67372695515338,A,0.009582286848324949,92.28552997056894,0.7861390113830566
ok,0.1,10.0,0.5,64,20767521,4,0,0,False,False,False,4.053665963138863e-13,True,A,0.006977691069302925,74.35132105839267,A,0.017700751855161588,91.6746807661549,A,0.029918992409950898,109.35450890800277,A,0.007628456981898474,61.224427403027505,0.9194338321685791
ok,0.1,10.0,0.5,65,20775440,4,0,0,False,False,False,7.228621536840849e-13,True,A,0.014527585319489963,31.928998443813455,A,0.01795734956202065,91.21689513860414,A,0.02993493795783592,30.597808798613936,A,0.011200848714596253,66.36602292402642,0.8352179527282715
ok,0.1,10.0,0.5,66,20783359,4,0,0,False,False,False,1.3463344008298452e-12,True,A,0.01199324780345289,53.46784921875266,A,0.017920031519984714,121.75583293280769,A,0.031939555933911415,54.299946817399736,A,0.012735689389370586,115.22775352459998,0.8850481510162354
ok,0.1,10.0,0.5,67,20791278,4,0,0,False,False,False,9.425088346583395e-13,True,A,0.010209271267563392,47.892906425582275,A,0.018065274518426187,126.08739324435248,A,0.0327613590235423,67.93579814354234,A,0.010489482068850876,152.45173191209244,1.0260035991668701
ok,0.1,10.0,0.5,72,20830873,4,0,0,False,False,False,1.5930903779800426e-12,True,A,0.00537422540000071,105.63733256495891,A,0.02052094113981829,24.218519064714535,A,0.028689259840306278,17.23657655460443,A,0.011538499512748344,168.37974917405813,0.8234047889709473
ok,0.1,10.0,0.5,73,20838792,4,0,0,False,False,False,1.3876370287800815e-12,True,A,0.015957615517395243,3.9364259541908044,A,0.014745395994083883,84.19146637553757,A,0.031088403470278712,151.41408670919608,A,0.010968080405059623,130.33620427915545,0.8385341167449951
ok,0.1,10.0,0.5,74,20846711,4,0,0,False,False,False,1.1140664625263772e-12,True,A,0.013515376388558514,114.27185264234113,A,0.025958508065270922,99.69096128397642,A,0.03040198174157302,106.5746699962094,A,0.009109766591927802,128.00480516817936,0.8647947311401367
ok,0.1,10.0,0.5,75,20854630,4,0,0,False,False,False,7.935395670480863e-13,True,A,0.014141138711785002,91.28899947140478,A,0.012010785789548194,118.21247209459749,A,0.03162006184323156,54.58046798481191,A,0.011094128752157576,74.52613887556434,0.8853178024291992
ok,0.1,10.0,0.5,68,20799197,4,0,0,False,False,False,8.263156822783933e-13,True,A,0.01345033500058598,118.69179483908083,A,0.01901156336746559,89.45265202269208,A,0.03444897634108555,105.26478053530205,A,0.009279875956980217,100.79621028081861,0.8990507125854492
ok,0.1,10.0,0.5,69,20807116,4,0,0,False,False,False,4.861644552098569e-13,True,A,0.01611021484405169,87.50075690364001,A,0.031278591001509926,176.50517251169757,A,0.029578440953345574,54.59426428184878,A,0.010739412750819728,88.5113394780653,0.8447506427764893
ok,0.1,10.0,0.5,70,20815035,4,0,0,False,False,False,9.751593620376199e-13,True,A,0.007994193994236717,34.36597651143446,A,0.01742745908907571,74.13569137955912,A,0.030304655904005048,37.554172257344696,A,0.007129771082393866,100.13188537240144,0.9673564434051514
ok,0.1,10.0,0.5,71,20822954,4,0,0,False,False,False,5.924365798242056e-13,True,A,0.012523763021461623,102.0186079606815,A,0.013346589413479111,28.362278457092003,A,0.03287715469596486,59.77636379225024,A,0.008019045517317669,43.38651627816143,0.9145350456237793
ok,0.1,10.0,0.5,76,20862549,4,0,0,False,False,False,5.740348860236577e-13,True,A,0.011122980554652521,51.88105549919247,A,0.015372864497314613,42.29749996252897,A,0.034992412154142116,72.20379571502126,A,0.010243002496725773,77.78081718997494,0.8502655029296875
ok,0.1,10.0,0.5,77,20870468,4,0,0,False,False,False,1.8140971386856562e-13,True,A,0.005691445842887809,77.76405596651114,A,0.020547454448207717,56.84970777938567,A,0.027308458036649184,50.631122203008005,A,0.009789838744166715,40.79661335699592,0.8474140167236328
ok,0.1,10.0,0.5,78,20878387,4,0,0,False,False,False,1.04601517715057e-12,True,A,0.01466606554761556,49.501876149110544,A,0.022991326469130928,143.6591536151614,A,0.02974554799574602,97.38194657123054,A,0.012001033138636206,45.47017031563092,1.049696683883667
ok,0.1,10.0,0.5,79,20886306,4,0,0,False,False,False,1.0289914318644777e-12,True,A,0.013417148240759147,17.951912888500765,A,0.014005381784571102,20.289468870882963,A,0.030338733853068626,148.32507225575756,A,0.012107432059095714,101.53739540607478,0.8144564628601074
ok,0.1,10.0,0.5,84,20925901,4,0,0,False,False,False,6.930911798584992e-13,True,A,0.01749092847802162,68.64696937059034,A,0.01811750378635494,44.01373749277436,A,0.02639917385602689,51.443148953196584,A,0.011786146792217478,30.208542233181543,0.8346788883209229
ok,0.1,10.0,0.5,85,20933820,4,0,0,False,False,False,8.036005851082704e-13,True,A,0.019975933405390972,84.36507675111896,A,0.015314311423342615,42.28942810740133,A,0.030762996624552806,20.576097914780732,A,0.008192777306583337,52.85376545415694,0.7686593532562256
ok,0.1,10.0,0.5,86,20941739,4,0,0,False,False,False,6.689686851620729e-13,True,A,0.007743761260481028,127.06176579869994,A,0.011705753820399876,79.5910041537331,A,0.029252100886172375,73.85858043075103,A,0.009811991219391726,88.44918584884253,0.7913639545440674
ok,0.1,10.0,0.5,87,20949658,4,0,0,False,False,False,5.625749710052145e-13,True,A,0.010495068500273808,33.39253193794132,A,0.01882376892532457,15.163050903724995,A,0.026513776594103863,48.103283357342974,A,0.010751610921177749,139.20758850242908,0.7813100814819336
ok,0.1,10.0,0.5,80,20894225,4,0,0,False,False,False,4.393930317356027e-14,True,A,0.011576638586617944,99.88376483632261,A,0.01976048361015723,133.67236345501055,A,0.028140442364223618,77.78653224387173,A,0.0088671666449136,64.16870648247257,0.8898434638977051
ok,0.1,10.0,0.5,81,20902144,4,0,0,False,False,False,2.2392215922405206e-13,True,A,0.007856920599939358,123.75717494776492,A,0.02854357263973161,94.92814379876533,A,0.03220328661578497,106.15038685229473,A,0.009727605927104284,94.59608103915657,0.7825613021850586
ok,0.1,10.0,0.5,82,20910063,4,0,0,False,False,False,4.563093534260707e-13,True,A,0.015529255783389949,92.05076542394653,A,0.020876695419353778,175.69282764578242,A,0.02929991334736425,98.22685292551994,A,0.008515130140130714,54.45911400979454,0.8160691261291504
ok,0.1,10.0,0.5,83,20917982,4,0,0,False,False,False,1.6718179919753389e-13,True,A,0.004847852015592287,118.37268556281171,A,0.037511232907198724,101.66636510201984,A,0.029542493829901356,154.56231940369227,A,0.008496396067229623,175.03715043804735,0.8387656211853027
ok,0.1,10.0,0.5,88,20957577,4,0,0,False,False,False,4.3371741123805233e-13,True,A,0.02037875020043629,85.11230228004797,A,0.01767241976764927,22.701714933420437,A,0.031201858940511636,133.23079322668528,A,0.007352772211754786,103.60241213601417,0.9430325031280518
ok,0.1,10.0,0.5,89,20965496,4,0,0,False,False,False,6.250746899372723e-13,True,A,0.015888474733828296,97.6431433624496,A,0.019018977610318278,17.342945882932153,A,0.02641459295981694,80.630095823242,A,0.009671005344953108,38.90888111911506,0.8211419582366943
ok,0.1,10.0,0.5,90,20973415,4,0,0,False,False,False,4.223854390972033e-13,True,A,0.010377678244140525,140.4165688425055,A,0.025567250862461886,96.54761293159868,A,0.031244542582770252,23.40043497731764,A,0.010573477873384616,116.49891785173425,0.8331282138824463
ok,0.1,10.0,0.5,91,20981334,4,0,0,False,False,False,5.172925480853618e-13,True,A,0.011830151240574863,127.83035318490255,A,0.028230154042776425,56.915659095088714,A,0.032105370072336166,122.6324036530193,A,0.014540436988252201,11.510126465244365,0.8270444869995117
ok,0.1,10.0,0.5,92,20989253,4,0,0,False,False,False,4.6770945190089275e-14,True,A,0.010748933118381326,94.10203505050988,A,0.010728560190963889,123.39488410087809,A,0.03237378365715977,68.44264306681494,A,0.013731529831346505,22.594072547398564,0.7849555015563965
ok,0.1,10.0,0.5,93,20997172,4,0,0,False,False,False,1.8848079270400755e-13,True,A,0.014554715680876407,45.810211694466275,A,0.024748325235777174,115.14596798012705,A,0.03096036177055909,81.32803276162979,A,0.008650241589776397,21.38644953389957,0.7860338687896729
ok,0.1,10.0,0.5,94,21005091,4,0,0,False,False,False,5.739533632208715e-13,True,A,0.006768771772771716,63.71060335341149,A,0.0246949077680495,99.63625742543859,A,0.03153233488458093,125.90526107428028,A,0.005380945740411642,161.83515039029106,0.8338837623596191
ok,0.1,10.0,0.5,95,21013010,4,0,0,False,False,False,4.846852337856993e-13,True,A,0.010528834934446977,149.01949374385623,A,0.01954054720105112,67.62906567354142,A,0.031507458441329884,143.11327238480786,A,0.014438584613694126,107.146800958408,0.8453555107116699
ok,0.1,10.0,0.5,96,21020929,4,0,0,False,False,False,1.424314054352035e-12,True,A,0.007227549147183311,35.381347940629944,A,0.01802932899909559,88.19682618574844,A,0.02928235739743321,126.61978165467987,A,0.007839199918567685,42.098610163040426,0.876328706741333
ok,0.1,10.0,0.5,97,21028848,4,0,0,False,False,False,5.881883208798713e-13,True,A,0.01701826694987873,63.936512374121804,A,0.01772232292010306,60.952555737753016,A,0.03302631113744165,134.6832178390254,A,0.007512383248378517,29.572975679643285,0.8646626472473145
ok,0.1,10.0,0.5,98,21036767,4,0,0,False,False,False,3.1886792345456055e-13,True,A,0.005886165363275468,130.55282129107118,A,0.019922445061929327,41.44910029261058,A,0.034434846660454675,111.71788457576731,A,0.011742600729808267,64.41763040695162,0.8208334445953369
ok,0.1,10.0,0.5,99,21044686,4,0,0,False,False,False,7.44039186186964e-13,True,A,0.007392330677444413,66.92800775396695,A,0.02512747297987912,74.01120165769127,A,0.03291623782195729,106.60342445096114,A,0.013438787163513344,4.948613414632932,0.7986202239990234
ok,0.1,10.0,2.0,4,20292381,3,1,0,True,False,False,7.270935567540217e-14,True,A,0.17546611152438632,91.40721483529985,B,0.49816523176972277,142.16892500727812,A,0.9440844477881611,71.36285142516623,A,0.5126821293409263,32.856596118673714,0.9547319412231445
ok,0.1,10.0,2.0,5,20300300,2,0,2,False,False,False,4.933379510193444e-12,True,A,0.19603206511541582,52.68922645091027,A,0.6756670213318963,111.38748964481643,ejected,,,ejected,,,0.9739763736724854
ok,0.1,10.0,2.0,6,20308219,1,1,2,True,False,False,3.401598249882404e-15,True,A,0.661699546082724,78.02169041015891,ejected,,,ejected,,,B,0.49256989222015474,87.0130636788761,0.770122766494751
ok,0.1,10.0,2.0,7,20316138,2,0,2,False,False,False,9.141867228727093e-15,True,A,0.23159640095447662,79.84729168531709,A,0.7522704042460433,123.8053203631124,ejected,,,ejected,,,0.8300192356109619
ok,0.1,10.0,2.0,8,20324057,3,0,1,False,False,False,5.40004204335611e-14,True,A,0.15228918636719482,47.16840825585721,A,0.8071385838280691,93.04486625843366,A,0.273551797275057,47.07896645397611,ejected,,,0.8811187744140625
ok,0.1,10.0,2.0,9,20331976,4,0,0,False,False,False,8.92919077378511e-15,True,A,0.587978009220868,63.6455299105549,A,0.8701708647719884,108.63050192410087,A,0.9402726483858246,26.66750409140896,A,0.9833618509311479,65.75165217511342,0.9971141815185547
ok,0.1,10.0,2.0,10,20339895,1,0,3,False,False,False,1.488198873215984e-15,True,A,0.521530299203401,20.951350076189783,ejected,,,ejected,,,ejected,,,0.8754796981811523
ok,0.1,10.0,2.0,11,20347814,2,1,1,True,False,False,6.292975131460551e-14,True,A,0.29517622983933733,54.924210540913464,A,0.511052835625314,96.04916814056384,ejected,,,B,0.6909003434989358,115.06860480128704,0.8998184204101562
ok,0.1,10.0,2.0,0,20260705,2,1,1,True,False,False,5.315012014075249e-15,True,A,0.6585653203282531,62.962207489126385,A,0.1384241134914381,78.81196232771688,ejected,,,B,0.8079844208246781,61.29740536797837,0.7931323051452637
ok,0.1,10.0,2.0,1,20268624,3,0,1,False,False,False,4.1031791532862196e-14,True,A,0.022052803478762862,139.6444096313555,ejected,,,A,0.17008507793768693,45.19647494986445,A,0.8182728934129527,46.485325311970925,0.8127155303955078
ok,0.1,10.0,2.0,2,20276543,2,1,1,True,False,False,3.1465008639748486e-14,True,B,0.9583372722055932,90.06461979200596,A,0.5867200696356172,17.4289788940782,A,0.9958135426006437,23.961243921440467,ejected,,,1.828679084777832
ok,0.1,10.0,2.0,3,20284462,1,0,3,False,False,False,1.0630075555655815e-15,True,A,0.26081520011166054,38.916205534405314,ejected,,,ejected,,,ejected,,,0.8377206325531006
ok,0.1,10.0,2.0,12,20355733,2,0,2,False,False,False,1.0204792825929882e-14,True,A,0.2930807796497937,90.35013206271401,A,0.79719878935771,75.34035772006871,ejected,,,ejected,,,0.8867712020874023
ok,0.1,10.0,2.0,13,20363652,2,1,1,True,False,False,1.1480497250137739e-14,True,A,0.16280414884935343,75.85402306691499,A,0.3107026905132614,45.13053391425337,B,0.4710454537645187,119.16814943494653,ejected,,,0.9007184505462646
ok,0.1,10.0,2.0,14,20371571,2,1,1,True,False,False,6.835143781882254e-13,True,A,0.2715231055937027,41.84719965944661,A,0.29198435753843555,122.59798312066592,ejected,,,B,0.8360412656175231,80.34704771034674,0.7909882068634033
ok,0.1,10.0,2.0,15,20379490,2,1,1,True,False,False,7.228406903499818e-15,True,A,0.44449196599484586,95.18076295476523,A,0.7987810583735147,92.83484672430957,B,0.6547646199479625,65.15753647115767,ejected,,,0.9377017021179199
ok,0.1,10.0,2.0,16,20387409,1,1,2,True,False,False,7.65361258975618e-15,True,A,0.43816959986282317,18.82997551631975,ejected,,,ejected,,,B,0.9866728024657246,53.1490074537353,0.8535990715026855
ok,0.1,10.0,2.0,17,20395328,1,2,1,True,True,False,2.1259991074934283e-14,True,B,0.3542665714129312,76.6522692001594,ejected,,,A,0.6066929618665812,102.41137788879512,B,0.8253281475707689,87.26189390813252,1.0181796550750732
ok,0.1,10.0,2.0,18,20403247,1,0,3,False,False,False,6.165426456136631e-15,True,A,0.34989628604900025,64.11479277267559,ejected,,,ejected,,,ejected,,,0.8226988315582275
ok,0.1,10.0,2.0,19,20411166,2,1,1,True,False,False,2.2110412147201967e-14,True,A,0.2192662049969955,104.31691000034672,A,0.7139610178916399,29.945578233769908,B,0.8702014569973365,75.56397653635433,ejected,,,0.8504693508148193
ok,0.1,10.0,2.0,20,20419085,2,0,2,False,False,False,3.8055347968843575e-14,True,A,0.20598572053082384,97.92400833344938,A,0.9500555770623836,134.59057719152338,ejected,,,ejected,,,0.9936585426330566
ok,0.1,10.0,2.0,21,20427004,3,0,1,False,False,False,1.594498561492848e-14,True,A,0.8952803271876245,140.98562436984548,A,0.3089911216270674,85.15484627125969,ejected,,,A,0.47585832697520314,11.507359021982754,0.9342677593231201
ok,0.1,10.0,2.0,22,20434923,0,3,1,True,True,False,2.7638334920511026e-15,True,B,0.5843431990781969,102.30733516448169,B,0.8591492642184219,97.60265928614949,ejected,,,B,0.6036077453100932,79.45089186706643,1.1922883987426758
ok,0.1,10.0,2.0,23,20442842,2,1,1,True,False,False,1.72206944162451e-14,True,A,0.19681112448496316,111.75318473859305,A,0.2703286205007464,135.4228188481976,B,0.46910477042200305,70.28938191994226,ejected,,,0.8941099643707275
ok,0.1,10.0,2.0,24,20450761,3,0,1,False,False,False,1.5941794131766183e-10,True,A,0.19904546499317755,55.025688186666024,A,0.6133614645372646,126.4238012211205,A,0.435373387129287,108.31603058882344,ejected,,,1.0390865802764893
ok,0.1,10.0,2.0,25,20458680,3,1,0,True,False,False,6.292969801168734e-14,True,B,0.10332456918524169,84.14055560852158,A,0.6855217715984891,114.66285562636943,A,0.837521095495861,60.16079989454999,A,0.628818620775452,87.68654747309324,1.087670087814331
ok,0.1,10.0,2.0,26,20466599,1,0,3,False,False,False,3.189024606142789e-15,True,A,0.12170158150669864,103.62219520158312,ejected,,,ejected,,,ejected,,,0.912423849105835
ok,0.1,10.0,2.0,27,20474518,2,0,2,False,False,False,1.020484629634523e-14,True,A,0.5835595485442745,32.29046351404995,A,0.3685444848365643,120.22141639340852,ejected,,,ejected,,,0.9905946254730225
ok,0.1,10.0,2.0,28,20482437,3,0,1,False,False,False,1.16930569087991e-14,True,A,0.09429827994205096,81.06302731700875,ejected,,,A,0.8910405527906422,129.57386851352655,A,0.8017525672561187,69.49007854094859,0.8754818439483643
ok,0.1,10.0,2.0,29,20490356,2,0,2,False,False,False,1.4244195481324333e-14,True,A,0.45819962730987895,71.92250210893019,A,0.6731875808326528,77.49755113111958,ejected,,,ejected,,,1.1112384796142578
ok,0.1,10.0,2.0,30,20498275,3,0,1,False,False,False,7.866209397156412e-15,True,A,0.3286527444188332,103.9015896835725,A,0.5254153321188807,149.9346620911163,A,0.6674227448016113,80.74111679599447,ejected,,,0.8677449226379395
ok,0.1,10.0,2.0,31,20506194,2,0,2,False,False,False,3.3888476726110715e-13,True,A,0.1288681777154011,111.88523956224356,A,0.8577170734432961,57.80546877785314,ejected,,,ejected,,,0.9069719314575195
ok,0.1,10.0,2.0,32,20514113,3,0,1,False,False,False,3.826839485906059e-14,True,A,0.6140063600413234,68.67037193286977,A,0.8082570035551456,163.06051570203414,ejected,,,A,0.5737618194620232,70.77761954440979,1.033592700958252
ok,0.1,10.0,2.0,33,20522032,3,0,1,False,False,False,3.6992460176044744e-14,True,A,0.13779117346626119,47.72037464134617,A,0.7428688810449255,51.06906077470787,A,0.8553030393700862,96.12840555330065,ejected,,,0.8672952651977539
ok,0.1,10.0,2.0,34,20529951,2,0,2,False,False,False,1.860251640942285e-12,True,A,0.4250552792011559,112.82401151121185,ejected,,,ejected,,,A,0.6790805426385872,64.55017759622574,0.8597316741943359
ok,0.1,10.0,2.0,35,20537870,2,1,1,True,False,False,2.578837032868092e-13,True,A,0.5099356370765532,72.86584781061417,A,0.6368251601269036,93.42892907904707,ejected,,,B,0.8966273388373005,134.8692062891009,0.9214544296264648
ok,0.1,10.0,2.0,36,20545789,1,0,3,False,False,False,4.889804848233386e-15,True,A,0.18175133651499004,75.59845112324268,ejected,,,ejected,,,ejected,,,0.8394379615783691
ok,0.1,10.0,2.0,37,20553708,2,0,2,False,False,False,1.0842689194451717e-14,True,A,0.04661632479736009,72.21946784880117,ejected,,,ejected,,,A,0.9360731984187372,172.1442321973827,0.8562633991241455
ok,0.1,10.0,2.0,38,20561627,3,0,1,False,False,False,6.378040802236886e-15,True,A,0.4107557908019893,99.02765434011802,A,0.5512946702548306,83.02685463378599,A,0.8686177548702501,43.26819161054743,ejected,,,0.9951522350311279
ok,0.1,10.0,2.0,39,20569546,3,0,1,False,False,False,2.2189426903361803e-12,True,A,0.019727107385932596,66.3869946370235,A,0.3702245400038083,84.27532244190911,A,0.5913990615127683,128.6839392079844,ejected,,,1.0054259300231934
ok,0.1,10.0,2.0,40,20577465,2,1,1,True,False,False,2.3598587330237954e-14,True,A,0.15954493609530213,129.31593564615358,A,0.4533672278642517,122.61978686848455,ejected,,,B,0.8527673107209874,78.45446152416503,0.9587106704711914
ok,0.1,10.0,2.0,41,20585384,3,0,1,False,False,False,1.0481180070639852e-13,True,A,0.9459826569268974,49.5622920448803,ejected,,,A,0.39322902932163895,131.36217113364143,A,0.47945532407098357,170.25661811422088,0.8826086521148682
ok,0.1,10.0,2.0,42,20593303,3,0,1,False,False,False,7.334738208332063e-14,True,A,0.3743860693961244,47.26189678466877,ejected,,,A,0.8147868095760324,65.04170321914897,A,0.8216035588511198,103.73329551403415,0.8870325088500977
ok,0.1,10.0,2.0,43,20601222,1,1,2,True,False,False,4.4221179506240236e-14,True,A,0.46069730809285087,71.40833072344839,ejected,,,ejected,,,B,0.8502646828917774,168.71580639066278,0.9099671840667725
ok,0.1,10.0,2.0,44,20609141,3,0,1,False,False,False,1.743321964108079e-14,True,A,0.4878093542224387,116.80905883896042,A,0.6624458561307606,4.106977942066586,A,0.6333389497417522,12.147903538030546,ejected,,,1.0272057056427002
ok,0.1,10.0,2.0,45,20617060,1,0,3,False,False,False,6.037853714593549e-14,True,A,0.36768388436605687,88.91523394714201,ejected,,,ejected,,,ejected,,,1.0296924114227295
ok,0.1,10.0,2.0,46,20624979,2,0,2,False,False,False,9.544095765439871e-12,True,A,0.05907716754765337,79.11878551051163,ejected,,,A,0.4310273085949388,88.56326723659888,ejected,,,0.91874098777771
ok,0.1,10.0,2.0,47,20632898,3,0,1,False,False,False,3.5716784529722007e-14,True,A,0.19841048234053468,68.86538615849831,A,0.9303340290378224,51.02001394505153,A,0.28632072018529237,103.75248894173592,ejected,,,0.8291165828704834
ok,0.1,10.0,2.0,48,20640817,2,1,1,True,False,False,2.4236386211817988e-14,True,A,0.3943443503409705,93.08531237478722,A,0.3176878065663304,159.89073949243388,ejected,,,B,0.9605639016605,86.91107576436285,0.9764091968536377
ok,0.1,10.0,2.0,49,20648736,1,1,2,True,False,False,2.9763999040475996e-15,True,A,0.5665118612219904,40.989723020074166,ejected,,,B,0.11019691213933075,143.60206862026,ejected,,,0.9097898006439209
ok,0.1,10.0,2.0,50,20656655,2,0,2,False,False,False,1.5307183722731663e-14,True,A,0.4585535140742762,34.016024725896806,A,0.20485979303121254,124.84904848645245,ejected,,,ejected,,,0.9099323749542236
ok,0.1,10.0,2.0,51,20664574,3,0,1,False,False,False,4.655965372204688e-14,True,A,0.2904753519606312,28.387550950209974,A,0.725341195846283,55.58809568707805,A,0.44647287736985053,112.40776316670937,ejected,,,1.0030500888824463
ok,0.1,10.0,2.0,52,20672493,3,1,0,True,False,False,2.2960783226668877e-14,True,A,0.05032338465235662,7.2166004375666315,A,0.27926476977501374,81.40916244392031,A,0.30564421345194365,99.7925804071553,B,0.6987730004851556,84.03749153976902,0.8426370620727539
ok,0.1,10.0,2.0,53,20680412,4,0,0,False,False,False,7.022204495060748e-13,True,A,0.70099001182797,50.840308959652994,A,0.49293614914658085,105.58026896711674,A,0.1833341535812547,16.92712037011517,A,0.6680490574721699,13.221227146529605,0.999680757522583
ok,0.1,10.0,2.0,54,20688331,4,0,0,False,False,False,4.553898025313777e-13,True,A,0.21630277967687236,78.33954715457169,A,0.16613089525073818,90.80341053136952,A,0.8602295016825299,61.653403439855374,A,0.905965518970529,88.24330892039794,0.9147541522979736
ok,0.1,10.0,2.0,55,20696250,2,1,1,True,False,False,2.125998216328194e-15,True,A,0.22047446473038376,54.184366279553274,ejected,,,A,0.7242355997363293,32.093396718887426,B,0.9954204309780108,138.1365681097965,0.9113247394561768
ok,0.1,10.0,2.0,56,20704169,2,0,2,False,False,False,9.567138163602732e-15,True,A,0.15256069157990665,87.4665754384853,A,0.6429815530983709,73.13654214371114,ejected,,,ejected,,,0.8414156436920166
ok,0.1,10.0,2.0,57,20712088,3,0,1,False,False,False,1.2728348194798802e-12,True,A,0.37130748719215834,59.752669864885405,A,0.9911556644213397,12.049440392246025,ejected,,,A,0.9682986889628175,101.71091476840172,1.0880153179168701
ok,0.1,10.0,2.0,58,20720007,1,0,3,False,False,False,2.1259986905733406e-15,True,A,0.5262277502360031,111.67811074296964,ejected,,,ejected,,,ejected,,,0.8407104015350342
ok,0.1,10.0,2.0,59,20727926,1,1,2,True,False,False,4.1138265415478016e-13,True,B,0.7970070106302567,158.46867619732419,A,0.29850616881596076,53.43358327520107,ejected,,,ejected,,,1.647489070892334
ok,0.1,10.0,2.0,60,20735845,4,0,0,False,False,False,2.126007706787355e-16,True,A,0.47577435090434994,121.53510354203277,A,0.3238046315074861,90.79271229037874,A,0.35035472728297834,106.72506725147832,A,0.8892202441472987,105.45235945707392,0.8227097988128662
ok,0.1,10.0,2.0,61,20743764,3,0,1,False,False,False,3.372257963496273e-12,True,A,0.30018275001711614,35.72469995616583,A,0.47924455422024387,73.97328199752556,A,0.8234206732265285,40.207773104157845,ejected,,,0.9124424457550049
ok,0.1,10.0,2.0,62,20751683,2,1,1,True,False,False,1.7220639111592358e-14,True,A,0.45438995438032825,8.694327774792038,A,0.5046705252414743,97.48750502210733,ejected,,,B,0.9839951657171276,112.29019934435374,0.7996346950531006
ok,0.1,10.0,2.0,63,20759602,1,0,3,False,False,False,1.5732406346769293e-14,True,A,0.5224243787519013,147.03442168863603,ejected,,,ejected,,,ejected,,,0.6860342025756836
ok,0.1,10.0,2.0,64,20767521,1,1,2,True,False,False,2.1259996459844765e-14,True,A,0.3455742716383809,88.7172474011924,ejected,,,ejected,,,B,0.4642286600577771,81.45964375885768,0.866508960723877
ok,0.1,10.0,2.0,65,20775440,2,0,2,False,False,False,1.6582792390651452e-14,True,A,0.5066158350507146,18.554560629266188,A,0.45081408710831744,98.82322709647536,ejected,,,ejected,,,0.8815603256225586
ok,0.1,10.0,2.0,66,20783359,2,1,1,True,False,False,2.232309765106825e-14,True,A,0.40166158610545144,71.91176018083581,A,0.3260419370341176,136.8279127787482,ejected,,,B,0.1938060103569734,109.1931864530551,0.8552994728088379
ok,0.1,10.0,2.0,67,20791278,3,1,0,True,False,False,3.2740445832483635e-14,True,A,0.3574027789271981,65.502047745457,A,0.8945266120042958,113.67007236038832,A,0.6983204239874656,56.723384455120076,B,0.7787158325098751,169.85192612233524,0.932283878326416
ok,0.1,10.0,2.0,68,20799197,1,0,3,False,False,False,1.5732403472500403e-14,True,A,0.1896157744566755,118.93140890221561,ejected,,,ejected,,,ejected,,,0.9127931594848633
ok,0.1,10.0,2.0,69,20807116,1,2,1,True,True,False,1.9984384319513756e-14,True,B,0.6795226587886216,71.71972039830501,A,0.31542259227357894,146.03518500063336,ejected,,,B,0.6012502690749401,96.82009126961808,0.988635778427124
ok,0.1,10.0,2.0,70,20815035,1,1,2,True,False,False,6.952015702435488e-14,True,B,0.6780383296178557,118.0568083434953,A,0.315302505158073,49.22170523572714,ejected,,,ejected,,,1.0789096355438232
ok,0.1,10.0,2.0,71,20822954,1,2,1,True,True,False,0.0,True,A,0.3393230598176848,113.84409224984346,B,0.8968635547159106,57.3428319058065,ejected,,,B,0.5633394853424296,116.93319744869909,0.9117207527160645
ok,0.1,10.0,2.0,72,20830873,3,0,1,False,False,False,1.596626812502943e-13,True,A,0.051801118463670616,94.9179556285751,A,0.4134445498663817,60.41219586847739,A,0.9012994255879249,140.35169113429754,ejected,,,0.9392457008361816
ok,0.1,10.0,2.0,73,20838792,2,0,2,False,False,False,3.018916561482888e-14,True,A,0.05089809829694119,9.449500230840957,A,0.15056278308487828,103.79824806289176,ejected,,,ejected,,,0.8751535415649414
ok,0.1,10.0,2.0,74,20846711,1,0,3,False,False,False,1.3606389946002531e-14,True,A,0.2842848794937764,126.66993393286955,ejected,,,ejected,,,ejected,,,0.9204597473144531
ok,0.1,10.0,2.0,75,20854630,3,0,1,False,False,False,2.019717343139957e-14,True,A,0.4492401241976165,85.22621601632886,A,0.31605621230558845,101.63279415239514,A,0.40084418014016215,46.363376082969886,ejected,,,0.9085140228271484
ok,0.1,10.0,2.0,76,20862549,3,0,1,False,False,False,4.6346786928570813e-14,True,A,0.4555095125700968,38.41121563684949,A,0.5517114990833897,56.657965247511925,A,0.7684470414374348,92.37574717549946,ejected,,,1.1175835132598877
ok,0.1,10.0,2.0,77,20870468,2,0,2,False,False,False,1.722064375824221e-14,True,A,0.0726288919145808,69.17406173402115,ejected,,,ejected,,,A,0.13980083929633563,17.997302758047685,0.8665094375610352
ok,0.1,10.0,2.0,78,20878387,2,1,1,True,False,False,1.7007997609828935e-15,True,B,0.40520433485501095,72.79643428575899,A,0.49530488615203816,144.24904617093915,A,0.7194392304922547,115.42345092518497,ejected,,,0.8617150783538818
ok,0.1,10.0,2.0,79,20886306,2,2,0,True,True,False,4.677201962155143e-15,True,A,0.050313093830719226,9.79745229392933,A,0.488785268771362,23.57362681794905,B,0.8182046474240201,65.23256188201992,B,0.9963714503055789,110.057628433987,0.960686206817627
ok,0.1,10.0,2.0,80,20894225,2,1,1,True,False,False,1.360638651925746e-14,True,A,0.41034791166569756,96.16604811718717,B,0.6866846187458996,95.10490323726776,ejected,,,A,0.8154730403037664,95.06896290347228,0.9978029727935791
ok,0.1,10.0,2.0,81,20902144,1,0,3,False,False,False,2.1260073450890094e-16,True,A,0.4461863600181694,121.2135813005071,ejected,,,ejected,,,ejected,,,0.9052369594573975
ok,0.1,10.0,2.0,82,20910063,3,0,1,False,False,False,1.4882098306280532e-15,True,A,0.3624273079460439,85.69189416544319,A,0.8071709682328175,118.02613196453945,ejected,,,A,0.45916968754368176,21.139510054616096,0.8921034336090088
ok,0.1,10.0,2.0,83,20917982,2,1,1,True,False,False,8.50412706441719e-15,True,A,0.05143330345521281,126.03708494616623,A,0.7195732933175928,77.78190603258774,ejected,,,B,0.9777077822096669,171.27551247736577,0.9819822311401367
ok,0.1,10.0,2.0,84,20925901,3,0,1,False,False,False,2.5511996660749112e-14,True,A,0.27466580889543535,77.64374370500177,A,0.4865455454152751,53.38445691254361,A,0.7056371989465874,106.185903615866,ejected,,,0.875086784362793
ok,0.1,10.0,2.0,85,20933820,1,1,2,True,False,False,1.658283266345672e-14,True,B,0.6072363453889167,124.31564956261414,A,0.5506776870865266,39.809281441948755,ejected,,,ejected,,,1.049170970916748
ok,0.1,10.0,2.0,86,20941739,2,0,2,False,False,False,4.0394056527696045e-15,True,A,0.4223271183811084,118.56687362597846,A,0.8429125529273507,77.04458996347888,ejected,,,ejected,,,0.9073076248168945
ok,0.1,10.0,2.0,87,20949658,2,1,1,True,False,False,1.9559352175898833e-14,True,A,0.24039505028512817,35.43314944923137,A,0.5194374368145366,40.18784383131211,ejected,,,B,0.9236087687468455,121.5743694682319,0.8160514831542969
ok,0.1,10.0,2.0,88,20957577,2,1,1,True,False,False,2.9551386134858524e-14,True,A,0.4859587771486124,78.30895210763222,A,0.5894677617560723,52.370734741157094,B,0.09294256599229757,166.33564371132434,ejected,,,1.0654480457305908
ok,0.1,10.0,2.0,89,20965496,2,0,2,False,False,False,3.5929358652372337e-14,True,A,0.48509674409149217,94.99026201858578,A,0.04480040865917105,41.27629700462892,ejected,,,ejected,,,0.9074890613555908
ok,0.1,10.0,2.0,90,20973415,1,3,0,True,True,False,2.4236373468799487e-14,True,A,0.5125129727892869,147.2785223298494,B,0.21868976231529805,92.13364889382682,B,0.9894724261598695,33.139145415511635,B,0.8344822828109005,150.7085078255839,0.8493669033050537
ok,0.1,10.0,2.0,91,20981334,1,0,3,False,False,False,8.716627577154747e-15,True,A,0.06449295628427913,132.55403836619865,ejected,,,ejected,,,ejected,,,0.8100156784057617
ok,0.1,10.0,2.0,92,20989253,2,0,2,False,False,False,2.126003265929785e-15,True,A,0.7659475145201436,104.41632549309274,A,0.5181932469789854,123.06868007445203,ejected,,,ejected,,,1.0259137153625488
ok,0.1,10.0,2.0,93,20997172,3,1,0,True,False,False,6.348271378324413e-13,True,B,0.41618333176030264,97.63902786838173,A,0.24592637009355098,122.5089107807445,A,0.6042007686023386,39.042081588618856,A,0.2928474147201486,66.10778520157369,0.8552722930908203
ok,0.1,10.0,2.0,94,21005091,2,0,2,False,False,False,2.7000336192056014e-14,True,A,0.2177912963224675,76.95675112950507,ejected,,,ejected,,,A,0.27436569365185726,148.62680816423776,0.8785302639007568
ok,0.1,10.0,2.0,95,21013010,1,2,1,True,True,False,2.3173492674941827e-14,True,A,0.22756785360382,154.09834422859515,B,0.5882753356411655,50.58909379931517,ejected,,,B,0.8852730686045176,110.28542922746567,0.8556685447692871
ok,0.1,20.0,0.5,0,20260705,4,0,0,False,False,False,1.7035633406609903e-12,True,A,0.01643101050073848,91.01553633891899,A,0.018909084627891447,82.16065112242049,A,0.02996011120814661,27.51271667506192,A,0.006992900627649689,131.55064118793965,0.759608268737793
ok,0.1,20.0,0.5,1,20268624,4,0,0,False,False,False,2.2819612364302834e-13,True,A,0.009347009377588833,129.49754019995513,A,0.027423155964101543,56.87947484183539,A,0.028091437926843207,36.70976965383311,A,0.008991978748289489,93.31618252048625,0.7647104263305664
ok,0.1,20.0,0.5,2,20276543,4,0,0,False,False,False,6.490358498828942e-13,True,A,0.01125693244583801,29.288719908941037,A,0.0223485189384803,34.06098373659103,A,0.025044666995652352,45.33570236539931,A,0.014364392400078715,112.68496496310846,0.7633488178253174
ok,0.1,20.0,0.5,3,20284462,4,0,0,False,False,False,2.579105305803197e-13,True,A,0.009867657197885758,39.65113175300496,A,0.018204872019671095,35.22278472185059,A,0.02920424810166306,55.32570136547947,A,0.009972555948178407,130.1986933859667,0.7815792560577393
ok,0.1,10.0,2.0,96,21020929,2,0,2,False,False,False,9.141831811015637e-15,True,A,0.1930377826894425,36.65512169600848,ejected,,,ejected,,,A,0.9749184885686979,124.53041041258243,1.024721622467041
ok,0.1,10.0,2.0,97,21028848,3,0,1,False,False,False,2.111120132176783e-12,True,A,0.3803393977341372,145.82668183442232,A,0.5288023956481814,71.76776647469384,A,0.8100615863997239,110.22984170667216,ejected,,,0.9387941360473633
ok,0.1,10.0,2.0,98,21036767,3,0,1,False,False,False,5.2299833397454125e-14,True,A,0.17286008889063753,112.83577175477159,A,0.7304584946075176,50.6238140262369,A,0.6886622230454151,145.1070998317379,ejected,,,1.0349957942962646
ok,0.1,10.0,2.0,99,21044686,4,0,0,False,False,False,6.424796127687762e-13,True,A,0.5146358055913772,74.08777738795183,A,0.7071889065980727,68.851691767569,A,0.4708770586293524,130.4471657538898,A,0.8987471145689968,69.36146009018799,1.113987684249878
ok,0.1,20.0,0.5,4,20292381,4,0,0,False,False,False,9.368210929408193e-13,True,A,0.01579118757905017,105.4306139115745,A,0.016434531472669784,96.01939732993002,A,0.02402918463237154,105.51589949759868,A,0.007931399883642542,57.902125636737026,0.8322701454162598
ok,0.1,20.0,0.5,5,20300300,4,0,0,False,False,False,2.749729159830306e-13,True,A,0.01345700055117673,38.22235316540994,A,0.027592452132160494,146.66201707436986,A,0.03217091564840493,144.26459981781818,A,0.012860492639466101,115.70526901358942,0.8365967273712158
ok,0.1,20.0,0.5,6,20308219,4,0,0,False,False,False,1.1707549496341594e-12,True,A,0.008801685489858293,62.70313308994558,A,0.01592075223717603,127.22608724061038,A,0.03339496824355048,62.20463325701464,A,0.008752860138433217,62.88421377953094,0.8095052242279053
ok,0.1,20.0,0.5,7,20316138,4,0,0,False,False,False,4.860589637925804e-13,True,A,0.009044399140320522,67.44750503625392,A,0.01807250632241153,107.31169114285406,A,0.03440135248222803,102.80027373661626,A,0.009468937109992264,124.46457126529658,0.8245682716369629
ok,0.1,20.0,0.5,8,20324057,4,0,0,False,False,False,1.5406541510131636e-12,True,A,0.018552320572719726,37.782990982179754,A,0.04191563776554335,83.0459266134609,A,0.02800449725400553,23.492808885606248,A,0.012490871223733433,111.73145845430689,0.7799382209777832
ok,0.1,20.0,0.5,9,20331976,4,0,0,False,False,False,3.6001921468045553e-13,True,A,0.00858962077792497,46.40906356574535,A,0.016693177210477594,123.4957598703306,A,0.02854922547317526,67.58939244595689,A,0.006347364187406018,57.75526102469802,0.7832968235015869
ok,0.1,20.0,0.5,10,20339895,4,0,0,False,False,False,2.08922997830315e-12,True,A,0.007795457722731277,47.4727244138092,A,0.03864841751450725,70.86210909330781,A,0.02820483328681878,37.09045806278795,A,0.01067601908460973,143.65737987924516,0.7773237228393555
ok,0.1,20.0,0.5,11,20347814,4,0,0,False,False,False,2.329989494613162e-12,True,A,0.01922018160105186,54.37668581650562,A,0.03167225780598175,141.99967846495662,A,0.031573053501984076,3.819434566216197,A,0.012217692801884285,106.50617607987571,0.8083362579345703
ok,0.1,20.0,0.5,12,20355733,4,0,0,False,False,False,1.4244729303819329e-12,True,A,0.015547026551085993,80.01189640148789,A,0.012415343673786982,57.941698703937796,A,0.03493061656464384,36.97115066000413,A,0.013128146250321509,29.221821779888447,0.8088233470916748
ok,0.1,20.0,0.5,13,20363652,4,0,0,False,False,False,2.366455671292527e-13,True,A,0.008436808453143159,77.94454521594238,A,0.01798284677949984,50.72213347348137,A,0.028832656753242352,19.642965921770728,A,0.013599878326084702,75.00310917553317,0.7997217178344727
ok,0.1,20.0,0.5,14,20371571,4,0,0,False,False,False,7.000286703244044e-13,True,A,0.009576876384418162,42.2211354178558,A,0.023226456463275112,105.81491063992283,A,0.02892868498823791,72.54514201742789,A,0.007089722410391075,85.84805235808116,0.75608229637146
ok,0.1,20.0,0.5,15,20379490,4,0,0,False,False,False,8.220475316029e-13,True,A,0.0061047572306851036,102.91901267649924,A,0.018870743222588984,75.70856794758751,A,0.028392341488510123,47.548908317991256,A,0.011064029472422361,129.81246735464006,0.8175649642944336
ok,0.1,20.0,0.5,16,20387409,4,0,0,False,False,False,5.725880912725683e-13,True,A,0.017143825514772934,24.776953950964337,A,0.01946340675326797,82.20770614607244,A,0.02887743811361438,10.323307028127694,A,0.01097327622907249,89.93837890682701,0.7974648475646973
ok,0.1,20.0,0.5,17,20395328,4,0,0,False,False,False,2.4095379987894615e-13,True,A,0.01255674520637444,143.19905987762758,A,0.02490032763797779,61.816172193601595,A,0.029406516564314245,33.45534323013033,A,0.012242149969995444,131.63613525584094,0.839092493057251
ok,0.1,20.0,0.5,18,20403247,4,0,0,False,False,False,6.774202892634871e-13,True,A,0.010436805411604851,65.03512482325154,A,0.014520923046332204,156.23123360175853,A,0.028037512479731002,127.83395909295382,A,0.008708012314378566,87.03776349929018,0.8193905353546143
ok,0.1,20.0,0.5,19,20411166,4,0,0,False,False,False,5.96699576245526e-13,True,A,0.009064723264994917,116.50892885317978,A,0.017127674651671178,39.63438581863059,A,0.03247798930320845,85.44490979666438,A,0.009599704785215544,69.90912349801133,0.7688755989074707
ok,0.1,20.0,0.5,20,20419085,4,0,0,False,False,False,1.9418532181801597e-13,True,A,0.014713078851825523,92.33959603386349,A,0.014461002024667647,67.20736123788363,A,0.032615124879381965,158.11854894135215,A,0.008909644454166064,63.180853807661826,0.878424882888794
ok,0.1,20.0,0.5,21,20427004,4,0,0,False,False,False,9.368971216144466e-13,True,A,0.011584840119326053,112.95798609276275,A,0.021437322493962283,56.325739170115284,A,0.03532620538734666,23.098702195285338,A,0.007799884526850576,94.41621919080174,0.9005861282348633
ok,0.1,20.0,0.5,22,20434923,4,0,0,False,False,False,6.376056977339533e-14,True,A,0.01338134394978627,29.454254029331764,A,0.017767549058459783,18.82916980555411,A,0.03196001506418208,84.37053590460332,A,0.01051364722975208,141.68674326084223,0.8358581066131592
ok,0.1,20.0,0.5,23,20442842,4,0,0,False,False,False,4.2797997228091904e-13,True,A,0.011509960678107231,118.68493331343764,A,0.01634858385351129,62.08959549626269,A,0.028822697813825144,50.590313746406146,A,0.012569378362880995,118.6312873461988,0.8296027183532715
ok,0.1,20.0,0.5,24,20450761,4,0,0,False,False,False,1.9730199955844182e-12,True,A,0.010904588807977936,66.45719815703107,A,0.02507235064091294,112.21660278416576,A,0.032500707496440524,114.23540686733385,A,0.014132385750210141,87.18236782269071,0.8281233310699463
ok,0.1,20.0,0.5,25,20458680,4,0,0,False,False,False,5.584164207044982e-13,True,A,0.00484656219498193,48.945641622368825,A,0.015817963842806693,92.51969675102266,A,0.03211193542848571,76.59888433198708,A,0.010806622954616712,107.35671225673165,0.7856698036193848
ok,0.1,20.0,0.5,26,20466599,4,0,0,False,False,False,1.1903369954457964e-12,True,A,0.015995466335501786,102.890110710671,A,0.015868776160001614,62.10821748087777,A,0.025411353832124797,45.1497713498719,A,0.010169399316388406,73.46375479977408,0.8652243614196777
ok,0.1,20.0,0.5,27,20474518,4,0,0,False,False,False,2.1257819602338526e-13,True,A,0.01358821576743685,30.310953894806197,A,0.021386957144291265,130.63648844713308,A,0.0319515131960294,59.806522322018075,A,0.007763989277774839,79.49204830280547,0.9249989986419678
ok,0.1,20.0,0.5,28,20482437,4,0,0,False,False,False,1.0175320075534522e-12,True,A,0.006932744454410202,74.64675680554244,A,0.01858992428992696,97.05436205028033,A,0.030168708136806763,73.98451994557541,A,0.01265596783206736,50.84845723759428,0.8180406093597412
ok,0.1,20.0,0.5,29,20490356,4,0,0,False,False,False,8.079017074877972e-13,True,A,0.015202339482039135,76.65747647936062,A,0.01992265867812417,81.73863376218236,A,0.029523459895341088,114.68412263578685,A,0.010417479287201138,39.27520996299801,0.8026270866394043
ok,0.1,20.0,0.5,30,20498275,4,0,0,False,False,False,2.6645508397497573e-13,True,A,0.010169061077289437,98.69827822997173,A,0.01880220246754885,64.44378284522008,A,0.031633442621323594,63.836526840774305,A,0.012488915753041223,66.60715240097537,0.8081083297729492
ok,0.1,20.0,0.5,31,20506194,4,0,0,False,False,False,1.3223581296768933e-12,True,A,0.007933095598840348,124.44009711814655,A,0.019745912496923538,64.28028997727154,A,0.033569743241546705,158.65244471647674,A,0.010676194143574447,75.3440288401267,0.8519301414489746
ok,0.1,20.0,0.5,32,20514113,4,0,0,False,False,False,1.2469331942366913e-13,True,A,0.015207344752056238,58.25323036456804,A,0.023973267494713194,112.34123075217555,A,0.02667538761358324,74.78860697684581,A,0.008149692894471663,45.995852246908946,0.8297045230865479
ok,0.1,20.0,0.5,33,20522032,4,0,0,False,False,False,1.7432764722904113e-13,True,A,0.014464936174219364,52.467946186223784,A,0.021403046436963443,70.49153918288681,A,0.03433105923453446,130.15237960452063,A,0.012333676384968335,97.31314851345375,0.8226907253265381
ok,0.1,20.0,0.5,34,20529951,4,0,0,False,False,False,4.1385921711977713e-13,True,A,0.02068514663388644,101.45795536078018,A,0.01296924850562257,65.1393480833718,A,0.030593108093179597,44.539451696467026,A,0.015286550537410903,76.77342588354308,0.7795615196228027
ok,0.1,20.0,0.5,35,20537870,4,0,0,False,False,False,4.110383443539782e-13,True,A,0.008573857174819219,70.17294992541918,A,0.01525435848808196,57.38244679753184,A,0.030149959558804198,59.59002563533515,A,0.004465974504567211,110.0473700196194,0.7878551483154297
ok,0.1,20.0,0.5,36,20545789,4,0,0,False,False,False,1.4385817818567943e-12,True,A,0.005996081673063116,65.34872971819284,A,0.015367982224234534,60.043635102056626,A,0.03116958306921836,70.10618528948366,A,0.010909469579253213,53.785859988053225,0.8222317695617676
ok,0.1,20.0,0.5,37,20553708,4,0,0,False,False,False,5.682364763132096e-13,True,A,0.00850103385729787,72.00790546981374,A,0.018191299575064945,115.27954384170421,A,0.032877389943158294,76.80383913057793,A,0.009972552800806509,91.26197055321639,0.8382539749145508
ok,0.1,20.0,0.5,38,20561627,4,0,0,False,False,False,1.7288835560787949e-13,True,A,0.011700519441503628,99.37233746267378,A,0.03585432723006797,51.02264124225119,A,0.03208002681677274,43.68566497412659,A,0.008093194420465522,87.62998418492569,0.7760579586029053
ok,0.1,20.0,0.5,39,20569546,4,0,0,False,False,False,2.422622205969538e-13,True,A,0.014529452057709025,66.25461640267325,A,0.013987822519593466,78.05493317872475,A,0.032111863008997,113.97980311034989,A,0.01161528851691196,70.17565351788787,0.8620939254760742
ok,0.1,20.0,0.5,40,20577465,4,0,0,False,False,False,3.3875375318930213e-13,True,A,0.006255561513368381,119.33322687874109,A,0.029841655933795074,117.07826346506111,A,0.03022161984368318,107.59300759732875,A,0.008290267221340138,101.00250940596642,0.8709044456481934
ok,0.1,20.0,0.5,41,20585384,4,0,0,False,False,False,5.49935358450952e-13,True,A,0.0124111580681453,93.41446561319144,A,0.019454950913449467,84.86661927477522,A,0.03331004159286801,146.43321192717755,A,0.015713160027423557,142.32595129432295,0.771735429763794
ok,0.1,20.0,0.5,42,20593303,4,0,0,False,False,False,5.526933994251503e-13,True,A,0.014919750904630593,44.26238485162694,A,0.03984278966186499,37.42901700404069,A,0.03067996049018915,69.79989402471496,A,0.009566515342689584,70.8877036611264,0.8633925914764404
ok,0.1,20.0,0.5,43,20601222,4,0,0,False,False,False,2.421713032688014e-12,True,A,0.009916352153199453,72.8984621731966,A,0.017255875745805956,62.71171733943541,A,0.03328431341360797,58.67377708476714,A,0.00821414902491825,120.33139313492423,0.8745789527893066
ok,0.1,20.0,0.5,44,20609141,4,0,0,False,False,False,4.2802968671752654e-13,True,A,0.01175054739924312,107.72784922878431,A,0.027368979049059623,62.13192801845665,A,0.03018418802201367,31.284289188769154,A,0.005065858784276132,36.47794584324283,0.7925708293914795
ok,0.1,20.0,0.5,45,20617060,4,0,0,False,False,False,5.810821677189615e-14,True,A,0.006583645656736258,85.83164083705609,A,0.039328540923258666,61.45133260639378,A,0.03339125390639027,72.92842580413894,A,0.007211360355080976,70.39599674883958,0.8345224857330322
ok,0.1,20.0,0.5,46,20624979,4,0,0,False,False,False,3.3160969471330995e-13,True,A,0.017264573008314927,87.4201634902176,A,0.019030920132306693,93.9815704624186,A,0.03142379799935931,98.5560599340958,A,0.012534843023303351,20.285479273132488,0.9401500225067139
ok,0.1,20.0,0.5,47,20632898,4,0,0,False,False,False,4.889946509304782e-13,True,A,0.012340295176800463,63.28588919621889,A,0.015752960717033127,39.50552919499047,A,0.02937287131626183,79.09445072325295,A,0.010565483067923142,41.384071072890855,0.8916323184967041
ok,0.1,20.0,0.5,48,20640817,4,0,0,False,False,False,5.485264199859644e-13,True,A,0.009285202844644595,97.54742798571694,A,0.02487579439569609,147.17382854695168,A,0.031005174290769766,63.69891002365986,A,0.011771381902536248,83.5560714484295,0.7674849033355713
ok,0.1,20.0,0.5,49,20648736,4,0,0,False,False,False,1.849655642229291e-12,True,A,0.011745891570880582,56.13028214673087,A,0.025844814357769603,89.08321541190942,A,0.028329570387866466,35.31177823938299,A,0.00951054831744418,139.51271459373103,0.8180949687957764
ok,0.1,20.0,0.5,50,20656655,4,0,0,False,False,False,9.028835582953856e-13,True,A,0.01093633691244711,37.66119747934737,A,0.02182562149102415,148.2212831421509,A,0.03294424283645045,79.78905266543433,A,0.011194734664473334,67.09795140650449,0.8272912502288818
ok,0.1,20.0,0.5,51,20664574,4,0,0,False,False,False,5.682785481005752e-13,True,A,0.016462404516138496,44.251666660951294,A,0.017756419283701887,30.919641319615483,A,0.030031117214328273,44.45664514301557,A,0.007596036468964149,37.204426258511035,0.8278415203094482
ok,0.1,20.0,0.5,52,20672493,4,0,0,False,False,False,5.669548156100373e-14,True,A,0.020820358094835296,13.581190816645865,A,0.02934426807937197,51.078903867498454,A,0.0272718570810808,53.74538537377548,A,0.010389381190318405,74.43213457292228,0.7693116664886475
ok,0.1,20.0,0.5,53,20680412,4,0,0,False,False,False,1.5589385145255637e-14,True,A,0.01664695204558854,33.86886900793998,A,0.021548248168879,97.6137431883849,A,0.030984314128568904,38.36599521820328,A,0.011429620888258026,61.24460618207119,0.810436487197876
ok,0.1,20.0,0.5,54,20688331,4,0,0,False,False,False,1.9700600932197545e-13,True,A,0.007007312773161288,78.45398685724894,A,0.017252195846162464,76.08098571375764,A,0.030243322462861787,87.89166522519507,A,0.012698396862401354,72.9490376112565,0.7667558193206787
ok,0.1,20.0,0.5,55,20696250,4,0,0,False,False,False,2.0679736717508283e-12,True,A,0.010334940356274285,50.36030828620627,A,0.02178357318124545,101.1879772093576,A,0.028971609851177707,91.71949217355673,A,0.01119298100846672,125.86445151012043,0.8417389392852783
ok,0.1,20.0,0.5,56,20704169,4,0,0,False,False,False,2.337742763124162e-13,True,A,0.003936101181017589,82.1506349234171,A,0.017820241555444285,54.37967171620809,A,0.03271844210939188,72.58431022743498,A,0.01244318785737937,46.23872949360167,0.803356409072876
ok,0.1,20.0,0.5,57,20712088,4,0,0,False,False,False,2.3202844920796786e-12,True,A,0.013297669470233612,65.4016921319188,A,0.017173160429783722,15.12945080409267,A,0.02948439887334309,109.21533232251979,A,0.007392428126156374,61.08236174400677,0.7909266948699951
ok,0.1,20.0,0.5,58,20720007,4,0,0,False,False,False,7.497954517517664e-13,True,A,0.011636111303756233,112.85278537227411,A,0.022647891383459656,62.16264677309881,A,0.02938571278608354,113.984554073756,A,0.011974259406375263,87.25567893113416,0.8565192222595215
ok,0.1,20.0,0.5,59,20727926,4,0,0,False,False,False,8.347351966756513e-13,True,A,0.017380891845316163,115.0850762162961,A,0.00918106207442355,67.41898431509848,A,0.030745681537356642,53.87047610360897,A,0.010343028110460017,94.7217489727033,0.8058915138244629
ok,0.1,20.0,0.5,60,20735845,4,0,0,False,False,False,2.423450352889967e-13,True,A,0.009422106313130287,107.2457304810885,A,0.03222688169796322,52.54463176821005,A,0.030498791785198893,122.75645667954765,A,0.007964948279365674,99.02740002860763,0.7987782955169678
ok,0.1,20.0,0.5,61,20743764,4,0,0,False,False,False,1.095646878278741e-12,True,A,0.0197291419019583,36.749137781725295,A,0.014648324290265496,63.40099201863519,A,0.028599920058250773,60.087879826851164,A,0.012329481733972667,30.48627437804106,0.8086960315704346
ok,0.1,20.0,0.5,62,20751683,4,0,0,False,False,False,1.6893901177233358e-12,True,A,0.011479815838472338,18.462102029282867,A,0.022170449088589155,90.59788680190515,A,0.029189776595688745,98.61943194667937,A,0.012774225287296517,60.55239598530689,0.7740051746368408
ok,0.1,20.0,0.5,63,20759602,4,0,0,False,False,False,3.6850948668287784e-14,True,A,0.004380169147249345,126.76063457879712,A,0.020865212986731704,97.23672363951333,A,0.026186216817720973,103.67318021183453,A,0.009582655881261887,92.28460984767176,0.7842469215393066
ok,0.1,20.0,0.5,64,20767521,4,0,0,False,False,False,7.710469523288884e-13,True,A,0.006977690312988448,74.35125049433204,A,0.017700483617020004,91.6748741619543,A,0.029918694735660823,109.35416142161326,A,0.007628672597277121,61.22491644037832,0.8962557315826416
ok,0.1,20.0,0.5,65,20775440,4,0,0,False,False,False,2.2252815315424627e-13,True,A,0.01452745146038263,31.928992179915333,A,0.01795712484885145,91.21693886040359,A,0.029934924814435937,30.597617734943533,A,0.011200402605401732,66.3671214827205,0.8380577564239502
ok,0.1,20.0,0.5,66,20783359,4,0,0,False,False,False,1.7006329272333958e-13,True,A,0.01199322666184089,53.467946967058445,A,0.0179199706677646,121.7557783892613,A,0.031939376461700655,54.2999765404667,A,0.012735896181972685,115.22759557034871,0.8547916412353516
ok,0.1,20.0,0.5,67,20791278,4,0,0,False,False,False,6.477090787933568e-13,True,A,0.010209303255158704,47.8930078005666,A,0.018065033676814436,126.08731046079072,A,0.03276022811042828,67.9356263397765,A,0.010488361233614352,152.45130180490125,0.86525559425354
ok,0.1,20.0,0.5,68,20799197,4,0,0,False,False,False,6.760764673410603e-13,True,A,0.013450326314338115,118.69175405526754,A,0.019011628076882985,89.45256282937602,A,0.034450615923284536,105.26468660298967,A,0.009280170345417593,100.79642586749415,0.9004349708557129
ok,0.1,20.0,0.5,69,20807116,4,0,0,False,False,False,1.8284319171826545e-13,True,A,0.01611016906489748,87.5008096394457,A,0.03127817481127605,176.5050406308334,A,0.029579836627647214,54.593920820485145,A,0.010740268589398144,88.5109052653011,0.7966086864471436
ok,0.1,20.0,0.5,70,20815035,4,0,0,False,False,False,1.1409931485575983e-12,True,A,0.007994155597764011,34.36594958750674,A,0.017427695631371785,74.13575367231901,A,0.03030484362216077,37.55483525691701,A,0.007129907788687311,100.1311735545425,0.7926909923553467
ok,0.1,20.0,0.5,71,20822954,4,0,0,False,False,False,1.6440823747138588e-13,True,A,0.012523750159265525,102.01867826981113,A,0.01334694226347015,28.362376665141372,A,0.03287863108695254,59.776769767317845,A,0.00801785880413164,43.386940471809034,0.8195550441741943
ok,0.1,20.0,0.5,72,20830873,4,0,0,False,False,False,2.6362527600169907e-13,True,A,0.0053741833328187875,105.63728115854282,A,0.020521129171999913,24.218456432581,A,0.028688428669528466,17.237037671783348,A,0.011538009416864732,168.37996365992157,0.8247034549713135
ok,0.1,20.0,0.5,73,20838792,4,0,0,False,False,False,1.2005399006313519e-12,True,A,0.015957694861171972,3.936445177310088,A,0.014745177210818947,84.19120766314852,A,0.03108673419487286,151.41383658786825,A,0.010968953423400598,130.33689771063948,0.8447408676147461
ok,0.1,20.0,0.5,74,20846711,4,0,0,False,False,False,2.537123368530806e-13,True,A,0.013515390736605567,114.27188960780681,A,0.025958552847365573,99.69090932912223,A,0.030402345054829215,106.57444036300878,A,0.009109364472169706,128.0051311262908,0.7557663917541504
ok,0.1,20.0,0.5,75,20854630,4,0,0,False,False,False,3.9676978360662334e-13,True,A,0.014141087054897084,91.28900028283067,A,0.012010456821844026,118.21249701409144,A,0.03161819966851301,54.58038819565848,A,0.011094601026300055,74.52552296471917,0.8162329196929932
ok,0.1,20.0,0.5,76,20862549,4,0,0,False,False,False,3.070023611324509e-12,True,A,0.011123062408459521,51.88099965830433,A,0.015372951024310159,42.29773064277389,A,0.03499417145251458,72.20384045413714,A,0.010243315444914924,77.78101097000518,0.8323507308959961
ok,0.1,20.0,0.5,77,20870468,4,0,0,False,False,False,6.264304182999564e-13,True,A,0.0056914587486181665,77.76401034614173,A,0.020547697857498888,56.84965428346877,A,0.02730910810264292,50.63073227683538,A,0.009790514411881666,40.796491933895645,0.869420051574707
ok,0.1,20.0,0.5,78,20878387,4,0,0,False,False,False,7.200212872724453e-13,True,A,0.014666187201954254,49.501925083052,A,0.022991455976089335,143.6592320050247,A,0.029746601243061725,97.38245383531942,A,0.01200116738040679,45.46873663667927,0.8373026847839355
ok,0.1,20.0,0.5,79,20886306,4,0,0,False,False,False,3.118155854700874e-13,True,A,0.013417210424973168,17.95190270362505,A,0.014005179975754171,20.289704564512803,A,0.030339936594429084,148.32525696637958,A,0.012107699141727487,101.53619496649462,0.8107247352600098
ok,0.1,20.0,0.5,80,20894225,4,0,0,False,False,False,8.830382539881268e-13,True,A,0.011576661555572961,99.88381357140976,A,0.019760348890936624,133.67219930639436,A,0.02814138937424256,77.78700924367605,A,0.00886668189027999,64.1678887959884,0.8930807113647461
ok,0.1,20.0,0.5,81,20902144,4,0,0,False,False,False,5.328780497195408e-13,True,A,0.007856938988665145,123.75712860991635,A,0.02854284447731989,94.92817587732338,A,0.03220244100494777,106.15002209301139,A,0.009727699394832227,94.59632048032181,0.7904813289642334
ok,0.1,20.0,0.5,82,20910063,4,0,0,False,False,False,1.9697826142734942e-13,True,A,0.015529226441850588,92.05083825943484,A,0.020876493539108164,175.6927190990402,A,0.02929971413180285,98.22633197403039,A,0.00851664628520902,54.4587336609863,0.8421940803527832
ok,0.1,20.0,0.5,83,20917982,4,0,0,False,False,False,5.950538616120479e-13,True,A,0.004847758194628388,118.37264475529837,A,0.03751125798850486,101.66650188074523,A,0.029541208077444186,154.5624424075934,A,0.008496402233376454,175.03660651053306,0.8090264797210693
ok,0.1,20.0,0.5,84,20925901,4,0,0,False,False,False,1.658316319175119e-13,True,A,0.017490774953817605,68.64695730413243,A,0.01811714169891696,44.01385321172494,A,0.026399044508037647,51.44334244920256,A,0.011786530927180799,30.208846574767044,0.8016009330749512
ok,0.1,20.0,0.5,85,20933820,4,0,0,False,False,False,1.0941440062956023e-12,True,A,0.019976024845693403,84.36501574861428,A,0.015314190235962685,42.28944232659964,A,0.030763007875324384,20.57665790327674,A,0.00819281658583359,52.854942395153415,0.7536377906799316
ok,0.1,20.0,0.5,86,20941739,4,0,0,False,False,False,6.519610066059525e-13,True,A,0.0077437279578572394,127.06168065819786,A,0.011705920886671623,79.59114083226561,A,0.029251553623121734,73.85923718286399,A,0.0098112755733452,88.4497154649549,0.7921817302703857
ok,0.1,20.0,0.5,87,20949658,4,0,0,False,False,False,5.809968216559371e-14,True,A,0.010495046874223021,33.39245773400054,A,0.018823660070698273,15.162826224660094,A,0.026513962557075364,48.10257998649013,A,0.010751598745682182,139.2081390468416,0.7779445648193359
ok,0.1,20.0,0.5,88,20957577,4,0,0,False,False,False,5.315164353476233e-13,True,A,0.02037878325279897,85.11227930010601,A,0.01767276965316273,22.701800864746623,A,0.031203760479890673,133.23094970100283,A,0.007352056419475315,103.60184684233843,0.8557770252227783
ok,0.1,20.0,0.5,89,20965496,4,0,0,False,False,False,2.8064577916193866e-13,True,A,0.015888454577767774,97.64313040182657,A,0.019018800032683428,17.343019761850645,A,0.026414682133054878,80.63024562327094,A,0.009670441910015164,38.90872013769677,0.8261013031005859
ok,0.1,20.0,0.5,90,20973415,4,0,0,False,False,False,5.060120866281162e-13,True,A,0.010377747671523246,140.41654428099724,A,0.025566968010775883,96.54765265062157,A,0.031243567223332096,23.40091712404004,A,0.01057373245433444,116.49914397620716,0.8153772354125977
ok,0.1,20.0,0.5,91,20981334,4,0,0,False,False,False,2.8344797154449874e-13,True,A,0.011830148734360732,127.83030151819911,A,0.028229886344929987,56.91552996424345,A,0.032106539940736034,122.63302586467611,A,0.01453894007024146,11.509395547459844,0.7964658737182617
ok,0.1,20.0,0.5,92,20989253,4,0,0,False,False,False,1.0629760262889093e-12,True,A,0.010748976885045157,94.10195001532269,A,0.010728393448856063,123.39497317290966,A,0.03237401326050049,68.44185983245626,A,0.013732977096023535,22.594484777638286,0.771068811416626
ok,0.1,20.0,0.5,93,20997172,4,0,0,False,False,False,4.874991934168899e-13,True,A,0.014554748813486652,45.81016946501704,A,0.024747897871593635,115.14596228587159,A,0.030959719718718904,81.32765314321902,A,0.008649614807184755,21.38553765353701,0.8455133438110352
ok,0.1,20.0,0.5,94,21005091,4,0,0,False,False,False,6.164684276861068e-13,True,A,0.00676874706813008,63.710635951371266,A,0.024695397167709396,99.6361079471369,A,0.03153282066579525,125.90504043657083,A,0.0053812624052460515,161.83443018899416,0.907475471496582
ok,0.1,20.0,0.5,95,21013010,4,0,0,False,False,False,8.233980141567977e-13,True,A,0.010528842122309215,149.01947483513297,A,0.019540726079705806,67.62912333257731,A,0.031508142664808884,143.11311949364074,A,0.014440126511855809,107.14750595191208,0.9116227626800537
ok,0.1,20.0,0.5,96,21020929,4,0,0,False,False,False,2.0691527563500931e-13,True,A,0.0072275268542291654,35.38127371107675,A,0.01802973815268305,88.19677037816037,A,0.029281009514591453,126.62020272513489,A,0.007839696009041696,42.09709521694084,0.8935647010803223
ok,0.1,20.0,0.5,97,21028848,4,0,0,False,False,False,3.0897603354612645e-13,True,A,0.01701832262486612,63.936581624447406,A,0.017721914095177687,60.95264485264176,A,0.033026290644500335,134.68363410013927,A,0.007512256029274471,29.572004895124767,0.9049263000488281
ok,0.1,20.0,0.5,98,21036767,4,0,0,False,False,False,4.59169809813449e-13,True,A,0.005886187464696859,130.55285040023867,A,0.01992289436135998,41.449164008629495,A,0.034436474963103134,111.7175182989596,A,0.011743086839968407,64.41800255198555,0.8622848987579346
ok,0.1,20.0,0.5,99,21044686,4,0,0,False,False,False,1.2188070481060584e-12,True,A,0.007392299629654449,66.92801143450428,A,0.025127302398005872,74.01114384712277,A,0.03291533300161697,106.60319428919547,A,0.013440341439841094,4.947447408236412,0.8015894889831543
ok,0.1,20.0,2.0,0,20260705,4,0,0,False,False,False,2.444650405766427e-11,True,A,0.02309495887950414,90.92632722135126,A,0.6846680520746553,72.01533903824387,A,0.45524965063026523,27.848636278284186,A,0.4149861684594036,87.35512994197961,0.8157508373260498
ok,0.1,20.0,2.0,1,20268624,3,0,1,False,False,False,3.1889993420250703e-15,True,A,0.08927214838663083,132.82736150022797,A,0.7221513887074138,43.3955148347993,ejected,,,A,0.5007529268416928,150.63438219123944,0.9053263664245605
ok,0.1,20.0,2.0,2,20276543,2,1,1,True,False,False,1.0630070485576653e-15,True,A,0.08059041306062716,26.849482982136777,A,0.6186000605574207,32.030002333552815,ejected,,,B,0.8094020451696521,103.24923259783584,0.9129683971405029
ok,0.1,20.0,2.0,3,20284462,2,1,1,True,False,False,4.8260543022721596e-14,True,A,0.1018139992390596,35.42576971917389,A,0.34262940144482407,37.34114301250589,B,0.5191063582491073,97.04774722623938,ejected,,,0.8509812355041504
ok,0.1,20.0,2.0,4,20292381,3,0,1,False,False,False,3.5625458276910225e-12,True,A,0.0627230886692035,102.19084139009252,A,0.5153702340393198,112.31589905508405,ejected,,,A,0.6797958982540584,73.02329990918147,0.9479737281799316
ok,0.1,20.0,2.0,5,20300300,3,0,1,False,False,False,8.716593834171412e-15,True,A,0.04826812825153419,41.12859547911051,A,0.11703631322255804,155.8747607810224,A,0.6063861887362713,116.42921584715586,ejected,,,0.9086244106292725
ok,0.1,20.0,2.0,6,20308219,2,2,0,True,True,False,2.721278599901238e-14,True,A,0.04294489033232549,66.09929278165765,B,0.6037862074417845,51.60065803712955,B,0.7710973250376599,9.596848906510044,A,0.9287250519341,50.66844756084472,0.887890100479126
ok,0.1,20.0,2.0,7,20316138,3,0,1,False,False,False,9.248168011013887e-14,True,A,0.04690683449325754,68.16326342048755,A,0.30667701995963553,105.65025283616056,A,0.6472426189665643,91.97240603909428,ejected,,,0.8947527408599854
ok,0.1,20.0,2.0,8,20324057,4,0,0,False,False,False,2.7000210217267492e-14,True,A,0.04411404477212244,39.85767354524269,A,0.3205877181347822,79.7768325236491,A,0.845625921868973,48.48431152215118,A,0.2815630019889858,157.5894445857434,0.9068920612335205
ok,0.1,20.0,2.0,9,20331976,4,0,0,False,False,False,4.103175760416745e-14,True,A,0.07038839827633286,48.578671889069206,A,0.6201271312970853,123.65073535555182,A,0.7223487472550727,79.2601855915915,A,0.11611627460214669,18.964770524557487,0.9301795959472656
ok,0.1,20.0,2.0,10,20339895,3,0,1,False,False,False,8.29139372208434e-15,True,A,0.024079616751034875,44.29776315003522,A,0.504103757807144,62.91623459227299,A,0.5322066015909079,33.807271302979956,ejected,,,0.9098777770996094
ok,0.1,20.0,2.0,11,20347814,4,0,0,False,False,False,3.1252275145165105e-14,True,A,0.010712151297134723,54.51654851279442,A,0.13696693468456866,131.89863234524262,A,0.7360766128909658,18.897020457627136,A,0.6484248327587976,101.4566500020492,0.9022512435913086
ok,0.1,20.0,2.0,12,20355733,3,0,1,False,False,False,2.1259985054787292e-16,True,A,0.03769682967573308,83.58475088944905,A,0.18615537057586415,62.16107193454546,A,0.814501978099814,32.94051825493356,ejected,,,0.8403353691101074
ok,0.1,20.0,2.0,13,20363652,2,0,2,False,False,False,1.6795542272817797e-14,True,A,0.02812748442309013,78.35834724573573,A,0.6997592549212426,49.42500897405923,ejected,,,ejected,,,0.8902053833007812
ok,0.1,20.0,2.0,14,20371571,3,0,1,False,False,False,4.804797806075186e-14,True,A,0.025040101873113015,43.578479331113336,A,0.05626459238231894,115.8557208732596,A,0.5721515044902972,69.6175211400024,ejected,,,0.8430068492889404
ok,0.1,20.0,2.0,15,20379490,3,0,1,False,False,False,1.615761543150467e-14,True,A,0.012093253781416619,102.56389122134809,A,0.059982743432287274,78.0779692645252,A,0.23700973658799368,37.013635055258405,ejected,,,0.8345632553100586
ok,0.1,20.0,2.0,16,20387409,3,0,1,False,False,False,2.827584651178474e-14,True,A,0.07477936079581803,23.170385805369214,A,0.4599961319314793,86.20210561533302,A,0.6631673874282913,18.87125321660989,ejected,,,0.8362016677856445
ok,0.1,20.0,2.0,17,20395328,2,1,1,True,False,False,8.503996429747667e-15,True,A,0.07013152606826942,146.70307024944483,B,0.2697224802627172,156.13029547161264,A,0.4710409546992897,70.19758947814445,ejected,,,0.8604543209075928
ok,0.1,20.0,2.0,18,20403247,3,0,1,False,False,False,2.3894641733640336e-11,True,A,0.052853269177165395,63.971349200321974,A,0.3488912963540922,153.77924963381756,A,0.2714922302947093,165.71447254493026,ejected,,,0.876025915145874
ok,0.1,20.0,2.0,19,20411166,4,0,0,False,False,False,3.89058213729105e-14,True,A,0.014716940984112246,112.46011523602054,A,0.0995137237368063,40.64170542243752,A,0.7170027796308178,96.5997749551467,A,0.924454155742087,122.75033955820153,0.8734879493713379
ok,0.1,20.0,2.0,20,20419085,3,1,0,True,False,False,3.188995639953832e-14,True,A,0.04146814565732527,93.87325475612211,A,0.016829575989814483,68.89604981919742,A,0.40810017789131947,161.7694911292807,B,0.15758344359366405,56.27380173961722,0.8718218803405762
ok,0.1,20.0,2.0,21,20427004,4,0,0,False,False,False,5.676414878927637e-14,True,A,0.087590349877329,113.17314489516342,A,0.19491388097681464,65.02486896496808,A,0.1306962109506445,29.6552122126773,A,0.704489098474075,37.80774102132144,0.8698530197143555
ok,0.1,20.0,2.0,22,20434923,4,0,0,False,False,False,6.131458300413263e-13,True,A,0.05554089355244243,25.951815908083717,A,0.2571865340971265,25.694039922963213,A,0.6142530656580031,128.03169849745598,A,0.6139905064570844,121.39119573838785,0.8482975959777832
ok,0.1,20.0,2.0,23,20442842,2,1,1,True,False,False,1.0013514900954878e-13,True,A,0.019536297540103477,114.90164515276486,A,0.3786498993581992,64.78903903806616,ejected,,,B,0.7667467325618649,59.50238561967316,0.8468444347381592
ok,0.1,20.0,2.0,28,20482437,3,1,0,True,False,False,9.77964759655705e-15,True,A,0.012826605838992878,76.501490934886,B,0.41495921491440785,72.6911712564197,A,0.5409670149500347,55.056009254419685,A,0.7436719394563334,23.93132248950075,0.8846859931945801
ok,0.1,20.0,2.0,29,20490356,3,0,1,False,False,False,5.95279811149927e-15,True,A,0.06320580862413928,75.26132285259588,A,0.16185891807882144,85.99596822512265,A,0.1430576242163978,64.64194406867465,ejected,,,0.85019850730896
ok,0.1,20.0,2.0,30,20498275,4,0,0,False,False,False,1.8283621842575766e-14,True,A,0.024954394182048856,100.64653499897783,A,0.13158162585558386,62.471124344263735,A,0.3866739628141807,108.44586933312115,A,0.3279410276326563,119.08725974862926,0.8308930397033691
ok,0.1,20.0,2.0,31,20506194,2,0,2,False,False,False,1.828361981514861e-14,True,A,0.024311585625621693,120.50779505439391,A,0.11844202833553442,60.5925573406341,ejected,,,ejected,,,1.038593053817749
ok,0.1,20.0,2.0,24,20450761,2,1,1,True,False,False,3.8717374172861395e-10,True,A,0.007458915407157839,64.5009457629945,A,0.5754648562943591,105.28680200228217,B,0.1255347661021056,83.06936285740964,ejected,,,0.9212877750396729
ok,0.1,20.0,2.0,25,20458680,3,0,1,False,False,False,1.6157625164519516e-14,True,A,0.03987114254392089,52.74118318322852,A,0.45386820580291437,93.9135471701439,ejected,,,A,0.33528606923148263,89.85389787955157,0.9121513366699219
ok,0.1,20.0,2.0,26,20466599,3,1,0,True,False,False,3.848089691578506e-14,True,A,0.033286516388660904,104.82391326538901,B,0.18309167991058595,34.69210480956374,A,0.5486996110204279,60.5369856982169,A,0.9827697428079989,53.041828974702504,0.9797155857086182
ok,0.1,20.0,2.0,27,20474518,3,0,1,False,False,False,1.0842649189639543e-14,True,A,0.01258498083055019,31.114594608257256,A,0.22778195905046755,128.00542668389832,A,0.05630273408663435,59.63002985514199,ejected,,,1.0855348110198975
ok,0.1,20.0,2.0,32,20514113,3,0,1,False,False,False,3.8480997051636475e-14,True,A,0.045358569761081595,60.63358688479214,A,0.18894326660690622,119.33440871883226,ejected,,,A,0.8056250368342092,51.874317421221015,0.9022419452667236
ok,0.1,20.0,2.0,33,20522032,2,0,2,False,False,False,2.5913856154378873e-12,True,A,0.006524570496030027,50.18160203791087,A,0.3891397012409643,66.61143350969071,ejected,,,ejected,,,0.8457701206207275
ok,0.1,20.0,2.0,34,20529951,3,0,1,False,False,False,5.931545232130782e-14,True,A,0.0814163328128432,104.5470476038443,A,0.5209730116030153,59.8965113105735,ejected,,,A,0.8853786542982848,60.713665906706055,1.044562816619873
ok,0.1,20.0,2.0,35,20537870,2,0,2,False,False,False,2.6362390112704696e-14,True,A,0.08466096789636908,71.24648976377598,A,0.1328855552402543,48.680417715837315,ejected,,,ejected,,,1.053478717803955
ok,0.1,20.0,2.0,36,20545789,2,2,0,True,True,False,5.315005269904331e-14,True,A,0.020514361390472084,67.67210403155833,B,0.913126559130444,87.25583767599774,B,0.6311708172198867,91.27700190898636,A,0.9180145233803473,83.339912043647,1.3387506008148193
ok,0.1,20.0,2.0,37,20553708,3,0,1,False,False,False,5.168348516167944e-12,True,A,0.07829434785550966,71.99647507570647,A,0.4233045670411213,129.14040988806235,ejected,,,A,0.7166657774460432,103.0134419759285,0.9414269924163818
ok,0.1,20.0,2.0,38,20561627,3,0,1,False,False,False,2.1472737366890752e-14,True,A,0.026077807281769616,100.6126549674684,A,0.12316436081552226,46.52448024348754,A,0.6747808583322648,82.16365701890602,ejected,,,0.8030829429626465
ok,0.1,20.0,2.0,39,20569546,3,0,1,False,False,False,2.8701471993804274e-14,True,A,0.03941918998184089,65.86556354921656,A,0.05852335061298098,83.64279021963479,ejected,,,A,0.722831836123386,56.957330286013075,0.8353049755096436
ok,0.1,20.0,2.0,40,20577465,3,0,1,False,False,False,5.03861729488921e-14,True,A,0.02635895316491453,120.6461855535429,A,0.30013587679764625,119.76583735437336,A,0.37597663687387617,72.18109717584524,ejected,,,0.9274368286132812
ok,0.1,20.0,2.0,41,20585384,2,2,0,True,True,False,1.3819000092688757e-14,True,A,0.061302523886199424,90.10791549862712,B,0.3710837763301867,117.13198747384259,B,0.8377258858606337,134.33199013179248,A,0.22786812651541477,118.40575153714511,0.805854082107544
ok,0.1,20.0,2.0,42,20593303,4,0,0,False,False,False,2.126011074947292e-15,True,A,0.006647901708731116,43.92753664486886,A,0.17255724074457074,36.16810681927461,A,0.2312838699879682,63.279387761737645,A,0.8705819526169457,107.89929798079329,0.8953373432159424
ok,0.1,20.0,2.0,43,20601222,2,1,1,True,False,False,3.146507003323994e-14,True,A,0.14277745338911974,68.90811860825396,A,0.35002541711409396,72.49256737540254,B,0.8636145115163946,116.45270174779462,ejected,,,1.0739035606384277
ok,0.1,20.0,2.0,44,20609141,3,0,1,False,False,False,4.252004790379644e-16,True,A,0.02323674258258889,109.5777359425219,A,0.2651107709466409,53.15064046259041,A,0.33743499423503776,1.9459321192592798,ejected,,,0.8402185440063477
ok,0.1,20.0,2.0,45,20617060,2,1,1,True,False,False,3.571688112922791e-14,True,A,0.07477179191117093,87.67463908262508,B,0.8625272158406238,65.87651377921786,A,0.3895128282252359,43.60440671543383,ejected,,,1.050797462463379
ok,0.1,20.0,2.0,46,20624979,3,0,1,False,False,False,1.1631840138243003e-11,True,A,0.026447052402264182,83.59943506301616,A,0.5709805424851523,107.28539365686967,ejected,,,A,0.7956545952394372,25.36203364637086,0.9642915725708008
ok,0.1,20.0,2.0,47,20632898,2,2,0,True,True,False,6.1653973298150966e-15,True,A,0.06360645790407798,65.41001824036981,A,0.6574325725448714,30.605414000913495,B,0.38942431331614663,64.25854304107737,B,0.5617005101061274,62.37436669365928,0.8885433673858643
ok,0.1,20.0,2.0,48,20640817,3,0,1,False,False,False,1.977178875165396e-14,True,A,0.08247718057684686,94.10193417372228,A,0.27325731976973566,152.9253400488741,A,0.6273666734579707,62.48741992923216,ejected,,,0.8798165321350098
ok,0.1,20.0,2.0,49,20648736,2,1,1,True,False,False,2.636239914994598e-14,True,A,0.028269117934120232,56.174508062024636,B,0.4931603950672611,93.43383578944847,A,0.5481940050876992,44.84308146168149,ejected,,,0.8890457153320312
ok,0.1,20.0,2.0,50,20656655,3,0,1,False,False,False,2.9763968349617426e-14,True,A,0.00433302768452653,36.92615880033394,A,0.18050600631621871,138.43568120377498,A,0.7159794669334814,48.23430092577911,ejected,,,0.8823745250701904
ok,0.1,20.0,2.0,51,20664574,3,0,1,False,False,False,1.254346835447865e-14,True,A,0.04941149423834082,41.9086161342892,A,0.36602304994297274,33.313231951841196,A,0.4065453454982218,60.251033733364736,ejected,,,0.8686506748199463
ok,0.1,20.0,2.0,52,20672493,3,0,1,False,False,False,5.485075992988639e-14,True,A,0.03539080056787455,10.994267918829692,A,0.15049398142506065,57.376834636431084,A,0.7257791991879714,76.38263689297432,ejected,,,0.8159263134002686
ok,0.1,20.0,2.0,53,20680412,3,0,1,False,False,False,2.42364914447904e-14,True,A,0.08985919754818028,37.288319847732346,A,0.3777896826616685,86.71021514521348,ejected,,,A,0.726627774404114,4.651705698759042,0.8458459377288818
ok,0.1,20.0,2.0,54,20688331,2,2,0,True,True,False,3.018923994386674e-14,True,A,0.04040691300354321,78.0685050548934,A,0.446940514845338,75.70965538730158,B,0.4940227014109677,51.128135492532145,B,0.9767422590516943,150.0932041657157,0.8772261142730713
ok,0.1,20.0,2.0,55,20696250,4,0,0,False,False,False,4.528376200826399e-14,True,A,0.024219470741105403,51.103505980758285,A,0.36378120754159604,87.00407527295981,A,0.07691892760891443,95.50780893469711,A,0.688626211986134,82.58446898483231,0.8657824993133545
ok,0.1,20.0,2.0,56,20704169,3,0,1,False,False,False,2.5724971508604397e-14,True,A,0.0063366795914325084,83.04991458403616,A,0.18997589585182512,64.04161225433903,A,0.5369177629808504,55.16726383606328,ejected,,,0.8365511894226074
ok,0.1,20.0,2.0,57,20712088,3,0,1,False,False,False,2.551197232948757e-14,True,A,0.06400124017080558,63.32748422203493,A,0.012653292428639556,20.40840816376504,A,0.2061536589682876,133.9628881170666,ejected,,,0.8937351703643799
ok,0.1,20.0,2.0,58,20720007,4,0,0,False,False,False,2.742538310840438e-14,True,A,0.04884319368532826,112.86562672834556,A,0.28769203641220614,60.41376184814457,A,0.48384051028427155,119.86792855125206,A,0.7831753226066674,125.35154156852626,0.8887479305267334
ok,0.1,20.0,2.0,59,20727926,4,0,0,False,False,False,2.763811113308894e-15,True,A,0.0758704327724669,115.53037415185028,A,0.2675898741169971,62.388176783713966,A,0.6132334013667964,101.62770515219827,A,0.9259428118362187,114.68908989471245,0.871588945388794
ok,0.1,20.0,2.0,60,20735845,4,0,0,False,False,False,1.8071065509054596e-14,True,A,0.06911486686373035,109.19182321595356,A,0.35852207530716307,57.59816037295453,A,0.6753654862199278,120.93314347230297,A,0.3601080980391296,125.32735298883532,0.8844947814941406
ok,0.1,20.0,2.0,61,20743764,2,0,2,False,False,False,2.7637973474193916e-14,True,A,0.0367348714266742,35.73841236215887,A,0.2860949863798679,62.287240566785705,ejected,,,ejected,,,0.8424756526947021
ok,0.1,20.0,2.0,62,20751683,4,0,0,False,False,False,2.806326373840662e-14,True,A,0.058881364622219406,15.900933198274796,A,0.17528072278248483,97.19352215439365,A,0.27973287887782866,104.72880330214875,A,0.814029380055475,33.391729906536476,0.8103296756744385
ok,0.1,20.0,2.0,63,20759602,2,2,0,True,True,False,2.4236409777771975e-14,True,A,0.06964333634591412,129.51416841795643,A,0.4253756502015411,95.67101246159612,B,0.6052913667809314,148.6265001750793,B,0.13261387546544467,136.49759446872588,0.8333649635314941
ok,0.1,20.0,2.0,64,20767521,3,0,1,False,False,False,2.0761662142982102e-11,True,A,0.03701959416365111,78.35674553820058,A,0.69297334095445,75.57898211510266,A,0.8470493148923458,84.698216439672,ejected,,,1.0782878398895264
ok,0.1,20.0,2.0,65,20775440,3,1,0,True,False,False,2.04095906350726e-14,True,A,0.08742042957627506,28.00497320134145,A,0.15558958142359988,95.86327733379265,B,0.7214476141994766,59.68914061037312,A,0.9440777307965447,142.56598117786683,0.9291958808898926
ok,0.1,20.0,2.0,66,20783359,3,0,1,False,False,False,7.462292643418565e-14,True,A,0.05943202645629313,53.61092880558285,A,0.29244866989344104,124.13943616501788,A,0.6303320004403352,33.548777391193525,ejected,,,0.9143798351287842
ok,0.1,20.0,2.0,67,20791278,3,0,1,False,False,False,3.0614442856252576e-14,True,A,0.04078370792560784,47.601653124512794,A,0.08123155538901285,116.63638425132804,A,0.8645288145043336,40.23872642496067,ejected,,,0.8626656532287598
ok,0.1,20.0,2.0,68,20799197,3,0,1,False,False,False,2.040960450517142e-14,True,A,0.03354906672412762,120.06801063719732,A,0.7818025012232364,96.1772009076143,ejected,,,A,0.26883558943469643,120.14053564774068,1.1063148975372314
ok,0.1,20.0,2.0,69,20807116,2,1,1,True,False,False,5.740195495831672e-15,True,A,0.0443555613165004,86.42813654155299,A,0.08486284483518736,164.77726752357322,B,0.6762671371156027,49.5204055407134,ejected,,,0.9154148101806641
ok,0.1,20.0,2.0,70,20815035,3,0,1,False,False,False,2.036919340860714e-12,True,A,0.06468054476391162,32.25926611698199,A,0.15561977362745738,74.35458079096286,A,0.6439970245164625,68.36844784844611,ejected,,,0.8280043601989746
ok,0.1,20.0,2.0,71,20822954,3,0,1,False,False,False,2.70002336002323e-14,True,A,0.09169135072404817,101.88215095634928,A,0.5193811460264061,41.074922826656895,A,0.715110493938347,90.01945977106584,ejected,,,0.9205727577209473
ok,0.1,20.0,2.0,76,20862549,2,0,2,False,False,False,1.1055196882420961e-14,True,A,0.10646724630386778,48.97705542061003,A,0.24207510996722323,42.059455274932894,ejected,,,ejected,,,0.8077108860015869
ok,0.1,20.0,2.0,77,20870468,4,0,0,False,False,False,2.8046263266260895e-12,True,A,0.036497614727310335,74.66593517120448,A,0.36862005671113873,25.82347983588919,A,0.5540738444001513,52.26387433582112,A,0.5604626655200685,55.22830343287682,0.9128069877624512
ok,0.1,20.0,2.0,78,20878387,3,0,1,False,False,False,7.696118918474498e-14,True,A,0.06978657243425324,46.07723497026689,A,0.05129550652781919,157.51866379561267,A,0.8343109781154863,75.12947561839019,ejected,,,0.8612043857574463
ok,0.1,20.0,2.0,79,20886306,3,0,1,False,False,False,1.2756005351144223e-14,True,A,0.011180443413547589,13.559109720778334,A,0.10559612210407143,21.35220389563207,ejected,,,A,0.3672045823428085,137.24236594919478,0.869877815246582
ok,0.1,20.0,2.0,72,20830873,4,0,0,False,False,False,1.913400973739216e-14,True,A,0.014401329068732809,102.66423798827414,A,0.47492822056403083,32.408709912387714,A,0.6197547223437007,17.636411308646174,A,0.07363808932246042,168.20381404967105,0.8833272457122803
ok,0.1,20.0,2.0,73,20838792,2,1,1,True,False,False,3.7842756898856396e-14,True,A,0.013447614551559661,1.1430422495928043,A,0.0072489743261192775,86.94097202269636,B,0.7187755760002443,101.01622813065644,ejected,,,0.8754925727844238
ok,0.1,20.0,2.0,74,20846711,2,1,1,True,False,False,6.377995287250247e-15,True,A,0.054397176581542146,115.72718615429817,B,0.8783025834284087,72.51253764866448,A,0.8057759505669732,129.46441792662293,ejected,,,1.1079912185668945
ok,0.1,20.0,2.0,75,20854630,3,1,0,True,False,False,4.549679067581029e-14,True,A,0.05112724559423293,89.98770291611993,A,0.4533034754628832,106.90542540637765,B,0.9897574909863911,67.20532849322684,A,0.46717620819148126,41.1609494989055,0.9165968894958496
ok,0.1,20.0,2.0,80,20894225,4,0,0,False,False,False,3.018917009015828e-14,True,A,0.09919922393167634,98.91083988299289,A,0.2671389017706197,137.0353611734586,A,0.5294002597852179,101.40293772007988,A,0.9507221830994309,19.20596554299879,0.8475971221923828
ok,0.1,20.0,2.0,81,20902144,3,1,0,True,False,False,1.1267838929033967e-14,True,A,0.03389901825638224,125.23177608039305,B,0.8694535998370874,118.13366854909104,A,0.6700560076483223,82.36312545389994,A,0.8962076303549268,68.60670526279438,0.9910259246826172
ok,0.1,20.0,2.0,82,20910063,3,0,1,False,False,False,8.333975050968156e-14,True,A,0.0526665440785976,91.4633995755181,A,0.04447441282629669,165.5550215705035,ejected,,,A,0.7353990397590705,61.45320261893585,0.9633963108062744
ok,0.1,20.0,2.0,83,20917982,3,0,1,False,False,False,1.5945238245691038e-14,True,A,0.025058084884310224,119.8599350902918,A,0.19362269791314482,109.64731277299303,A,0.37065464025184025,160.22098529730772,ejected,,,0.8070507049560547
ok,0.1,20.0,2.0,84,20925901,3,1,0,True,False,False,5.187439321172534e-14,True,A,0.038186170450675454,72.6124644295717,A,0.29079507731255144,52.42161964291707,A,0.6427172148478808,103.20479381164782,B,0.9027031555793338,115.14252712834987,0.8515546321868896
ok,0.1,20.0,2.0,85,20933820,3,0,1,False,False,False,6.378012562960771e-16,True,A,0.05933118623346054,81.01639638134216,A,0.18786447872881795,40.694565008132415,A,0.5855010459643547,21.743705933793173,ejected,,,0.8156614303588867
ok,0.1,20.0,2.0,86,20941739,3,0,1,False,False,False,7.993771186595766e-14,True,A,0.0312965465732989,126.1637843066132,A,0.2880805613383575,77.39843978899285,A,0.46025926931736577,58.60035763099204,ejected,,,0.801110029220581
ok,0.1,20.0,2.0,87,20949658,3,0,1,False,False,False,1.7433335634412946e-14,True,A,0.019689644954405932,33.92632615783833,A,0.13700882535975448,21.276647484367,A,0.8105220606179535,51.61630622468177,ejected,,,0.798839807510376
ok,0.1,20.0,2.0,88,20957577,3,0,1,False,False,False,1.5066954930621416e-12,True,A,0.022764269806479134,83.43825613593413,A,0.5995607157196728,29.082050873401865,A,0.1644198088857119,131.30960276471706,ejected,,,0.9079511165618896
ok,0.1,20.0,2.0,89,20965496,4,0,0,False,False,False,3.5504159141429125e-14,True,A,0.03870657511406406,95.43904100889027,A,0.04381723700397011,27.87894522849645,A,0.6383741176617869,99.05478776001783,A,0.7345647877201235,77.87382988190105,0.8547942638397217
ok,0.1,20.0,2.0,90,20973415,3,0,1,False,False,False,1.6370182079224186e-14,True,A,0.026133891967584453,140.46534265592106,A,0.07374349694763793,87.14741941396615,ejected,,,A,0.6336295433302458,98.4164011517669,0.8261759281158447
ok,0.1,20.0,2.0,91,20981334,3,0,1,False,False,False,2.5512080714229774e-14,True,A,0.04075372060031053,130.89435200055175,A,0.37415576649905397,39.45912892902075,A,0.1739543964258072,115.82962946933813,ejected,,,0.8281269073486328
ok,0.1,20.0,2.0,92,20989253,3,0,1,False,False,False,1.7008026128513952e-14,True,A,0.03319249809986649,95.6079940267163,A,0.5932981923590794,140.09475972462977,A,0.9878740637398082,106.1574348375885,ejected,,,0.8568074703216553
ok,0.1,20.0,2.0,93,20997172,3,1,0,True,False,False,2.147271966463757e-14,True,A,0.06267716895686755,42.07142134536653,A,0.48999511319670586,99.69406751214599,A,0.5731942122406921,97.04801386894995,B,0.9196557778032188,138.05009156646156,0.9025287628173828
ok,0.1,20.0,2.0,94,21005091,3,1,0,True,False,False,9.992250401124647e-13,True,A,0.0127992577128922,66.30036144661885,B,0.5806347597037648,153.60843559413175,A,0.5336659505101968,114.74215303861337,A,0.4609530118962272,156.1389305491785,0.9593443870544434
ok,0.1,20.0,2.0,95,21013010,3,0,1,False,False,False,1.4882059515674214e-15,True,A,0.059054256903904465,152.15777739996395,A,0.36578499953587024,72.34490503377371,A,0.7831205726705521,113.2182103027052,ejected,,,0.8696861267089844
ok,0.1,20.0,2.0,96,21020929,3,0,1,False,False,False,3.7630330941627925e-14,True,A,0.04815258193608868,33.98152191009793,A,0.530071500003734,69.68745837104825,A,0.08849704145392423,157.30685409728207,ejected,,,0.919987678527832
ok,0.1,20.0,2.0,97,21028848,2,1,1,True,False,False,1.6582816748601608e-14,True,A,0.03532194512630754,66.49080410358384,A,0.16995932538820974,70.61945242095551,ejected,,,B,0.7900470237675435,65.73849686557047,0.9015882015228271
ok,0.1,20.0,2.0,98,21036767,4,0,0,False,False,False,3.6992565085439676e-14,True,A,0.01919660934230906,127.36510101235547,A,0.645914194725495,37.98144268734934,A,0.39187983842376456,134.1050850758596,A,0.8462438664793772,36.14557386517578,0.8809816837310791
ok,0.1,20.0,2.0,99,21044686,3,0,1,False,False,False,3.3165724549688546e-14,True,A,0.06328324972567205,70.33517519654606,A,0.17327075697102892,75.71250890622369,A,0.09729667460297163,111.09011908282525,ejected,,,0.8392062187194824
ok,0.1,30.0,0.5,0,20260705,4,0,0,False,False,False,1.2443665673191463e-12,True,A,0.016431120450036328,91.01552410907398,A,0.01890973821705651,82.16076569942906,A,0.029960209963419287,27.512512351914616,A,0.006993415077648517,131.55028835852173,0.7464272975921631
ok,0.1,30.0,0.5,1,20268624,4,0,0,False,False,False,7.653783027012722e-13,True,A,0.009346992391226817,129.49752275005147,A,0.027422922540663794,56.87938233449032,A,0.028090832154073875,36.710144597853414,A,0.008991368604374605,93.31707331601746,0.761023998260498
ok,0.1,30.0,0.5,2,20276543,4,0,0,False,False,False,1.2881519389646384e-12,True,A,0.011256931208400803,29.288718753622213,A,0.022348623672707884,34.06096482476948,A,0.02504526277739033,45.33557561099571,A,0.014364388391295202,112.68515018563843,0.7739002704620361
ok,0.1,30.0,0.5,3,20284462,4,0,0,False,False,False,1.4596035523193473e-13,True,A,0.009867696302555596,39.65114043506065,A,0.018205013694611468,35.222737593549226,A,0.029203446546070638,55.32558242238943,A,0.009973139882715346,130.1984295143808,0.7866537570953369
ok,0.1,30.0,0.5,4,20292381,4,0,0,False,False,False,2.67865637703941e-13,True,A,0.015791316101195958,105.43065766588552,A,0.016435902628711026,96.0193195170756,A,0.024030452158801077,105.51608213527773,A,0.00793102055180702,57.90258486430918,0.8716447353363037
ok,0.1,30.0,0.5,5,20300300,4,0,0,False,False,False,3.019032530994003e-13,True,A,0.013457070432232541,38.22237507687676,A,0.027592490429340737,146.66197643612765,A,0.032170030685816135,144.26425339574288,A,0.012860974055507821,115.70571585421318,0.8665823936462402
ok,0.1,30.0,0.5,6,20308219,4,0,0,False,False,False,6.54829039648397e-13,True,A,0.008801701189013933,62.70313402467104,A,0.01592062871598319,127.22597905900298,A,0.033395357521218076,62.204667281226726,A,0.008752679832420354,62.884527101899906,0.8919448852539062
ok,0.1,30.0,0.5,7,20316138,4,0,0,False,False,False,1.232860927869662e-13,True,A,0.009044409229742416,67.44743926582332,A,0.018072636308413513,107.31159216197051,A,0.03440071124122891,102.7999398369235,A,0.00946918369946144,124.46415179873371,0.8298754692077637
ok,0.1,30.0,0.5,8,20324057,4,0,0,False,False,False,1.094190436572234e-12,True,A,0.01855238284308846,37.78295603255603,A,0.04191505480065164,83.04576758575833,A,0.028004347169062978,23.49261889918925,A,0.012490353523212597,111.73128749023738,0.8166031837463379
ok,0.1,30.0,0.5,9,20331976,4,0,0,False,False,False,3.826975903357842e-14,True,A,0.00858960874735052,46.4090534029602,A,0.016692979608499286,123.49569280313663,A,0.028548677172255513,67.58916782375258,A,0.006346655995792703,57.755095585766895,0.8156547546386719
ok,0.1,30.0,0.5,10,20339895,4,0,0,False,False,False,2.008438859970215e-12,True,A,0.007795463723344299,47.47270478917748,A,0.03864843905296087,70.86208844659464,A,0.028206415034730672,37.090244107376,A,0.010676586003468796,143.65701580203313,0.797389030456543
ok,0.1,30.0,0.5,11,20347814,4,0,0,False,False,False,4.2518056483667826e-14,True,A,0.01922020405152926,54.37665285287323,A,0.031672772496833576,141.9997671295553,A,0.03157338222469786,3.8191533603982117,A,0.01221801044025703,106.50664610898814,0.8052928447723389
ok,0.1,30.0,0.5,12,20355733,4,0,0,False,False,False,5.740413299488e-13,True,A,0.015547071956736516,80.01191911195077,A,0.012415368230695273,57.941850592693854,A,0.0349302254877341,36.9715556692506,A,0.013127374074672998,29.22103255031084,0.8611071109771729
ok,0.1,30.0,0.5,13,20363652,4,0,0,False,False,False,7.907079431006031e-13,True,A,0.008436828817954847,77.9444873771292,A,0.017982563599106664,50.72219792926586,A,0.028833832983598394,19.64289647513765,A,0.013600578068268575,75.0037211186487,0.8286230564117432
ok,0.1,30.0,0.5,14,20371571,4,0,0,False,False,False,3.8118970114008545e-13,True,A,0.0095768738103097,42.221083323820906,A,0.023226400562189126,105.81481214796601,A,0.028927429834524197,72.54515360674561,A,0.007088896787793169,85.84743809466819,0.76802659034729
ok,0.1,30.0,0.5,15,20379490,4,0,0,False,False,False,1.0629924976166594e-13,True,A,0.006104730774247056,102.91894758168893,A,0.01887071739153857,75.70867929085614,A,0.028392226923622636,47.549062808559505,A,0.01106402176793697,129.81351377780422,0.8206980228424072
ok,0.1,30.0,0.5,16,20387409,4,0,0,False,False,False,4.535351218324188e-13,True,A,0.017143864363510685,24.777019849841096,A,0.019463472077331997,82.20769563115773,A,0.028877877309928725,10.322827105011998,A,0.010974610340000378,89.93858656403765,0.8323326110839844
ok,0.1,30.0,0.5,17,20395328,4,0,0,False,False,False,1.2898115174528968e-13,True,A,0.012556666687822233,143.19908252495503,A,0.024900566455854468,61.816086323697455,A,0.02940672386178088,33.45494865788804,A,0.012241849366166908,131.63638585975454,0.8133106231689453
ok,0.1,30.0,0.5,18,20403247,4,0,0,False,False,False,6.108120180076742e-13,True,A,0.010436768191195819,65.03517636082749,A,0.014520833352477464,156.2312005730618,A,0.02803718695359699,127.83438995342144,A,0.008707784115991464,87.03702249024126,0.8048350811004639
ok,0.1,30.0,0.5,19,20411166,4,0,0,False,False,False,2.848850709395725e-13,True,A,0.009064733839663141,116.50889892950555,A,0.017127683868493775,39.63445156512619,A,0.03247768771861156,85.44488257370969,A,0.009599998999100304,69.90934940542705,0.7796926498413086
ok,0.1,30.0,0.5,20,20419085,4,0,0,False,False,False,5.471206875179752e-13,True,A,0.014713094362089587,92.33958590377905,A,0.014461042878080917,67.20746255529713,A,0.032614333318767445,158.1187048301506,A,0.008909260607579447,63.18116679452395,0.9000711441040039
ok,0.1,30.0,0.5,21,20427004,4,0,0,False,False,False,1.318175980331275e-13,True,A,0.01158486114487414,112.95797600406428,A,0.021437386885734436,56.32580225087784,A,0.035325653678003194,23.098967082418348,A,0.007799371030083391,94.41589666984396,0.8813164234161377
ok,0.1,30.0,0.5,22,20434923,4,0,0,False,False,False,6.659437291556413e-14,True,A,0.01338108662595727,29.454202615783355,A,0.017765364173757008,18.82900621882268,A,0.03196072574336834,84.37038621883335,A,0.010514320919553129,141.68663900158214,0.8802587985992432
ok,0.1,30.0,0.5,23,20442842,4,0,0,False,False,False,1.2825227650297914e-12,True,A,0.011509891571574978,118.68498461924793,A,0.01634837244969339,62.08967284193667,A,0.028822383982630373,50.59033456716874,A,0.012569781960143226,118.63129418926503,0.860884428024292
ok,0.1,30.0,0.5,24,20450761,4,0,0,False,False,False,7.937436762534608e-14,True,A,0.010904581979180821,66.45718708252241,A,0.025072201184609986,112.21670070644923,A,0.0325012518097958,114.23569466916076,A,0.014132285141083186,87.18333235703837,0.8258042335510254
ok,0.1,30.0,0.5,25,20458680,4,0,0,False,False,False,7.270751876419487e-13,True,A,0.004846525890068828,48.94568274643905,A,0.01581793412539512,92.51981668721955,A,0.03211127969351449,76.59872295684521,A,0.010806253510080263,107.35737705029032,0.8320291042327881
ok,0.1,30.0,0.5,26,20466599,4,0,0,False,False,False,2.9049890947078246e-13,True,A,0.01599546383546844,102.89012357285284,A,0.015868639192561602,62.10839863876084,A,0.025410494520458758,45.149370249303644,A,0.01016932654977137,73.46396004067874,0.8844137191772461
ok,0.1,30.0,0.5,27,20474518,4,0,0,False,False,False,1.516391131982685e-13,True,A,0.013588251005815411,30.310874366206228,A,0.021387183882680516,130.6364257511233,A,0.03195016244174474,59.8067975718056,A,0.007764364687563492,79.49238159065173,0.9182138442993164
ok,0.1,30.0,0.5,28,20482437,4,0,0,False,False,False,1.4171754977092928e-14,True,A,0.0069327855517190735,74.6467579774125,A,0.018589947142573685,97.05447336222855,A,0.03016956624640493,73.9847659958501,A,0.01265589987805821,50.84822128941768,0.83412766456604
ok,0.1,30.0,0.5,29,20490356,4,0,0,False,False,False,1.9701462696002093e-13,True,A,0.015202421364087351,76.65752066404669,A,0.019922535672809317,81.73862294262632,A,0.02952233417042951,114.68417653889071,A,0.010418421039988733,39.275061651477536,0.8794937133789062
ok,0.1,30.0,0.5,30,20498275,4,0,0,False,False,False,5.938546816408911e-13,True,A,0.010169049246916063,98.69828417008344,A,0.018801932070135516,64.44366750008663,A,0.03163388703050854,63.83660108819455,A,0.012488801904229711,66.6067246542054,0.8084440231323242
ok,0.1,30.0,0.5,31,20506194,4,0,0,False,False,False,8.532257169878897e-13,True,A,0.007933122006407478,124.44011599902133,A,0.019745826703449043,64.28029360620945,A,0.033570160188855294,158.65252666040988,A,0.01067659257569006,75.34402159638066,0.9371628761291504
ok,0.1,30.0,0.5,32,20514113,4,0,0,False,False,False,1.544496797737654e-13,True,A,0.015207263052107756,58.25321889760159,A,0.023973108190486498,112.34133771098064,A,0.026675173230458173,74.78885441036789,A,0.008149903588848187,45.99579070071248,0.8879075050354004
ok,0.1,30.0,0.5,33,20522032,4,0,0,False,False,False,9.510069210697388e-13,True,A,0.014465023740824106,52.46790901434381,A,0.021402911926636355,70.49159240723847,A,0.034330569720530155,130.15275394527373,A,0.012334010584043735,97.31300024575907,0.8211917877197266
ok,0.1,30.0,0.5,34,20529951,4,0,0,False,False,False,4.1385921721495687e-13,True,A,0.020685200889095277,101.45799449352093,A,0.01296924099315956,65.1392578491036,A,0.03059306803067111,44.539667743754144,A,0.015286285320943782,76.77375573168226,0.776289701461792
ok,0.1,30.0,0.5,35,20537870,4,0,0,False,False,False,1.3039837134036193e-13,True,A,0.008573787713002507,70.17295655553195,A,0.015254363646760055,57.38231404147511,A,0.030150256878969064,59.58995274036785,A,0.00446661852262055,110.04670695847621,0.9628047943115234
ok,0.1,30.0,0.5,36,20545789,4,0,0,False,False,False,5.102359029137782e-14,True,A,0.005996074208217471,65.34876971583901,A,0.015367631472089999,60.04362466645466,A,0.0311691005583835,70.10615345235826,A,0.010909577125087819,53.786285389960746,0.938291072845459
ok,0.1,30.0,0.5,37,20553708,4,0,0,False,False,False,2.437323539016424e-13,True,A,0.00850104748421998,72.00794844440314,A,0.018191512570954364,115.2793863787677,A,0.032876689671198125,76.80428559939968,A,0.00997216425282584,91.2611314648975,0.9388983249664307
ok,0.1,30.0,0.5,38,20561627,4,0,0,False,False,False,1.1251914294201028e-12,True,A,0.011700529023707872,99.3723075632292,A,0.035854149800110834,51.02255733509434,A,0.032080633471440224,43.686196038964354,A,0.008093569806448686,87.63060095918509,0.8813068866729736
ok,0.1,30.0,0.5,39,20569546,4,0,0,False,False,False,2.125107197933067e-14,True,A,0.014529454259746541,66.25462769049489,A,0.013987934890183462,78.05489146031735,A,0.032112971293294906,113.97951208342836,A,0.011616053490649307,70.17551014619688,0.8478450775146484
ok,0.1,30.0,0.5,40,20577465,4,0,0,False,False,False,1.4825791873784445e-12,True,A,0.006255559572363817,119.33316916334326,A,0.02984164237643424,117.07840123586129,A,0.030221390163275994,107.59274350207131,A,0.008290766525409813,101.00286875622606,1.0475714206695557
ok,0.1,30.0,0.5,41,20585384,4,0,0,False,False,False,1.7235087527431842e-12,True,A,0.012411182519597136,93.41443215633292,A,0.019455018393309743,84.8665085395593,A,0.03330960656751088,146.43329400335364,A,0.015713126335862,142.32582187422176,0.7970280647277832
ok,0.1,30.0,0.5,42,20593303,4,0,0,False,False,False,1.7431099514013229e-13,True,A,0.014919734715798225,44.26246813997157,A,0.039842671904195937,37.42903107146372,A,0.030678777387985728,69.80015296929933,A,0.009566317109662006,70.88680801809285,0.9242227077484131
ok,0.1,30.0,0.5,43,20601222,4,0,0,False,False,False,1.6168370805588501e-12,True,A,0.009916268069689246,72.89844348342879,A,0.017255791230403786,62.711593485588594,A,0.03328570274836186,58.67347134141291,A,0.00821359929590915,120.33189116066085,0.890425443649292
ok,0.1,30.0,0.5,44,20609141,4,0,0,False,False,False,1.034641296020131e-12,True,A,0.011750596382153068,107.72787149049584,A,0.02737020593973391,62.13191088612894,A,0.030184547897750026,31.284458380230046,A,0.0050667626643781044,36.4779236492106,0.8906927108764648
ok,0.1,30.0,0.5,45,20617060,4,0,0,False,False,False,5.144703093226672e-13,True,A,0.006583659505313602,85.8316576033113,A,0.039328260109641404,61.45124333332404,A,0.03339211748951843,72.92866594148067,A,0.007212620212041078,70.39663876560422,0.8332901000976562
ok,0.1,30.0,0.5,46,20624979,4,0,0,False,False,False,3.98215060966473e-13,True,A,0.01726456781609424,87.420200882931,A,0.019030908054943868,93.98152764671045,A,0.03142485589459594,98.55622463839255,A,0.012534012026954677,20.284961738738048,0.9253153800964355
ok,0.1,30.0,0.5,47,20632898,4,0,0,False,False,False,1.662581812562383e-12,True,A,0.012340270786131329,63.285943302571745,A,0.01575311724933823,39.50547846960295,A,0.029372173149136198,79.09440739985203,A,0.010565670613856104,41.384840288261515,0.77836012840271
ok,0.1,30.0,0.5,48,20640817,4,0,0,False,False,False,1.0616183166975142e-12,True,A,0.00928527105465061,97.54739594686555,A,0.024875746590146443,147.17385283582837,A,0.031006661898891206,63.69896974028337,A,0.011772583710479768,83.55635394017004,0.7825510501861572
ok,0.1,30.0,0.5,49,20648736,4,0,0,False,False,False,2.948110142470159e-13,True,A,0.011745928881098643,56.13026961981114,A,0.025845099545132515,89.08314174824525,A,0.028329727403874162,35.311712645223295,A,0.009510074938705136,139.51354167309876,0.8301956653594971
ok,0.1,30.0,0.5,50,20656655,4,0,0,False,False,False,2.1090906352885732e-12,True,A,0.0109363557666873,37.661127832128145,A,0.02182565671875876,148.22138106526424,A,0.03294407310030943,79.78882167174358,A,0.011194073185558016,67.09694553708943,0.8190553188323975
ok,0.1,30.0,0.5,51,20664574,4,0,0,False,False,False,2.394989392161843e-13,True,A,0.016462344948952455,44.251671925582016,A,0.017756354502048072,30.9197040399935,A,0.030031521379516705,44.45652814223328,A,0.007596053709396717,37.2037812105656,0.8028628826141357
ok,0.1,30.0,0.5,52,20672493,4,0,0,False,False,False,2.1260805584735613e-13,True,A,0.02082042034276303,13.581162873322725,A,0.029343958123606673,51.078839184134885,A,0.027271665025503437,53.745080018580936,A,0.01038970695715756,74.43294194060417,0.7729740142822266
ok,0.1,30.0,0.5,53,20680412,4,0,0,False,False,False,2.4092686137309852e-14,True,A,0.016646887372420555,33.86887290009067,A,0.0215481471369152,97.6135809383979,A,0.03098437586555114,38.366516689744515,A,0.011429422112288107,61.24522465637062,0.8165061473846436
ok,0.1,30.0,0.5,54,20688331,4,0,0,False,False,False,1.1721148898499936e-12,True,A,0.007007342934967219,78.45406066618015,A,0.017252177339201105,76.08094081192571,A,0.030244076272535544,87.8921645220768,A,0.012698660957414076,72.94808769270861,0.7644717693328857
ok,0.1,30.0,0.5,55,20696250,4,0,0,False,False,False,5.669564555339893e-13,True,A,0.01033493965746791,50.360278192997065,A,0.021783622595308604,101.18814308953658,A,0.02897143790389178,91.71887216433757,A,0.011193255530830948,125.86522986711118,0.8590989112854004
ok,0.1,30.0,0.5,56,20704169,4,0,0,False,False,False,1.1277837807229089e-12,True,A,0.003936121398862306,82.15066612544491,A,0.017820520298863267,54.37969618208023,A,0.032719086916831605,72.58413349441022,A,0.012443115419715628,46.23857107320792,0.7473404407501221
ok,0.1,30.0,0.5,57,20712088,4,0,0,False,False,False,1.0488763128716612e-13,True,A,0.013297681546473428,65.4016814212435,A,0.01717307703479386,15.129481475846424,A,0.029484061926078033,109.21523157355361,A,0.0073917393416220245,61.08187237943127,0.8013355731964111
ok,0.1,30.0,0.5,58,20720007,4,0,0,False,False,False,5.428575766861698e-13,True,A,0.011636110523033153,112.8527090255083,A,0.022648022646428664,62.16257153505586,A,0.02938635261787082,113.98496302778862,A,0.011974652868731029,87.25447265344161,0.8633768558502197
ok,0.1,30.0,0.5,59,20727926,4,0,0,False,False,False,1.913230076455e-13,True,A,0.017381006639298743,115.08505458313567,A,0.009180770446632,67.41890496711783,A,0.03074657097155922,53.87043483474398,A,0.010343550647930301,94.72133860291096,0.7909972667694092
ok,0.1,30.0,0.5,60,20735845,4,0,0,False,False,False,2.905305976612112e-13,True,A,0.009422094025228572,107.24573757265827,A,0.032226475579358364,52.54472028747843,A,0.030500082425019344,122.75668158526183,A,0.007964005113154636,99.02758395878622,0.8408491611480713
ok,0.1,30.0,0.5,61,20743764,4,0,0,False,False,False,7.710632624440811e-13,True,A,0.01972923032072394,36.749147949012986,A,0.014648597907010055,63.401015376514174,A,0.028598521604825414,60.088164241870736,A,0.012329037225909108,30.48662700305565,0.8322443962097168
ok,0.1,30.0,0.5,62,20751683,4,0,0,False,False,False,1.291136238914653e-12,True,A,0.011479779080494098,18.462066945612754,A,0.02217032395148182,90.59773012040304,A,0.029190507152265566,98.61968473824598,A,0.012774668276046135,60.55345943948108,0.7779219150543213
ok,0.1,30.0,0.5,63,20759602,4,0,0,False,False,False,1.3365555611556659e-12,True,A,0.004380171201914903,126.76068389000831,A,0.020865332258607046,97.23675864653245,A,0.02618587073971624,103.67277526656132,A,0.009582816612540214,92.28398906656156,0.7569084167480469
ok,0.1,30.0,0.5,64,20767521,4,0,0,False,False,False,9.921560047422809e-14,True,A,0.006977692037013124,74.3511991556076,A,0.01770029538685578,91.67502035637064,A,0.02991844310091384,109.3539222476638,A,0.007628748871006351,61.22518524444564,0.8592679500579834
ok,0.1,30.0,0.5,65,20775440,4,0,0,False,False,False,6.519933148753541e-13,True,A,0.014527353842965583,31.92898328104859,A,0.017956944576183333,91.21698715830699,A,0.02993479423971495,30.597446256758776,A,0.011200117168208248,66.36791175341725,0.8192195892333984
ok,0.1,30.0,0.5,66,20783359,4,0,0,False,False,False,1.0062078152147953e-13,True,A,0.011993216193555506,53.46802153043649,A,0.01791991755931129,121.75574836544862,A,0.03193926188930694,54.29997790246448,A,0.012736109863982693,115.22743665483173,0.8254165649414062
ok,0.1,30.0,0.5,67,20791278,4,0,0,False,False,False,4.351131010506585e-13,True,A,0.010209333206774383,47.89308213236857,A,0.01806485438483365,126.08724070116693,A,0.032759291702449365,67.93552809568209,A,0.01048752602539329,152.45093964385984,0.8343760967254639
ok,0.1,30.0,0.5,72,20830873,4,0,0,False,False,False,1.6540360055572031e-12,True,A,0.0053741525956700845,105.63724183561729,A,0.02052127615548653,24.218423063896687,A,0.028687759157172484,17.23735785885971,A,0.01153767569256754,168.38012082865313,0.8274328708648682
ok,0.1,30.0,0.5,73,20838792,4,0,0,False,False,False,2.6434556242632563e-12,True,A,0.015957765731164364,3.9364566653349833,A,0.014744996931337441,84.191007028107,A,0.031085400673819055,151.4136559944601,A,0.01096966267355914,130.33752950611958,0.8482263088226318
ok,0.1,30.0,0.5,74,20846711,4,0,0,False,False,False,7.086936782910875e-15,True,A,0.013515397237444236,114.27191299571948,A,0.0259585762489455,99.69086140128306,A,0.030402561485303126,106.574283157635,A,0.00910907405389074,128.0053860845136,0.7702057361602783
ok,0.1,30.0,0.5,75,20854630,4,0,0,False,False,False,3.330032113036331e-13,True,A,0.014141053152557195,91.2889957619573,A,0.012010192767047807,118.2125077538628,A,0.031616823672233355,54.58031088236876,A,0.011094991019859597,74.52510638990071,0.8524718284606934
ok,0.1,30.0,0.5,68,20799197,4,0,0,False,False,False,1.4301072443074659e-12,True,A,0.01345032532104587,118.69172000656559,A,0.01901164296146233,89.45250635558975,A,0.03445198554261912,105.26462992293736,A,0.009280468384128934,100.79661509546767,1.0134458541870117
ok,0.1,30.0,0.5,69,20807116,4,0,0,False,False,False,5.230165718831306e-13,True,A,0.01611012952927823,87.50085592666292,A,0.03127791320397867,176.5049381676193,A,0.029580816009486435,54.593645411878306,A,0.010740893542905383,88.5106706682386,0.8150279521942139
ok,0.1,30.0,0.5,70,20815035,4,0,0,False,False,False,2.7638964462310256e-13,True,A,0.007994130022182933,34.3659253464935,A,0.017427875278239587,74.1357888479672,A,0.030304958073137735,37.55537768963436,A,0.007129981822984359,100.13059614787684,0.890315055847168
ok,0.1,30.0,0.5,71,20822954,4,0,0,False,False,False,3.713358467200471e-13,True,A,0.012523742668060561,102.01873275798316,A,0.013347219125054691,28.36245831939757,A,0.03287976396017419,59.77709162830421,A,0.008017003924444804,43.38731378451266,0.8684754371643066
ok,0.1,30.0,0.5,76,20862549,4,0,0,False,False,False,2.1827499352989977e-13,True,A,0.011123128698565537,51.88095935849092,A,0.015373017088544421,42.29791352734835,A,0.03499558251013062,72.20384540609604,A,0.01024360679727878,77.78109138433096,0.7865760326385498
ok,0.1,30.0,0.5,77,20870468,4,0,0,False,False,False,1.133810711981746e-14,True,A,0.005691463994129602,77.76397330374445,A,0.020547891059499373,56.84962367878066,A,0.027309659516192845,50.63043194928034,A,0.00979100608115985,40.796479710040686,0.841036319732666
ok,0.1,30.0,0.5,78,20878387,4,0,0,False,False,False,4.663129990439839e-13,True,A,0.01466628631861063,49.50196242499419,A,0.02299158715595427,143.65928156837583,A,0.029747485174131377,97.38285626135942,A,0.012001302268493386,45.46769746634047,0.8109743595123291
ok,0.1,30.0,0.5,79,20886306,4,0,0,False,False,False,1.743332591737769e-13,True,A,0.013417252707033409,17.951891033623824,A,0.014005025825694812,20.289891539016303,A,0.030340953961266105,148.32535326488983,A,0.012107818225602552,101.53533024949904,0.8726000785827637
ok,0.1,30.0,0.5,80,20894225,4,0,0,False,False,False,3.9120153783578956e-13,True,A,0.011576672929980995,99.88385308758605,A,0.01976025787563236,133.67207435204472,A,0.028142218486119964,77.78733781736445,A,0.008866327551409743,64.16730397864123,0.843766450881958
ok,0.1,30.0,0.5,81,20902144,4,0,0,False,False,False,4.5351323375878324e-14,True,A,0.007856955989509232,123.75709250189465,A,0.02854228635600041,94.92820658229314,A,0.0322018254524276,106.14977041373794,A,0.009727914708758731,94.59655521452211,0.785311222076416
ok,0.1,30.0,0.5,82,20910063,4,0,0,False,False,False,5.441701614179099e-13,True,A,0.01552920391734151,92.05089893238018,A,0.020876362611506754,175.6926259830594,A,0.029299631922425007,98.22589302171582,A,0.00851790961597449,54.45849986661757,0.8192284107208252
ok,0.1,30.0,0.5,83,20917982,4,0,0,False,False,False,6.729775816346508e-13,True,A,0.004847691778082897,118.3726208517331,A,0.03751125500586934,101.666618109041,A,0.0295402295507225,154.56250506873218,A,0.008496367263671988,175.03614226592381,0.7736818790435791
ok,0.1,30.0,0.5,84,20925901,4,0,0,False,False,False,8.645922686887144e-13,True,A,0.017490664511228174,68.64695243739922,A,0.018116872438379682,44.013944479900154,A,0.026398814505297016,51.443516162224455,A,0.011786817471582804,30.209038369479437,0.7991366386413574
ok,0.1,30.0,0.5,85,20933820,4,0,0,False,False,False,3.642422403794011e-13,True,A,0.019976093509573016,84.36497219969498,A,0.015314100834928126,42.28947607681443,A,0.030762970825675452,20.57710979885295,A,0.008192904193505553,52.855837670890395,0.7636058330535889
ok,0.1,30.0,0.5,86,20941739,4,0,0,False,False,False,2.3952480457094753e-13,True,A,0.007743704248210022,127.06160960806535,A,0.011706043861011704,79.59126004036038,A,0.029251094361804297,73.8597467171577,A,0.009810745582917302,88.45021705828255,0.7762970924377441
ok,0.1,30.0,0.5,87,20949658,4,0,0,False,False,False,1.5020893442470644e-12,True,A,0.010495028899902451,33.39239949251041,A,0.018823588229111395,15.16266008722713,A,0.026514185230291882,48.10205297165672,A,0.010751469168185764,139.20852999822904,0.7706120014190674
ok,0.1,30.0,0.5,88,20957577,4,0,0,False,False,False,7.256971064181486e-13,True,A,0.020378804743356547,85.11226494950748,A,0.01767303199469886,22.701882610868026,A,0.031205275873608825,133.23109467289476,A,0.007351476509767149,103.60146500984217,0.8910090923309326
ok,0.1,30.0,0.5,89,20965496,4,0,0,False,False,False,2.9028411906154704e-12,True,A,0.015888443810396082,97.64311581555792,A,0.01901866526355892,17.343066965538636,A,0.026414820096200463,80.63033477022142,A,0.009670064993617184,38.908694160423224,0.8438305854797363
ok,0.1,30.0,0.5,90,20973415,4,0,0,False,False,False,2.8914976387629485e-13,True,A,0.010377797854279707,140.41652207331504,A,0.025566750996004965,96.54769475085769,A,0.031242755623333906,23.401265051138974,A,0.010573839401750077,116.49938245394497,0.8087871074676514
ok,0.1,30.0,0.5,91,20981334,4,0,0,False,False,False,1.7559601835823634e-12,True,A,0.011830142402620092,127.83026056976553,A,0.028229678996108336,56.915432255044344,A,0.03210745934755257,122.63347490613637,A,0.014537801259888145,11.508792064260335,0.8193557262420654
ok,0.1,30.0,0.5,92,20989253,4,0,0,False,False,False,6.888084646443777e-13,True,A,0.010749010994301143,94.10188633944291,A,0.0107282637527886,123.3950514374021,A,0.03237409776063201,68.44125462798952,A,0.013734098982904362,22.59480234118275,0.7770192623138428
ok,0.1,30.0,0.5,93,20997172,4,0,0,False,False,False,4.577390684202884e-13,True,A,0.014554769823972932,45.81013534696006,A,0.02474756901472862,115.14594222050945,A,0.030959194420966705,81.32738996439285,A,0.00864917672458523,21.38484196668091,1.0258488655090332
ok,0.1,30.0,0.5,94,21005091,4,0,0,False,False,False,2.0463917474920016e-12,True,A,0.0067687247293365905,63.710658369911116,A,0.024695780147360468,99.63600049355331,A,0.03153333094658461,125.904879650686,A,0.005381438385933026,161.83384152915897,0.931251049041748
ok,0.1,30.0,0.5,95,21013010,4,0,0,False,False,False,8.942584285294411e-13,True,A,0.010528852130551169,149.01946383875887,A,0.019540829397089905,67.62917457563424,A,0.031508564891387626,143.11304209468582,A,0.014441363480393666,107.1480019744295,0.8398327827453613
ok,0.1,30.0,0.5,96,21020929,4,0,0,False,False,False,3.429691556098551e-13,True,A,0.00722751179770569,35.38121168905235,A,0.01803005043652355,88.19671211352023,A,0.029280008166023896,126.62051110046235,A,0.007840199712019609,42.095978181248434,0.8965065479278564
ok,0.1,30.0,0.5,97,21028848,4,0,0,False,False,False,1.3025182329086966e-12,True,A,0.017018362207965907,63.93663866866831,A,0.017721596405232364,60.952709624218826,A,0.033026379290608476,134.6839451941171,A,0.007512178818957662,29.571301622695202,0.8941116333007812
ok,0.1,30.0,0.5,98,21036767,4,0,0,False,False,False,4.251572313455811e-15,True,A,0.0058862013191462986,130.5528701555153,A,0.019923236916759596,41.44920457511104,A,0.034437670529996904,111.71721951076998,A,0.011743550608492422,64.4182344016162,0.8066723346710205
ok,0.1,30.0,0.5,99,21044686,4,0,0,False,False,False,7.482908389793094e-13,True,A,0.007392270919509585,66.92800914643831,A,0.025127186505948047,74.01111685302499,A,0.03291448324817928,106.60303524032598,A,0.013441587557828278,4.946597396791657,0.7722029685974121
ok,0.1,30.0,2.0,0,20260705,3,1,0,True,False,False,1.4882033638054655e-14,True,A,0.027326378102281907,89.88958481272209,A,0.19755179986964921,83.47550724485177,B,0.9013781955046073,90.06046860705524,A,0.17162766096565626,110.61725980954708,0.8174595832824707
ok,0.1,30.0,2.0,1,20268624,4,0,0,False,False,False,3.1911253416569113e-13,True,A,0.0143912063271973,131.02661767961774,A,0.07188563488098364,55.473438426581026,A,0.4778349471072029,48.39614661063323,A,0.8687866210999319,108.64249417578684,0.9221785068511963
ok,0.1,30.0,2.0,2,20276543,3,1,0,True,False,False,1.3606490220854645e-14,True,A,0.019354644114633064,29.02029256376584,A,0.21213112758132532,25.82358396976561,A,0.5467948940571791,24.13522303425076,B,0.6796054987369253,87.00776454110054,0.9154646396636963
ok,0.1,30.0,2.0,3,20284462,4,0,0,False,False,False,6.165443822325569e-14,True,A,0.011646776911744096,38.50832155453094,A,0.06063955985569245,32.21070320682422,A,0.03770621028388575,71.29621733306229,A,0.48066303253286585,152.90533188808314,0.8466029167175293
ok,0.1,30.0,2.0,4,20292381,3,1,0,True,False,False,5.910292654427753e-14,True,A,0.026879443787913293,103.54369478901071,A,0.122023646580879,100.40124901724182,A,0.4585138566306088,104.91932297750861,B,0.5799037103135489,173.6305510733192,0.9258401393890381
ok,0.1,30.0,2.0,5,20300300,3,1,0,True,False,False,8.503993984746881e-16,True,A,0.007689961650126876,40.18347862876868,A,0.03462421266488835,151.96954284120702,A,0.3764006468560628,141.46210845213224,B,0.35067362970667704,75.5738534436542,1.1711502075195312
ok,0.1,30.0,2.0,6,20308219,3,1,0,True,False,False,3.614198140493014e-15,True,A,0.013914030739385201,64.60466443322485,A,0.13184297198417572,126.76294449819824,B,0.15421957049714174,110.96259260691131,A,0.1654749472709432,64.04268864014101,0.8621480464935303
ok,0.1,30.0,2.0,7,20316138,2,0,2,False,False,False,3.40162501569618e-15,True,A,0.009233315009009924,67.88019721304528,A,0.05176247120613937,107.59913065840153,ejected,,,ejected,,,0.8548972606658936
ok,0.1,30.0,2.0,12,20355733,3,0,1,False,False,False,2.3598583411416724e-14,True,A,0.018398331763330333,81.77412323296294,A,0.017761985958769058,59.242634686050366,A,0.21197110762713917,31.25574105358563,ejected,,,0.9828789234161377
ok,0.1,30.0,2.0,13,20363652,3,0,1,False,False,False,2.253579089718261e-14,True,A,0.007800936967875618,78.38910017667199,A,0.4521782411876538,49.59475479355527,ejected,,,A,0.5657357269776286,155.57214104862487,0.8210458755493164
ok,0.1,30.0,2.0,14,20371571,2,1,1,True,False,False,1.4031710406713654e-14,True,A,0.012132810862292634,43.03553629633652,A,0.05002478027991239,111.48530854820116,B,0.8425321455135636,73.57160060452968,ejected,,,0.816230058670044
ok,0.1,30.0,2.0,15,20379490,4,0,0,False,False,False,1.9984419086418052e-14,True,A,0.0059165904349557635,102.95487864471393,A,0.0720330614798106,77.68259171471983,A,0.06447871380977023,45.259379696664155,A,0.4894456832650342,138.2055491289818,0.8023457527160645
ok,0.1,30.0,2.0,8,20324057,4,0,0,False,False,False,3.0882287686969227e-12,True,A,0.030160211154634752,38.99169580582243,A,0.07776630882107778,80.57912628113729,A,0.2746167646015615,43.11125632480976,A,0.6892606897134951,105.96965250119237,1.0612819194793701
ok,0.1,30.0,2.0,9,20331976,4,0,0,False,False,False,2.7999391070197917e-12,True,A,0.005665419899724082,47.2079474973553,A,0.048249682991652304,121.55138946505146,A,0.6930845668053004,92.23040528423674,A,0.7858414825384369,27.641434295440657,0.9296720027923584
ok,0.1,30.0,2.0,10,20339895,3,1,0,True,False,False,2.2960782614733828e-14,True,A,0.01619865255554701,45.67305128407656,A,0.18695279802903345,69.07744368026567,B,0.8657414827316042,86.13569411883046,A,0.6460213041164283,88.9762984921489,0.8630399703979492
ok,0.1,30.0,2.0,11,20347814,2,1,1,True,False,False,4.039409712554166e-15,True,A,0.022542078241760584,54.08493156840963,A,0.0057219619023498505,138.22546515864872,B,0.5030254311597503,91.10451403670574,ejected,,,0.8329441547393799
ok,0.1,30.0,2.0,16,20387409,3,0,1,False,False,False,1.2968621332309513e-14,True,A,0.016653246829051695,23.86239387706268,A,0.10484969875756837,85.47542876431436,A,0.3400763035525242,27.36427475710309,ejected,,,0.8099524974822998
ok,0.1,30.0,2.0,17,20395328,3,0,1,False,False,False,3.2740386254077514e-14,True,A,0.011123705224599557,145.0559957923791,A,0.15195643515940757,59.53299972790564,A,0.6781897370401578,26.868004368532468,ejected,,,0.8356883525848389
ok,0.1,30.0,2.0,18,20403247,4,0,0,False,False,False,1.424426112343388e-14,True,A,0.01459519565772912,64.41336222173635,A,0.1655641335246408,155.7537391534879,A,0.334701298647956,124.44264236207708,A,0.7952796410525247,123.42275505832335,0.8754098415374756
ok,0.1,30.0,2.0,19,20411166,4,0,0,False,False,False,6.3780035035661404e-15,True,A,0.008715656238813273,114.50951743191236,A,0.09847416511399075,38.114410319792185,A,0.13127966902046034,84.19571284547865,A,0.7784236943686643,27.486389838554615,0.8631486892700195
ok,0.1,30.0,2.0,20,20419085,4,0,0,False,False,False,1.3606381397386379e-14,True,A,0.013531586348545616,93.24790923116115,A,0.016113256648079416,67.11995525145139,A,0.6637232210498482,148.67723921782886,A,0.19527935036622387,48.36137823894533,0.8463871479034424
ok,0.1,30.0,2.0,21,20427004,4,0,0,False,False,False,2.976397314782324e-14,True,A,0.0027050892644753383,113.07537722393319,A,0.06024448578101604,60.75815367800177,A,0.12758495498197345,21.292848276162207,A,0.59796576164831,70.59034254959528,0.8283991813659668
ok,0.1,30.0,2.0,22,20434923,4,0,0,False,False,False,1.105533396689733e-14,True,A,0.03336449188633012,27.623203254476426,A,0.1457626124160649,21.121872732425487,A,0.4103303169112064,83.95753254552974,A,0.058228856826105124,133.5330308869581,0.8340516090393066
ok,0.1,30.0,2.0,23,20442842,4,0,0,False,False,False,1.7008093249599928e-15,True,A,0.016044617627029342,116.71763661307578,A,0.22070387729292043,62.89291610738192,A,0.9088530803444896,89.11403678028668,A,0.9825034662163689,47.90261241721046,0.8338193893432617
ok,0.1,30.0,2.0,28,20482437,4,0,0,False,False,False,2.912634175504531e-14,True,A,0.01118464165332193,74.43376120954147,A,0.1681485620050686,103.49721282361868,A,0.5637750106684147,83.90124263397274,A,0.7745294197101278,52.32427811158263,0.8674716949462891
