cluster_name,family,age_gyr,age_bin,ra_cl,dec_cl,dist_cl,C_O_mean,C_O_std,c_fe,o_fe,mg_fe,si_fe,al_fe,ba_fe,eu_fe,ce_fe,y_fe,mn_fe,ni_fe,fe_h
ASCC_16,2,0.0134896323805684,<0.1,81.198,1.655,0.3523608174770965,0.3802,0.14,,,,,,0.0159328952431678,0.2390760481357574,0.028733029961586,-0.0585843361914157,-0.0353233478963375,0.0350805185735225,
ASCC_21,2,0.0089125054671134,<0.1,82.179,3.527,0.34891835310537334,0.3692,0.0831,,,,,,0.1127228662371635,0.2807877361774444,0.0968049988150596,-0.0531487241387367,-0.0304888375103473,0.0471037253737449,
ASCC_29,3,0.0933253849940474,<0.1,103.571,-1.67,1.0593220338983051,0.3783,0.1163,,,,,,0.1672107428312301,0.1674398183822631,0.0847590491175651,-0.0108531760051846,-0.0359271392226219,0.0285014510154724,
ASCC_32,2,0.0251188698309886,<0.1,105.714,-26.512,0.8130081300813008,0.4442,0.1439,,,,,,0.0165743231773376,0.22902312874794,0.0437850654125213,-0.0897124931216239,-0.0365070924162864,0.0669971704483032,
ASCC_41,3,0.2137961713919407,0.1-0.3,116.674,0.137,0.2983293556085919,0.4606,0.0356,,,,,,0.2057958096265792,0.1337392032146453,0.0105833215638995,-0.0137941893190145,-0.0872919261455535,0.0334995798766613,
ASCC_58,4,0.0524807206714521,<0.1,153.657,-55.001,0.4854368932038835,0.3803,0.1192,,,,,,0.0875314101576805,0.198344811797142,0.0581535585224628,0.0214494001120328,0.0023028010036796,0.0548906587064266,
ASCC_66,4,0.0588843629494562,<0.1,168.367,-55.437,1.001001001001001,0.3715,0.1407,,,,,,0.1155989691615104,0.1069938987493515,0.0176803562790155,0.0096403500065207,-0.009823047555983,0.0464134700596332,
ASCC_67,3,0.0371535375952047,<0.1,175.28,-61.013,2.074688796680498,0.3721,0.0745,,,,,,0.1472491472959518,0.1564118713140487,0.0487314239144325,0.0154769802466034,-0.0121443895623087,0.0425954759120941,
ASCC_71,3,0.1288248533293804,0.1-0.3,185.033,-67.509,1.272264631043257,0.378,0.0806,,,,,,0.058362528681755,0.1518816798925399,0.0297915581613779,-0.0772707015275955,-0.044548112899065,0.032163880765438,
ASCC_77,5,0.0812830230578909,<0.1,212.694,-62.331,1.187648456057007,0.4346,0.1084,,,,,,-0.1114221960306167,0.1223808005452156,0.0027460046112537,0.0694797039031982,0.0582915395498275,0.0789803117513656,
ASCC_79,5,0.0186208705488312,<0.1,229.731,-60.798,0.8503401360544218,0.4072,0.133,,,,,,-0.0138014061376452,0.1358521282672882,0.044525172561407,-0.0108101805672049,0.0526899807155132,0.059971697628498,
ASCC_87,5,0.0831763917221371,<0.1,255.658,-28.421,0.7874015748031495,0.2859,0.1325,,,,,,0.1173843070864677,0.1097769737243652,0.0659334287047386,-0.069533921778202,-0.0399529710412025,0.0738245770335197,
ASCC_97,4,0.1122018947073786,0.1-0.3,279.263,-19.139,0.5747126436781609,0.408,0.0926,,,,,,-0.0055359425023198,0.0527283847332,0.0386726260185241,0.0911474525928497,-0.0094586703926324,0.0570113733410835,
ASCC_99,3,0.3548135450617081,0.3-0.5,282.17,-18.488,0.297000297000297,0.3919,0.1499,,,,,,0.1511311680078506,0.2156623303890228,0.0600659623742103,0.0142562184482812,-0.0345326103270053,0.0560285411775112,
Alessi_24,2,0.0724436182787123,<0.1,260.764,-62.693,0.4856726566294317,0.3662,0.1751,,,,,,-0.009439093992114,0.2023493200540542,0.0127206938341259,-0.1100693643093109,-0.0714960098266601,0.0617458187043666,
Alessi_43,3,0.0114815347022194,<0.1,132.631,-41.738,0.9689922480620154,0.3688,0.13,,,,,,0.1060376539826393,0.1838312149047851,0.0377227887511253,-0.0040839822031557,-0.0306418091058731,0.0141696156933903,
Alessi_5,5,0.0676082856622264,<0.1,160.819,-61.081,0.39984006397441024,0.4566,0.0862,,,,,,0.0548818968236446,0.1903991848230362,-0.0974746644496917,-0.0497321896255016,-0.014393669553101,0.063060276210308,
Alessi_59,1,,,103.078,2.196,4.405286343612334,0.3932,0.0984,,,,,,0.2902962267398834,0.254410982131958,0.1964425295591354,0.0406682752072811,-0.0268501192331314,0.0272939633578062,
Alessi_8,5,0.1174896729347291,0.1-0.3,232.408,-51.227,0.676132521974307,0.5612,0.0928,,,,,,-0.1225261092185974,0.1705086827278137,-0.0079098269343376,-0.034122921526432,0.0679346919059753,0.0813052132725715,
Alessi_9,5,0.2818381693478142,0.1-0.3,265.974,-47.028,0.20738282870178348,0.4952,0.1354,,,,,,0.0904152542352676,0.1336796879768371,0.0201677158474922,-0.1310531347990036,-0.0867733582854271,0.0624458491802215,
Alessi_Teutsch_12,5,0.0870963704709874,<0.1,255.421,-58.981,0.6127450980392157,0.3696,0.1664,,,,,,-0.003238684264943,0.199427530169487,0.0035927980206906,-0.0821292176842689,-0.0202973112463951,0.0603239499032497,
Alessi_Teutsch_8,4,0.1174896729347291,0.1-0.3,180.649,-60.935,1.0341261633919339,0.3934,0.1079,,,,,,0.1134396791458129,0.1717391014099121,0.0206417422741651,0.0333370976150035,0.0247305762022733,0.035556361079216,
BH_111,5,0.1949844428490234,0.1-0.3,167.32,-63.834,2.949852507374631,0.4242,0.1069,,,,,,0.0364273376762867,0.1052231043577194,0.0004502472875174,0.0113278124481439,0.0438609793782234,0.0627511739730835,
BH_118,4,1.9054595463785964,1-2,170.765,-58.549,15.384615384615383,0.4248,0.1109,,,,,,0.0787877216935157,0.1108704805374145,-0.0342475995421409,-0.0150991743430495,-2.5428831577301025e-05,0.0549754872918129,
BH_121,3,0.0026302684539632,<0.1,174.661,-63.387,2.5839793281653747,0.3249,0.123,,,,,,0.0774471759796142,0.1726302653551101,0.0190545935183763,0.0019219809910282,-0.012596626766026,0.0422122478485107,
BH_144,5,1.4791086480080835,1-2,198.808,-65.92,22.22222222222222,0.3934,0.1444,,,,,,0.0528727956116199,0.1209552958607673,-0.0115022538229823,-0.0009850896894931,0.0207421258091926,0.0768258720636367,
BH_150,5,0.021877623926123,<0.1,204.506,-63.346,5.617977528089888,0.4303,0.1563,,,,,,-0.0227679815143346,0.0048544183373451,-0.0273218750953674,0.006032436620444,0.0278280135244131,0.0625277459621429,
BH_151,4,0.0158489249640271,<0.1,205.051,-61.731,5.6818181818181825,0.4031,0.0696,,,,,,0.0528872460126876,0.139298141002655,0.0785411447286605,0.130815714597702,-0.0191720947623252,0.0712831690907478,
BH_19,3,0.3090293803866819,0.3-0.5,121.768,-32.355,5.2631578947368425,0.4844,0.1187,,,,,,0.1025206297636032,0.181909367442131,0.076010838150978,-0.0330570898950099,-0.03953717648983,0.05269281193614,
BH_211,5,0.4265796312095559,0.3-0.5,255.535,-41.113,1.9083969465648853,0.5065,0.0596,,,,,,-0.0331850014626979,0.1083841547369957,0.0944185927510261,-0.0253330618143081,0.0665116608142852,0.0431582294404506,
BH_23,3,0.0288403175645028,<0.1,123.449,-36.329,0.4430660168365086,0.3487,0.0501,,,,,,0.1620362401008606,0.1094609424471855,0.0940651670098304,-0.0455297827720642,-0.0658948644995689,0.0395689867436885,
BH_66,1,0.7244353873869618,0.5-1,141.314,-54.719,10.309278350515463,0.3865,0.0738,,,,,,0.1846091151237487,0.1419895738363266,0.1530964821577072,0.0663274750113487,-0.0181214027106761,0.0070571517571806,
BH_72,4,0.2238723104986867,0.1-0.3,142.838,-53.04,9.090909090909092,0.3965,0.0651,,,,,,0.1443399339914322,0.1414398550987243,0.0502458810806274,0.0703502595424652,0.0129448333755135,0.0299321338534355,
BH_84,4,0.1348963238056844,0.1-0.3,150.331,-58.218,5.0,0.4636,0.1246,,,,,,0.0787523314356803,0.1300598084926605,0.1077122464776039,0.0796527191996574,0.0221136920154094,0.0317774973809719,
BH_85,3,2.290865841769215,2-5,150.469,-49.564,9.433962264150944,0.3816,0.1238,,,,,,0.0849701538681984,0.1457243263721466,0.0481265746057033,0.0075297751463949,-0.0212089512497186,0.0451437830924987,
BH_90,3,0.1258926517592568,0.1-0.3,153.064,-58.069,2.710027100271003,0.3852,0.1024,,,,,,0.1037239655852317,0.0307300277054309,0.0364143028855323,0.0049566254019737,-0.0323182456195354,0.0331507697701454,
BH_92,1,0.2137961713919407,0.1-0.3,154.779,-56.425,2.5773195876288657,0.3768,0.1424,,,,,,0.2063990235328674,0.2382551729679107,0.2480722516775131,0.1612243950366974,0.0102928094565868,0.0053762821480631,
BH_99,4,0.0954992627963111,<0.1,159.553,-59.168,0.449438202247191,0.3952,0.1107,,,,,,0.1546831727027893,0.1436281055212021,0.0534872822463512,-0.007859949953854,0.0158341694623231,0.0350461639463901,
Basel_17,3,0.1047129651766653,0.1-0.3,167.65,-59.047,2.2831050228310503,0.2128,0.1139,,,,,,0.1264003366231918,0.1373135298490524,0.0769841223955154,-0.0219437684863805,-0.012516257353127,0.0310346111655235,
Basel_18,4,0.0275422906622152,<0.1,201.967,-62.306,1.968503937007874,0.4333,0.0901,,,,,,0.0305018499493598,0.1894686371088028,0.0501241274178028,0.1004779189825058,-0.0304998327046632,0.0524745769798755,
Basel_8,1,0.069183121399144,<0.1,98.55,8.005,1.6,0.2906,0.1308,,,,,,0.1209765300154686,0.1478448510169983,0.2081109583377838,-0.0032133122440427,-0.056938100606203,0.0115224393084645,
Berkeley_22,1,2.454710856206481,2-5,89.618,7.763,14.492753623188404,0.246,0.0805,,,,,,0.1306461542844772,0.194390594959259,0.0882162079215049,-0.0089772287756204,-0.0542948804795742,0.0155365793034434,
Berkeley_24,1,1.4125363038976315,1-2,99.452,-0.874,6.410256410256411,0.349,0.1112,,,,,,0.2559469044208526,0.232353001832962,0.1986993998289108,0.1644585877656936,-0.068631924688816,0.0191653538495302,
Berkeley_25,3,2.454710856206481,2-5,100.317,-16.487,12.987012987012987,0.1481,0.1369,,,,,,0.0477617867290973,0.1474132686853408,0.0927719101309776,-0.0106708537787199,-0.0333698280155658,0.0263145714998245,
Berkeley_32,1,4.897783461428336,2-5,104.53,6.433,3.571428571428571,0.3408,0.0855,,,,,,0.1425853967666626,0.2671187222003937,0.1553253084421157,-0.0256612282246351,-0.0663278326392173,0.0286699999123811,
Berkeley_39,1,5.62341325190349,>5,116.702,-4.665,4.975124378109452,0.3712,0.0526,,,,,,0.1987693160772323,0.2263047397136688,0.1318085193634033,-0.004717934411019,-0.0688397362828254,0.0089270416647195,
Berkeley_73,2,1.4125363038976315,1-2,95.52,-6.321,7.8125,0.3682,0.0751,,,,,,0.105449840426445,0.2841059267520904,0.2024171948432922,-0.0097360033541917,-0.0299122240394353,0.0364345200359821,
Berkeley_75,3,1.698241862446276,1-2,102.252,-23.999,11.363636363636365,0.4127,0.1216,,,,,,0.0310445539653301,0.1291902214288711,0.0716974884271621,-0.0558319613337516,-0.0576332546770572,0.0245666541159153,
Berkeley_78,1,3.890452816839944,2-5,110.913,5.37,5.347593582887701,0.379,0.0926,,,,,,0.2484692335128784,0.3086907863616943,0.1665621399879455,-0.0125480340793728,-0.0698594078421592,0.0286588054150342,
Bica_3,4,,,276.519,-13.058,2.557544757033248,0.3875,0.1763,,,,,,0.0847029313445091,0.1908529251813888,-0.0386704131960868,0.0166063606739044,0.0455276444554328,0.0307594332844018,
Blanco_1,2,0.1047129651766653,0.1-0.3,0.853,-29.958,0.23752969121140144,0.5102,0.1945,,,,,,-0.0311724822968244,0.3100248575210571,-0.1141843050718307,-0.0835577547550201,-0.0679687038064003,0.0218500215560197,
Bochum_11,1,0.0063095762158615,<0.1,161.769,-60.096,2.570694087403599,0.4034,0.0624,,,,,,0.1473435461521148,0.1149384230375289,0.0752405226230621,0.0432436242699623,-0.0378608144819736,0.0105694513767957,
Bochum_13,1,0.0089125054671134,<0.1,259.333,-35.529,1.7636684303350971,0.2902,0.1884,,,,,,0.1931499689817428,0.1165007203817367,-0.0516027882695198,-0.0443714261054992,-0.1575940251350402,-0.0099393855780363,
Bochum_6,1,0.006456541439665,<0.1,112.992,-19.416,4.016064257028113,0.4265,0.084,,,,,,0.2600822150707245,0.2496100515127182,0.0931336581707,0.2478885650634765,-0.0346209406852722,-0.0105441147461533,
Collinder_115,1,0.0954992627963111,<0.1,101.659,1.776,2.1052631578947367,0.3273,0.077,,,,,,0.1912555396556854,0.2671793401241302,0.1732365190982818,0.0115878414362668,-0.0600462183356285,0.0135593870654702,
Collinder_135,3,0.0263026845396328,<0.1,109.362,-37.044,0.3050640634533252,0.4071,0.0777,,,,,,0.0472886525094509,0.0913082212209701,0.05215385556221,-0.0536361709237098,-0.0422356203198432,0.0356966406106948,
Collinder_140,3,0.0269153374005781,<0.1,110.882,-31.966,0.3855050115651504,0.3963,0.1141,,,,,,0.1230798438191413,0.2023080289363861,0.0921176150441169,-0.0606005825102329,-0.0577366016805172,0.0313596613705158,
Collinder_185,3,0.0616594947701844,<0.1,125.833,-36.349,1.597444089456869,0.3952,0.0854,,,,,,0.1925358325242996,0.1885575056076049,0.0742164924740791,0.0172485988587141,-0.0095145348459482,0.0330716967582702,
Collinder_205,1,0.0045708802901852,<0.1,135.119,-48.984,2.070393374741201,0.5174,0.0435,,,,,,0.2244955599308014,0.235611155629158,0.0868334397673606,0.1959421783685684,0.0123322578147053,0.024806436151266,
Collinder_220,3,0.2344228197592381,0.1-0.3,156.429,-57.922,2.7472527472527473,0.4515,0.0742,,,,,,0.0663745328783989,0.0915494412183761,0.0594306699931621,0.0016860868781805,-0.0575672090053558,0.0259836670011281,
Collinder_261,5,6.309576215861531,>5,189.519,-68.377,3.1746031746031744,0.4496,0.0815,,,,,,-0.0021320912055671,0.0946700200438499,0.046535849571228,-0.0240710452198982,-0.0450465194880962,0.0464032143354415,
Collinder_269,5,0.4168692736211187,0.3-0.5,200.992,-66.204,1.7605633802816902,0.3418,0.1092,,,,,,0.0768192112445831,0.0703025162220001,-0.0315976031124591,-0.0367287471890449,-0.0322018936276435,0.0745152905583381,
Collinder_271,5,0.0616594947701844,<0.1,202.453,-64.199,2.8328611898017,0.4206,0.1039,,,,,,0.0663933604955673,0.1158525049686431,-0.0037786210887134,-0.0006217408808879,0.0247855708003044,0.0621076263487339,
Collinder_277,5,0.9772367059324804,0.5-1,207.058,-66.066,1.7361111111111112,0.3823,0.1335,,,,,,0.0391428396105766,0.1562800109386444,-0.0419935993850231,-0.0151776885613799,-0.0313890539109706,0.0456305034458637,
Collinder_338,4,0.1445439262895664,0.1-0.3,264.483,-37.657,0.6574621959237344,0.4988,0.1083,,,,,,0.0450468584895134,0.1538794338703155,0.0172739624977111,0.0358477905392646,0.0199026726186275,0.054040540009737,
Collinder_359,5,0.0371535375952047,<0.1,270.598,3.26,0.5599104143337066,0.4439,0.1085,,,,,,0.0231492780148983,0.1313312202692031,0.0334349423646926,-0.0541599504649639,-0.0371714159846305,0.0372766368091106,
Collinder_74,1,1.9054595463785964,1-2,87.17,7.374,2.638522427440633,0.4067,0.1202,,,,,,0.1794003993272781,0.1514641195535659,0.1613267511129379,0.0282587446272373,-0.0531240664422512,0.0217979308217763,
Czernik_25,2,0.7413100459583173,0.5-1,93.432,6.953,2.2831050228310503,0.3805,0.039,,,,,,0.1980837732553482,0.3226351737976074,0.0897691622376442,-0.0252770353108644,0.0270146150141954,0.0185396708548069,
Czernik_26,3,0.5248077829311784,0.5-1,97.754,-4.183,16.666666666666668,0.3458,0.0935,,,,,,0.1668086498975753,0.1708142459392547,0.1146910563111305,0.0226974543184041,-0.0003591319837141,0.0270272903144359,
Czernik_30,3,2.8840317564502844,2-5,112.796,-9.945,9.090909090909092,0.3087,0.0746,,,,,,0.0526473335921764,0.1063496991991996,0.0102610317990183,-0.0266520790755748,-0.0893789380788803,0.0371865406632423,
Czernik_39,4,0.1380385355838289,0.1-0.3,286.926,4.337,3.952569169960474,0.5085,0.0872,,,,,,0.092580609023571,0.1275368928909301,0.0182222295552492,0.1089313924312591,0.0879368185997009,0.0570836402475833,
DBSB_43,3,0.0245470816103821,<0.1,150.962,-59.232,5.347593582887701,0.3879,0.0514,,,,,,0.0648297518491745,0.1939286291599273,0.0849325582385063,0.0126171726733446,-0.0237623937427997,0.0357210598886013,
DC_5,4,,,159.996,-59.192,5.05050505050505,0.3779,0.0925,,,,,,0.1476644426584243,0.1030323654413223,0.0313537344336509,-0.0010266912868246,0.0130215864628553,0.0379596389830112,
Danks_1,1,,,198.121,-62.699,6.289308176100628,0.4308,0.0938,,,,,,0.2610118389129638,0.242202877998352,0.0965405628085136,0.1349555104970932,0.0076034255325794,0.0028364518657326,
Dias_2,1,1.7377999128939918,1-2,92.291,4.573,4.761904761904762,0.3125,0.1764,,,,,,0.1848471313714981,0.1909848749637603,0.1669992953538894,-0.0003292135661467,-0.0636803954839706,0.0268210489302873,
Dias_6,5,1.096478099832217,1-2,277.617,-12.33,3.021148036253776,0.4287,0.1172,,,,,,0.0556271448731422,0.1425644010305404,0.065015435218811,-0.0282492823898792,-0.0165128298103809,0.050692118704319,
Dolidze_32,4,0.102329353157667,0.1-0.3,280.26,-4.054,2.155172413793103,0.4347,0.0733,,,,,,0.0328595265746116,0.0977333113551139,0.1584187150001526,0.1185976713895797,6.928344373591244e-05,0.0221468396484851,
ESO_092_05,5,4.466831997992294,2-5,150.801,-64.755,16.39344262295082,0.3036,0.1718,,,,,,0.038892425596714,0.1255149394273758,0.0422248505055904,-0.0868937596678733,-0.0522221438586711,0.0529214963316917,
ESO_130_08,5,0.1778279410038923,0.1-0.3,182.619,-59.479,1.3869625520110958,0.4238,0.096,,,,,,0.0399167388677597,0.2373779863119125,-0.0018334161723032,0.0042141010053455,0.0020494717173278,0.0683463886380195,
ESO_130_13,4,0.0338844319835388,<0.1,185.782,-59.644,2.5906735751295336,0.1908,0.1092,,,,,,-0.0240843445062637,0.1337431669235229,0.0749208107590675,0.0772682949900627,-0.0200981814414262,0.0596180371940135,
ESO_134_12,3,0.1513562312005786,0.1-0.3,221.22,-59.158,2.4096385542168677,0.3092,0.0791,,,,,,0.0655119866132736,0.1750441193580627,-0.0325180366635322,-0.0901948735117912,-0.0619749501347541,0.0217320788651704,
ESO_166_04,5,0.1995263191254866,0.1-0.3,137.602,-53.884,1.1547344110854503,0.3129,0.0779,,,,,,0.0554406754672527,0.195926696062088,-0.0949440002441406,-0.0490566603839397,-0.0636210888624191,0.056219108402729,
ESO_211_03,1,1.288248533293805,1-2,132.897,-50.253,6.289308176100628,0.3852,0.099,,,,,,0.2520290613174438,0.2153277397155761,0.1836101561784744,0.1714765578508377,-0.0136274080723524,0.0012272374005988,
ESO_312_03,4,0.0870963704709874,<0.1,126.123,-41.287,4.385964912280701,0.439,0.134,,,,,,0.128100499510765,0.1479691416025161,0.2051671892404556,0.1181289181113243,0.0195882935076951,0.0253670588135719,
ESO_312_04,1,0.044668369023895,<0.1,126.722,-41.251,6.666666666666667,0.416,0.073,,,,,,0.2247069627046585,0.1962695121765136,0.0550281777977943,0.1202129796147346,0.0271536745131015,0.0073030646890401,
ESO_313_03,3,,,127.907,-41.784,6.134969325153374,0.463,0.1004,,,,,,0.0624124705791473,0.1392376273870468,0.0452141277492046,0.016694288700819,-0.0190745387226343,0.0358750894665718,
ESO_371_25,3,2.041739917404129,2-5,133.248,-35.476,7.462686567164178,0.324,0.0784,,,,,,0.1204665377736091,0.1712240427732467,0.0487332753837108,-0.0063358237966895,-0.0134035740047693,0.0340344421565532,
ESO_518_03,3,1.4125363038976315,1-2,251.76,-25.81,1.76678445229682,0.4802,0.1429,,,,,,0.1270004659891128,0.2021362036466598,0.0417414009571075,-0.0359422601759433,-0.0013482248177751,0.0494389235973358,
ESO_559_13,1,0.6165949477018448,0.5-1,112.176,-20.807,2.5,0.3263,0.1186,,,,,,0.1675177216529846,0.2628841400146484,0.1525844782590866,-0.0103727634996175,-0.0602942258119583,0.0174596831202507,
FSR_0088,1,0.1659587927845761,0.1-0.3,282.667,-4.158,4.291845493562231,0.467,0.0713,,,,,,0.1809085458517074,0.2648336589336395,0.0836642384529113,0.1858540177345276,0.0200273673981428,0.0172225795686244,
FSR_0985,3,0.2570394879669198,0.1-0.3,92.953,7.02,2.1645021645021645,0.2408,0.1029,,,,,,0.0411109440028667,0.1450330764055252,0.0845924392342567,-0.0773282572627067,-0.069144032895565,0.0376042798161506,
FSR_1032,1,,,99.072,4.011,2.1929824561403506,0.3729,0.0932,,,,,,0.2003407478332519,0.3721387386322021,0.4527687728404999,0.1727396696805954,-0.0494885630905628,0.0171342361718416,
FSR_1063,1,0.1096478099832217,0.1-0.3,98.654,-0.265,2.544529262086514,0.3897,0.1367,,,,,,0.2855986654758453,0.230410948395729,0.1971971839666366,0.2131417244672775,0.0015883923042565,-0.00081804493675,
FSR_1171,3,,,105.058,-10.32,4.761904761904762,0.3842,0.0594,,,,,,0.0766133964061737,0.1573531925678253,0.0737264752388,-0.0287818182259798,-0.0241226255893707,0.0432655960321426,
FSR_1211,3,1.2022642234116694,1-2,115.336,-9.607,3.4722222222222223,0.3082,0.1679,,,,,,0.1302124410867691,0.2292288392782211,0.0208330750465393,-0.0446719601750373,-0.0412595197558403,0.0093928351998329,
FSR_1252,1,0.8511386362915022,0.5-1,110.659,-18.703,3.8022813688212924,0.3435,0.0881,,,,,,0.2923564314842224,0.1797388792037964,0.1489344835281372,0.0324952527880668,-0.027329022064805,-0.0038123466074466,
FSR_1253,3,0.2951211041237279,0.1-0.3,111.583,-18.433,4.484304932735426,0.389,0.1017,,,,,,0.1462517976760864,0.2098210006952285,0.0990743562579155,0.0259544849395751,-0.0247108582407236,0.0316384807229042,
FSR_1260,1,0.1412536303897631,0.1-0.3,112.088,-19.679,3.115264797507788,0.4335,0.0744,,,,,,0.1770820319652557,0.1816741675138473,0.1730875074863433,0.0464981906116008,-0.0388432629406452,-0.0088824061676859,
FSR_1297,3,,,110.984,-25.879,1.3262599469496021,0.3917,0.0769,,,,,,0.1198635995388031,0.1907544732093811,0.0509745143353939,-0.0327114947140216,-0.0444664321839809,0.030142368748784,
FSR_1335,1,0.0112201894707378,<0.1,123.012,-28.986,7.633587786259541,0.3347,0.0853,,,,,,0.1541129052639007,0.1898391097784042,0.1075638383626937,-0.0031823408789932,-0.0844894871115684,0.0183012913912534,
FSR_1361,4,0.2884031756450284,0.1-0.3,117.656,-36.401,2.785515320334262,0.4188,0.0622,,,,,,0.0968915149569511,0.1048718318343162,-0.0003536982112564,0.0708348304033279,0.0268548242747783,0.0280343852937221,
FSR_1363,1,0.2238723104986867,0.1-0.3,122.655,-34.616,4.166666666666667,0.4305,0.0743,,,,,,0.271262377500534,0.2370043247938156,0.1828230023384094,0.0496435612440109,-0.0219859834760427,0.0016027431702241,
FSR_1380,4,1.0232935315766702,1-2,122.764,-39.994,3.846153846153846,0.4694,0.1319,,,,,,0.1990708261728286,0.1659015864133834,0.0416798554360866,0.0667656511068344,0.0509843602776527,0.03669985383749,
FSR_1402,3,3.0199485372543653,2-5,136.441,-37.874,5.154639175257731,0.3118,0.1109,,,,,,0.0858861207962036,0.0873959809541702,0.0591322518885135,-0.0399317629635334,-0.0301150009036064,0.038319855928421,
FSR_1407,3,4.07379955757968,2-5,142.445,-33.848,3.6363636363636362,0.2697,0.1789,,,,,,0.0709172710776329,0.1968394517898559,0.0322740897536277,-0.0363672785460948,-0.0414030067622661,0.0501404702663421,
FSR_1419,3,1.621810239813303,1-2,124.711,-47.786,27.77777777777778,0.3458,0.0897,,,,,,0.0460807643830776,0.1811167448759079,0.0665553361177444,-0.0136097427457571,0.0140232592821121,0.0434717647731304,
FSR_1452,4,0.2344228197592381,0.1-0.3,133.332,-47.871,2.7548209366391188,0.4411,0.1141,,,,,,0.1547172367572784,0.1724455505609512,0.0650645792484283,0.0814305022358894,0.0051126861944794,0.0123243825510144,
FSR_1509,2,0.0616594947701844,<0.1,147.006,-55.073,4.291845493562231,0.3572,0.0649,,,,,,0.0495721586048603,0.3470617532730102,0.108543537557125,-0.0233754776418209,0.031379796564579,0.0238579921424388,
FSR_1580,2,,,171.917,-58.471,8.0,0.4268,0.1417,,,,,,0.0406665056943893,0.2310365736484527,0.0267704594880342,-0.026274848729372,0.0300797745585441,0.0494703762233257,
FSR_1586,4,,,170.679,-62.302,4.739336492890995,0.4003,0.0885,,,,,,0.1281362324953079,0.1577335745096206,0.019879575818777,0.0571077689528465,-0.0152730252593755,0.0300374180078506,
FSR_1663,5,1.288248533293805,1-2,205.251,-60.203,3.7037037037037033,0.4657,0.1066,,,,,,0.03105990588665,0.1000873520970344,0.0461133979260921,0.0073991436511278,0.025441849604249,0.0698286518454551,
FSR_1750,5,,,255.523,-38.875,3.952569169960474,0.5219,0.0858,,,,,,-0.1000284999608993,-0.0893532708287239,-0.0929847210645675,-0.0441434159874916,0.0883106812834739,0.0936713889241218,
Ferrero_1,5,0.2511884225153641,0.1-0.3,275.063,-32.338,0.8733624454148472,0.3378,0.1306,,,,,,-0.0957786068320274,0.1240728497505188,-0.0507476553320884,-0.0626496970653534,0.0384728051722049,0.0608513914048671,
Ferrero_11,3,0.2818381693478142,0.1-0.3,93.646,0.637,0.8064516129032259,0.3907,0.0653,,,,,,0.0871050432324409,0.1456944942474365,0.1556515991687774,-0.0319170653820037,-0.0306215602904558,0.0410947352647781,
Graham_1,4,0.0154881682297679,<0.1,164.134,-63.018,4.587155963302752,0.4351,0.1163,,,,,,0.1317408829927444,0.0872289314866066,-0.0969976484775543,0.0683758333325386,-0.0393038392066955,0.0315585285425186,
Gulliver_1,3,1.380385355838289,1-2,161.582,-57.034,3.095975232198142,0.3404,0.097,,,,,,0.0737156644463539,0.0647121518850326,0.0309833977371454,-0.0084644900634884,-0.05093265324831,0.0379979833960533,
Gulliver_13,4,1.0,0.5-1,104.858,-13.254,1.6129032258064517,0.3695,0.1178,,,,,,0.091712050139904,0.2332827448844909,-0.0634807869791984,0.0103843351826071,0.0182957425713539,0.0428641401231288,
Gulliver_14,4,0.602559215586761,0.5-1,259.928,-36.785,1.342281879194631,0.3993,0.1129,,,,,,0.1426061391830444,0.1693930625915527,0.0049636252224445,0.0307701155543327,0.0125147402286529,0.036546804010868,
Gulliver_27,4,0.602559215586761,0.5-1,146.088,-54.117,3.1055900621118013,0.3022,0.0918,,,,,,0.1828629821538925,0.1501372009515762,-0.0162874218076467,0.0510839000344276,-0.0123222768306732,0.0369363203644752,
Gulliver_32,1,1.288248533293805,1-2,98.383,7.478,1.733102253032929,0.4268,0.1118,,,,,,0.1460175365209579,0.2232241183519363,0.2047921866178512,0.0023531992919743,-0.0880357101559639,0.0199755989015102,
Gulliver_34,3,,,167.722,-59.158,4.484304932735426,0.214,0.117,,,,,,0.1109234988689422,0.1373135298490524,0.0769841223955154,-0.03169497102499,-0.0170419719070196,0.0299899447709321,
Gulliver_35,4,0.1548815122441698,0.1-0.3,150.379,-58.198,2.4691358024691357,0.4586,0.1197,,,,,,0.1097492724657058,0.1433215588331222,0.1098013743758201,0.0923670455813407,0.004040693398565,0.0286522060632705,
Gulliver_36,4,0.7413100459583173,0.5-1,123.185,-35.111,1.3793103448275863,0.4206,0.1144,,,,,,0.1505896896123886,0.1296468675136566,0.0332614295184612,0.027948535978794,0.0077172433957457,0.0445619970560073,
Gulliver_39,3,0.6165949477018448,0.5-1,163.697,-58.05,2.9850746268656714,0.4322,0.084,,,,,,0.1054190099239349,0.1237004995346069,0.0600201003253459,0.0042882207781076,-0.0179742444306612,0.0404267497360706,
Gulliver_40,1,0.0416869273621118,<0.1,163.095,-58.394,1.697792869269949,0.4524,0.106,,,,,,0.1904459297657013,0.0845262333750724,0.1030912399291992,0.0900245383381843,-0.0283523481339216,0.0343094542622566,
Gulliver_41,5,,,277.718,-12.429,5.847953216374268,0.4428,0.1152,,,,,,0.040762823075056,0.1231732591986656,0.0650326311588287,-0.0285201705992221,-0.0231242887675762,0.0490083508193492,
Gulliver_46,2,0.0117489801933541,<0.1,186.234,-61.973,5.524861878453039,0.432,0.0716,,,,,,0.1157547086477279,0.2324058711528778,0.0986599773168563,-0.010851465165615,0.0453239157795906,0.0647593215107917,
Gulliver_52,4,0.4786304286528699,0.3-0.5,161.669,-59.508,2.525252525252525,0.4612,0.0836,,,,,,0.0682123228907585,0.1175423860549926,0.0664415881037712,0.0429953671991825,0.0315937139093875,0.0299701299518346,
Gulliver_58,4,0.6606929837429628,0.5-1,191.515,-61.965,2.5125628140703515,0.4492,0.1276,,,,,,0.0472426563501358,0.1217230334877967,0.0813957750797271,-0.0013256984530016,0.0028709627222269,0.0400818660855293,
Gulliver_7,4,0.4786304286528699,0.3-0.5,141.746,-55.127,11.904761904761903,0.3896,0.0543,,,,,,0.2843574583530426,0.186446338891983,0.1061653643846511,-0.0240409653633832,-0.0003517312579788,0.043995413929224,
Gulliver_9,3,0.0177827941003892,<0.1,126.998,-47.929,0.5037783375314862,0.3268,0.1018,,,,,,0.2026925086975097,0.1548961997032165,0.0903259068727493,-0.0036009293980896,-0.0158053897321224,0.0240494851022958,
Haffner_21,4,0.2691536695250797,0.1-0.3,120.288,-27.212,3.4965034965034967,0.3795,0.1124,,,,,,0.0946312993764877,0.1311593800783157,-0.1028140261769294,-0.0046672574244439,0.0079121440649032,0.0434502176940441,
Haffner_26,3,0.5370312303176601,0.5-1,123.911,-30.851,3.3003300330033003,0.3912,0.0891,,,,,,0.1726607978343963,0.2259759753942489,0.1134803295135498,-0.0375023931264877,-0.0077356863766908,0.0295504182577133,
Haffner_4,4,0.4570880290185208,0.3-0.5,106.512,-15.002,4.484304932735426,0.4697,0.0474,,,,,,-0.006791315972805,0.1364471763372421,0.0885540917515754,0.0455290861427784,0.0678934678435325,-0.0012905825860798,
Haffner_9,3,0.3801893295314407,0.3-0.5,111.175,-17.001,2.9673590504451037,0.2758,0.0973,,,,,,0.1499543339014053,0.2308430224657058,0.0575702227652072,0.0440752655267715,-0.0113764209672808,0.036703947931528,
Harvard_13,5,0.8511386362915022,0.5-1,255.999,-48.09,1.2391573729863692,0.5055,0.1319,,,,,,-0.0287984460592269,0.1101644039154052,-0.05014393851161,-0.0102611714974045,0.008925057016313,0.0569586455821991,
Hogg_10,4,,,167.663,-60.385,2.6178010471204187,0.3965,0.1092,,,,,,0.088907204568386,0.1851539462804794,0.0159887298941612,0.1631333529949188,0.0598250739276409,0.028612196445465,
Hogg_17,4,0.1479108648008083,0.1-0.3,218.459,-61.326,2.4570024570024573,0.4292,0.1332,,,,,,0.1422285735607147,0.1787465810775756,0.0386976674199104,0.1182995662093162,-0.0020271409302949,0.0255697388201951,
Hogg_18,2,0.2630268453963283,0.1-0.3,222.716,-52.271,1.773049645390071,0.3074,0.1381,,,,,,0.0058687585406005,0.2129175066947937,0.0581455715000629,-0.0885812491178512,-0.0376850292086601,0.0698883980512619,
Hogg_4,1,1.4791086480080835,1-2,149.424,-54.612,4.761904761904762,0.3976,0.0889,,,,,,0.206065759062767,0.1282224208116531,0.1005995348095893,0.0637831166386604,-0.0112714804708957,0.0066248760558664,
IC_2391,4,0.0288403175645028,<0.1,130.292,-52.991,0.15192950470981464,0.4024,0.0942,,,,,,0.0786501169204711,0.2559814155101776,-0.037679623812437,0.0145081495866179,-0.0085239754989743,0.0417824536561965,
IC_2395,2,0.0204173767566041,<0.1,130.531,-48.09,0.7251631617113851,0.3474,0.1385,,,,,,0.3010694682598114,0.3990612924098968,0.1740756630897522,-0.0254574846476316,-0.0406695939600467,0.0313875749707222,
IC_2581,3,0.0102329353157667,<0.1,156.867,-57.626,2.8409090909090913,0.442,0.076,,,,,,0.0724366456270217,0.1081947162747383,0.0366888642311096,-0.0173574071377515,-0.0240607783198356,0.0260462164878845,
IC_2602,3,0.0363078006932764,<0.1,160.613,-64.426,0.15241579027587257,0.3778,0.0937,,,,,,0.161877229809761,0.2051895707845688,0.0260347258299589,0.0493455417454242,-0.0177978686988353,0.0391684398055076,
IC_2714,3,0.5248077829311784,0.5-1,169.373,-62.719,1.3908205841446455,0.3809,0.0677,,,,,,0.1067507937550544,0.0854666009545326,0.0570423044264316,0.0519997924566268,-0.0719615891575813,0.0099309338256716,
IC_2948,4,0.006456541439665,<0.1,174.822,-63.44,2.5773195876288657,0.3295,0.1311,,,,,,0.0525654666125774,0.1478709727525711,-0.0242697391659021,0.0367665439844131,0.0023993765935301,0.0333791710436344,
IC_4651,5,1.6595879278457617,1-2,261.212,-49.917,0.9469696969696969,0.3441,0.1392,,,,,,-0.012192653492093,0.1176893562078476,0.033187061548233,-0.1144772917032241,-0.0089973788708448,0.0732973739504814,
IC_4665,2,0.0331131106939867,<0.1,266.554,5.615,0.3486750348675035,0.2959,0.1612,,,,,,-0.0080817453563213,0.2856786251068115,-0.0187200028449296,-0.0772480890154838,-0.0659506395459175,0.0646368339657783,
IC_4756,5,1.288248533293805,1-2,279.649,5.435,0.4777830864787387,0.4346,0.1374,,,,,,0.0296002719551324,0.1510235369205474,-0.0149594852700829,-0.0112054524943232,-0.0125376060605049,0.0629978254437446,
Ivanov_8,3,,,124.794,-35.658,11.363636363636365,0.3205,0.1327,,,,,,0.137273758649826,0.1361689567565918,0.0253875609487295,0.0003207875415682,-0.0474710427224636,0.0400728993117809,
Juchert_10,4,,,220.049,-60.375,9.345794392523365,0.4778,0.1109,,,,,,0.1881489306688308,0.100151278078556,-0.0757315903902053,0.0300423875451087,0.1259645521640777,0.0451916866004467,
Juchert_13,4,2.290865841769215,2-5,180.431,-64.099,3.64963503649635,0.3665,0.0789,,,,,,0.1963933855295181,0.1617458313703537,0.1130819395184516,0.0189185328781604,0.052967932075262,0.0466043129563331,
Kronberger_25,4,,,275.667,-14.727,3.731343283582089,0.3676,0.1245,,,,,,-0.0354172624647617,0.1910340934991836,0.0625081583857536,0.1248795017600059,0.0482054464519023,0.040290355682373,
LP_1540,4,1.621810239813303,1-2,170.219,-59.302,2.8901734104046244,0.4922,0.1447,,,,,,0.0846671909093856,0.1830440610647201,0.0476800687611103,0.1092131286859512,0.0111148357391357,0.0294448398053646,
LP_198,1,0.2570394879669198,0.1-0.3,112.127,-20.107,3.597122302158273,0.3816,0.1063,,,,,,0.2453957498073578,0.2387646436691284,0.1786043792963028,0.0350669994950294,-0.042861308902502,0.0005841782549396,
LP_1994,5,0.7244353873869618,0.5-1,191.005,-58.096,1.996007984031936,0.4418,0.1162,,,,,,0.085931658744812,0.1511164605617523,0.0068949116393923,-0.036967821419239,-0.0324069708585739,0.0546257495880126,
LP_2059,3,0.2691536695250797,0.1-0.3,153.233,-60.885,2.1186440677966103,0.3973,0.0799,,,,,,0.1561353802680969,0.1761445105075836,0.0484286025166511,-0.0371398478746414,-0.0072096781805157,0.040519792586565,
LP_2068,5,0.2238723104986867,0.1-0.3,283.967,-5.094,1.9880715705765408,0.5448,0.0864,,,,,,-0.0185120590031147,0.1066844910383224,-0.0443268008530139,-0.0003463681787252,-0.0272862315177917,0.0966228246688842,
LP_2094,5,0.1479108648008083,0.1-0.3,175.495,-61.961,1.8348623853211008,0.4795,0.099,,,,,,0.1165899708867073,0.0596554651856422,-0.0269427001476287,-0.0660443007946014,-0.0394980385899543,0.0625137016177177,
LP_2100,5,0.2511884225153641,0.1-0.3,227.612,-60.495,2.079002079002079,0.4911,0.1296,,,,,,0.0455819703638553,0.1475503295660019,-0.0093764653429389,-0.0119560118764638,0.0770054683089256,0.0899792686104774,
LP_2117,1,0.6309576215861531,0.5-1,282.302,-4.466,1.6474464579901154,0.4972,0.0917,,,,,,0.2006483525037765,0.2955528497695923,0.0937408357858657,0.3187124729156494,-0.0216834284365177,-0.0032819577027112,
LP_2210,5,0.1288248533293804,0.1-0.3,247.197,-54.963,1.461988304093567,0.409,0.0611,,,,,,0.0328788645565509,0.154153361916542,-0.0955951809883117,-0.1107441037893295,-0.1050835475325584,0.0714907869696617,
LP_2220,1,0.4570880290185208,0.3-0.5,127.45,-41.343,1.3966480446927374,0.3636,0.0736,,,,,,0.2296504974365234,0.2710976600646972,0.023436039686203,0.0339205078780651,-0.0052403667941689,0.0233525950461626,
LP_2238,5,0.2951211041237279,0.1-0.3,167.713,-56.821,1.2285012285012287,0.4608,0.1373,,,,,,0.0392058081924915,0.1625716686248779,0.0409339070320129,-0.0534184649586677,-0.0221864078193902,0.0501145906746387,
LP_403,4,0.0263026845396328,<0.1,161.024,-58.095,2.7027027027027026,0.4963,0.1368,,,,,,0.0648140683770179,0.1784873455762863,0.06618233025074,0.0370147339999675,-0.0020031866151839,0.0368063002824783,
LP_5,5,2.691536695250797,2-5,156.138,-72.51,1.9607843137254901,0.2738,0.1706,,,,,,0.0085151484236121,0.1242273598909378,0.026562362909317,-0.0612731575965881,-0.0508998781442642,0.050786443054676,
LP_658,1,0.9332548746146908,0.5-1,95.274,-3.431,1.4858841010401187,0.2944,0.1339,,,,,,0.2574808001518249,0.1719286888837814,0.243138700723648,0.0908691063523292,-0.0150340804830193,0.0117430724203586,
LP_866,4,1.9054595463785964,1-2,261.768,-39.405,2.557544757033248,0.4851,0.1028,,,,,,0.026633333414793,0.1276652961969375,0.0814094319939613,0.1178101226687431,0.0708282738924026,0.0466695725917816,
Loden_372,4,0.0954992627963111,<0.1,172.769,-58.507,1.8148820326678765,0.4439,0.1317,,,,,,0.0398825332522392,0.1409597843885421,0.0282674636691808,-0.0082174204289913,0.0028671084437519,0.0476243868470191,
Loden_46,3,0.8317639172213713,0.5-1,155.884,-54.667,1.1428571428571428,0.4196,0.1102,,,,,,0.178360179066658,0.1463748812675476,0.0627720654010772,-0.0311428122222423,-0.0444913581013679,0.0415092930197715,
Lynga_1,4,0.1659587927845761,0.1-0.3,209.994,-62.152,2.3696682464454977,0.4398,0.1403,,,,,,0.0446500778198242,0.1903823316097259,0.0129645364359021,0.0638810023665428,0.0597543306648731,0.0467058718204498,
Lynga_2,5,0.102329353157667,0.1-0.3,216.085,-61.328,0.9671179883945841,0.4062,0.1472,,,,,,0.1207563802599906,0.1791222095489502,-0.01411725115031,0.0933729037642479,0.0366266183555126,0.0783471688628196,
Lynga_3,4,,,229.194,-58.373,9.25925925925926,0.447,0.1252,,,,,,0.0615990497171878,0.1745722889900207,-0.0237801652401685,0.0729368031024932,0.0817020386457443,0.0391230732202529,
Lynga_9,4,0.6309576215861531,0.5-1,245.17,-48.523,2.785515320334262,0.444,0.1155,,,,,,0.0134801371023058,0.171397179365158,-0.0020041125826537,0.0504971072077751,0.0926234498620033,0.0590061172842979,
Mamajek_4,2,0.3715349680219835,0.3-0.5,276.635,-50.772,0.44964028776978415,0.3153,0.1491,,,,,,-0.0623471513390541,0.222611591219902,-0.0091712493449449,-0.1291562765836715,-0.0530824139714241,0.072328582406044,
Mayer_3,3,,,112.523,-18.553,4.784688995215311,0.3885,0.1205,,,,,,0.1283857375383377,0.1078822240233421,0.1235655844211578,-0.0386369749903678,-0.0769934728741645,0.0176411028951406,
Melotte_101,4,0.1659587927845761,0.1-0.3,160.535,-65.11,2.277904328018223,0.4187,0.0861,,,,,,0.088166207075119,0.1375583559274673,0.0367411226034164,0.0377062112092971,0.0096090175211429,0.0361347198486328,
Melotte_105,4,0.3019948537254365,0.3-0.5,169.92,-63.486,2.4570024570024573,0.4083,0.1205,,,,,,0.0887434035539627,0.1176200583577156,0.142737865447998,0.0922757685184478,0.0343054868280887,0.0385726429522037,
Melotte_22,3,0.0776246877988414,<0.1,56.601,24.114,0.13612850530901172,0.424,0.1223,,,,,,0.097174122929573,0.1446223109960556,0.145319178700447,-0.028270024806261,-0.0351248420774936,0.0478235520422458,
Melotte_25,2,0.794327537013272,0.5-1,67.447,16.948,0.04748563559523244,0.4542,0.0229,,,,,,0.2340174913406372,0.3396624326705932,0.088341973721981,-0.1945197582244873,0.1073380336165428,0.0273894872516393,
Muzzio_1,4,0.0077624687798841,<0.1,134.478,-47.761,1.9267822736030829,0.4038,0.0944,,,,,,0.069265604019165,0.1522659808397293,0.0728052482008934,0.108696810901165,0.0025136887561529,0.0247132740914821,
NGC_1817,1,1.1220189470737862,1-2,78.139,16.696,1.8148820326678765,0.3619,0.1043,,,,,,0.1972694993019104,0.2573398053646087,0.1775576025247573,-0.0254367664456367,-0.0535446144640445,0.0185338053852319,
NGC_1901,2,0.8912505467113453,0.5-1,79.561,-68.294,0.4240882103477523,0.233,0.1391,,,,,,-0.0084973825141787,0.3106952309608459,0.0284607131034135,-0.1003618463873863,-0.0732429400086402,0.0519565530121326,
NGC_2112,3,2.089294662720361,2-5,88.452,0.403,1.1402508551881414,0.3661,0.08,,,,,,0.1316886395215988,0.2085426896810531,0.1194060742855072,0.1211398616433143,-0.0160252936184406,0.0348883047699928,
NGC_2184,4,0.645654852868111,0.5-1,91.69,-2.0,0.5851375073142188,0.2798,0.1416,,,,,,0.0505583062767982,0.1409635096788406,0.0245108902454376,0.0143618015572428,-0.0012082929024472,0.0498795285820961,
NGC_2186,4,0.2511884225153641,0.1-0.3,93.031,5.453,2.4213075060532687,0.3661,0.1175,,,,,,0.0690873265266418,0.1465442478656768,0.0606817454099655,0.0265162028372287,0.0296493396162986,0.0461320467293262,
NGC_2204,3,2.089294662720361,2-5,93.882,-18.67,4.784688995215311,0.3228,0.1193,,,,,,0.1556248962879181,0.2575696408748626,0.0836420357227325,-0.0781282559037208,-0.0658547133207321,0.0429063737392425,
NGC_2225,3,1.380385355838289,1-2,96.652,-9.643,3.4482758620689657,0.3333,0.1054,,,,,,0.1049713715910911,0.278353214263916,0.1006801351904869,0.0927086323499679,-0.005367818288505,0.0328279957175254,
NGC_2232,1,0.0177827941003892,<0.1,96.888,-4.749,0.32605151613955,0.4078,0.0867,,,,,,0.1415567100048065,0.1926819235086441,0.1045810356736183,-0.0134473135694861,-0.0540170110762119,0.026120776310563,
NGC_2243,2,4.365161773191001,2-5,97.395,-31.282,4.739336492890995,0.3403,0.1549,,,,,,0.1104427129030227,0.3165886402130127,0.0521067194640636,-0.0761960074305534,-0.03360091522336,0.0571304969489574,
NGC_2251,3,0.2754226042194985,0.1-0.3,98.68,8.337,1.519756838905775,0.259,0.1058,,,,,,0.1231487765908241,0.1047460511326789,0.1884457617998123,-0.0430841967463493,-0.0238003190606832,0.0283698979765176,
NGC_2254,3,0.3467368199963294,0.3-0.5,98.949,7.671,2.7472527472527473,0.3751,0.0619,,,,,,0.0440063215792179,0.1861456930637359,0.161158338189125,-0.0122104687616229,-0.0111715504899621,0.0017148045590147,
NGC_2262,3,0.645654852868111,0.5-1,99.905,1.147,4.484304932735426,0.3015,0.1015,,,,,,0.1201102510094642,0.1211303025484085,0.0992760732769966,0.0588399395346641,-0.0406942144036293,0.044254831969738,
NGC_2287,3,0.1698241862446276,0.1-0.3,101.499,-20.716,0.7352941176470588,0.4572,0.0902,,,,,,0.0790849328041076,0.1770498901605606,0.0254302844405174,-0.0544237494468688,-0.0599867105484008,0.0425264239311218,
NGC_2335,4,0.323593827469971,0.3-0.5,106.69,-10.023,1.7094017094017095,0.418,0.0384,,,,,,0.1871092617511749,0.1032835319638252,0.0189245790243148,0.0427152141928672,0.068040445446968,0.044857021421194,
NGC_2354,3,1.4125363038976315,1-2,108.503,-25.724,1.3280212483399734,0.3727,0.1569,,,,,,0.0643376782536506,0.1444597840309143,-0.0021111965179443,-0.0230281557887792,-0.0337495431303978,0.0331124737858772,
NGC_2360,4,1.0232935315766702,1-2,109.443,-15.631,1.1086474501108647,0.3973,0.124,,,,,,0.1955995857715606,0.1203659325838089,-0.0534835457801818,-0.0787230730056762,-0.0222334079444408,0.0427615568041801,
NGC_2506,3,1.6595879278457617,1-2,120.01,-10.773,3.4246575342465757,0.3251,0.11,,,,,,0.0756220519542694,0.2192150950431823,0.0845553278923034,-0.0472446717321872,-0.06388421356678,0.0369608551263809,
NGC_2516,3,0.239883355113592,0.1-0.3,119.527,-60.8,0.4137360364087712,0.3437,0.07,,,,,,0.0668259784579277,0.2434425354003906,0.0553622096776962,-0.0480056330561637,-0.0453556217253208,0.0503105148673057,
NGC_2527,1,0.6918312139914402,0.5-1,121.246,-28.122,0.6510416666666666,0.3481,0.0967,,,,,,0.3408203721046448,0.2078122347593307,0.1291175484657287,0.0463392548263073,-0.0308389291167259,0.0100450348109006,
NGC_2533,1,1.047129651766654,1-2,121.773,-29.872,3.03951367781155,0.3436,0.0803,,,,,,0.1911250501871109,0.1447076052427292,0.1472799181938171,0.0132351480424404,-0.0473565459251403,0.0081064943224191,
NGC_2539,3,0.6918312139914402,0.5-1,122.658,-12.834,1.3262599469496021,0.4516,0.0703,,,,,,0.044223241508007,0.0841657221317291,0.1186432763934135,-0.0462287664413452,-0.0182603821158409,0.0237502865493297,
NGC_2547,3,0.0323593827469971,<0.1,122.525,-49.198,0.39169604386995693,0.4762,0.0347,,,,,,0.1127821132540702,0.1783153265714645,0.1391370445489883,-0.0648459419608116,0.0142342085018754,0.036750640720129,
NGC_2548,3,0.3890452816839944,0.3-0.5,123.412,-5.726,0.7757951900698216,0.4041,0.0988,,,,,,0.1438952684402465,0.2126799821853637,0.0353223085403442,-0.0679314360022544,-0.0356844365596771,0.0504424273967742,
NGC_2567,1,0.3162277660168379,0.3-0.5,124.645,-30.631,1.8450184501845017,0.3714,0.1007,,,,,,0.2080911099910736,0.1574381440877914,0.1394003480672836,-0.0201656688004732,-0.0490247681736946,0.0255573354661464,
NGC_2571,3,0.0269153374005781,<0.1,124.723,-29.775,1.366120218579235,0.2793,0.1596,,,,,,0.2114385068416595,0.1908485144376754,0.1004019901156425,-0.0222369730472564,-0.0383761189877986,0.0242346953600645,
NGC_2580,3,0.5370312303176601,0.5-1,125.371,-30.306,5.154639175257731,0.2667,0.1439,,,,,,0.2403147220611572,0.2209252119064331,0.0867526680231094,-0.0368482545018196,-0.0715553984045982,0.0251943264156579,
NGC_2587,5,0.3162277660168379,0.3-0.5,125.861,-29.503,3.3898305084745766,0.4244,0.0958,,,,,,-0.0365387126803398,0.190152496099472,-0.111697994172573,-0.078588880598545,-0.057546030730009,0.0655615776777267,
NGC_2588,1,0.5495405842387225,0.5-1,125.797,-32.972,5.025125628140703,0.4145,0.088,,,,,,0.1956990212202072,0.1378504335880279,0.143281489610672,-0.0033228248357772,-0.0401629135012626,0.0288386791944503,
NGC_2632,2,0.6760828566222641,0.5-1,130.054,19.621,0.18653236336504384,0.3923,0.0977,,,,,,0.0113910343497991,0.3505620956420898,0.0213737990707159,-0.0648033395409584,-0.0448500365018844,0.0375302657485008,
NGC_2660,2,0.9332548746146908,0.5-1,130.667,-47.201,3.2467532467532467,0.399,0.0336,,,,,,0.1622745245695114,0.2731241881847381,0.1652232259511947,-0.0850960984826088,-0.0001829067914513,0.073408342897892,
NGC_2670,1,0.102329353157667,0.1-0.3,131.386,-48.801,1.5455950540958268,0.4191,0.0988,,,,,,0.2170244008302688,0.1382596343755722,0.1656115502119064,0.1289442926645279,-0.0108673488721251,0.0050729122012853,
NGC_2671,4,0.3311314705081584,0.3-0.5,131.557,-41.886,1.455604075691412,0.2763,0.1093,,,,,,0.0624083988368511,0.1830877065658569,-0.0382426343858242,0.0801979973912239,0.021153325214982,0.0172772742807865,
NGC_2682,5,4.265796312095559,2-5,132.846,11.814,0.8810572687224669,0.449,0.0698,,,,,,0.0051053282804787,0.1637329459190368,-0.0041096294298768,-0.0585716925561428,0.0087311053648591,0.060478925704956,
NGC_2849,3,1.047129651766654,1-2,139.85,-40.52,7.042253521126761,0.3308,0.1029,,,,,,0.1659502685070037,0.2800206840038299,0.0681636855006218,-0.0339861288666725,-0.0366390608251094,0.0396135374903678,
NGC_2910,4,0.1288248533293804,0.1-0.3,142.643,-52.913,1.3404825737265416,0.3867,0.0617,,,,,,0.1408393532037735,0.15239779651165,0.047824066132307,0.043653879314661,0.0058343154378235,0.0279537942260503,
NGC_2925,4,0.1288248533293804,0.1-0.3,143.321,-53.413,0.7722007722007722,0.4206,0.0606,,,,,,0.1169584468007087,0.2327820211648941,-0.0078880535438656,0.0944918319582939,0.001845232094638,0.0370567329227924,
NGC_3105,4,0.021877623926123,<0.1,150.169,-54.79,9.615384615384615,0.3832,0.0963,,,,,,0.1659317463636398,0.0897479802370071,0.1126618534326553,0.0497720018029212,0.0321040786802768,0.0129914218559861,
NGC_3114,3,0.1445439262895664,0.1-0.3,150.553,-60.041,1.0482180293501049,0.4127,0.1415,,,,,,0.077969491481781,0.168133869767189,0.0614823773503303,-0.0131060909479856,-0.0058354353532195,0.0388449989259243,
NGC_3228,4,0.0301995185303324,<0.1,155.378,-51.814,0.4911591355599214,0.5002,0.0786,,,,,,0.0919684320688247,0.1587795466184616,0.0343072451651096,0.0350075960159301,-0.0128978919237852,0.0339559465646743,
NGC_3255,3,0.2238723104986867,0.1-0.3,156.635,-60.675,8.333333333333334,0.4529,0.0959,,,,,,0.0653621479868888,0.0837410986423492,0.0625483319163322,-0.0577380955219268,-0.0334449335932731,0.0445060022175312,
NGC_3293,3,0.0102329353157667,<0.1,158.97,-58.231,2.6595744680851063,0.3568,0.1696,,,,,,0.1340827345848083,0.2045600116252899,0.0547996386885643,-0.0198208168148994,-0.0159977208822965,0.0433861911296844,
NGC_3324,3,0.0107151982289039,<0.1,159.341,-58.615,2.808988764044944,0.3832,0.101,,,,,,0.0807057693600654,0.2056055665016174,0.0568938143551349,-0.0297290794551372,0.0023915369529277,0.0364095792174339,
NGC_3330,5,0.0812830230578909,<0.1,159.659,-54.148,1.8115942028985506,0.3727,0.1723,,,,,,0.0543091520667076,0.1339267939329147,0.0499853380024433,-0.0360047668218612,-0.0178761091083288,0.0549691319465637,
NGC_3496,4,0.5011870135142811,0.5-1,164.877,-60.335,2.557544757033248,0.4254,0.1412,,,,,,0.1237117424607276,0.1930546164512634,0.0350785255432128,0.0124070318415761,0.0077229565940797,0.0407069250941276,
NGC_3572,4,0.0047862990313698,<0.1,167.64,-60.294,2.6595744680851063,0.3924,0.1111,,,,,,0.0747933909296989,0.1683878153562545,0.0550586953759193,0.1470561325550079,0.0331210196018219,0.0317917205393314,
NGC_3590,4,0.0263026845396328,<0.1,168.262,-60.79,2.770083102493075,0.4314,0.1085,,,,,,0.0552521161735057,0.1200843676924705,0.0339580066502094,0.073182001709938,0.0238252449780702,0.0276389718055725,
NGC_3603,5,,,168.795,-61.259,13.157894736842106,0.5802,0.107,,,,,,0.0446981526911258,0.1216828152537345,-0.018970102071762,-0.0138706406578421,-0.0044319196604192,0.0742295309901237,
NGC_3680,5,2.1877623926123007,2-5,171.392,-43.24,1.0718113612004287,0.3797,0.1317,,,,,,0.0008861884707584,0.2601148784160614,-0.0621219687163829,-0.0960632935166359,-0.0124548804014921,0.0765771940350532,
NGC_3960,5,0.8709627484287175,0.5-1,177.644,-55.679,2.5,0.4356,0.1093,,,,,,0.0685813874006271,0.1460090428590774,-0.0257663745433092,-0.0544107295572757,-0.0283213499933481,0.0589353516697883,
NGC_4337,5,1.4454392628956645,1-2,186.022,-58.125,2.801120448179272,0.3971,0.1015,,,,,,0.0135832075029611,0.1798127889633178,-0.0121938046067953,-0.0455289296805858,0.0143236694857478,0.0650439709424972,
NGC_4349,2,0.3162277660168379,0.3-0.5,186.048,-61.866,2.0408163265306123,0.4325,0.0724,,,,,,0.0819688513875007,0.2540182173252105,0.0997954308986663,-0.0244578663259744,0.0242204163223505,0.0580181144177913,
NGC_4755,4,0.0120226422341166,<0.1,193.415,-60.371,2.1645021645021645,0.4694,0.1416,,,,,,0.0680530071258544,0.2223266363143921,0.0228337943553924,0.0771180242300033,0.0092642437666654,0.0476197898387908,
NGC_4852,5,0.0776246877988414,<0.1,195.046,-59.607,1.3297872340425532,0.4428,0.1181,,,,,,0.0344015099108219,0.0952960699796676,-0.0007856357842683,0.027884742245078,-0.0045875231735408,0.0622159726917743,
NGC_5138,5,0.0478629903136986,<0.1,201.829,-59.023,1.9607843137254901,0.2497,0.0843,,,,,,0.1005173474550247,0.2005350291728973,-0.0341005660593509,-0.0379899032413959,-0.0455034971237182,0.0545586496591568,
NGC_5168,5,0.602559215586761,0.5-1,202.791,-60.945,3.571428571428571,0.4398,0.0666,,,,,,-0.0142197273671627,0.0942336767911911,0.0703274458646774,-0.0279152914881706,0.0190044306218624,0.0632408484816551,
NGC_5288,5,0.4677352234557817,0.3-0.5,207.193,-64.68,2.8985507246376816,0.4677,0.1738,,,,,,-0.022670317441225,0.0798052847385406,0.0047582164406776,-0.0217598862946033,0.0203959643840789,0.0621403791010379,
NGC_5316,4,0.1659587927845761,0.1-0.3,208.516,-61.883,1.5037593984962405,0.3867,0.1155,,,,,,0.0254487469792366,0.1402535736560821,0.0965142399072647,0.0131015004590153,0.0229894705116748,0.0494159422814846,
NGC_5460,2,0.1584892496402718,0.1-0.3,211.847,-48.285,0.7462686567164178,0.4138,0.0318,,,,,,0.0593931004405021,0.2113496661186218,0.0536530651152133,-0.0830913260579109,0.0283809043467044,0.0751218497753143,
NGC_5593,4,0.0870963704709874,<0.1,216.419,-54.795,1.0559662090813096,0.3874,0.1684,,,,,,0.0955008938908577,0.1507547795772552,0.0643699318170547,0.0500117018818855,0.0113703804090619,0.0588631927967071,
NGC_5662,4,0.1995263191254866,0.1-0.3,218.734,-56.64,0.7763975155279503,0.4351,0.0757,,,,,,0.0756837055087089,0.1349367797374725,0.0448004081845283,0.036856722086668,0.0064110574312508,0.0388426817953586,
NGC_5715,5,0.5370312303176601,0.5-1,220.859,-57.578,2.2988505747126435,0.3806,0.1555,,,,,,0.0284444335848093,0.1790630668401718,-0.0416217595338821,-0.0288685001432895,0.0517816469073295,0.0720686614513397,
NGC_5749,5,0.0524807206714521,<0.1,222.204,-54.502,1.1235955056179776,0.4823,0.095,,,,,,0.0228815227746963,0.0527864694595336,-0.0281594693660736,-0.004923241212964,0.0016154582845047,0.0633159726858139,
NGC_5764,5,1.3182563911826832,1-2,223.389,-52.667,2.1141649048625792,0.3062,0.1497,,,,,,0.0806185379624366,0.1239219456911087,0.0892091989517211,-0.0622262470424175,-0.0416191555559635,0.0689071714878082,
NGC_6025,5,0.1047129651766653,0.1-0.3,240.779,-60.43,0.7880220646178093,0.4558,0.1066,,,,,,-0.0179556906223297,0.0896144360303878,-0.0330856144428253,-0.0129177793860435,0.0048367260023951,0.0832752287387847,
NGC_6087,5,0.1,<0.1,244.721,-57.916,0.9756097560975611,0.4194,0.1,,,,,,-0.0511535666882991,0.0922484099864959,0.0183387100696563,-0.0710062161087989,-0.0282004568725824,0.0797930210828781,
NGC_6152,3,0.2238723104986867,0.1-0.3,248.213,-52.629,1.6835016835016836,0.4567,0.0948,,,,,,0.0911289453506469,0.1519805788993835,0.1299691349267959,-0.0273447297513484,-0.0359715521335601,0.0615111589431762,
NGC_6167,5,0.1548815122441698,0.1-0.3,248.662,-49.759,1.5313935681470137,0.5001,0.0945,,,,,,0.0327857360243797,0.117619976401329,0.0225680842995643,0.016368418931961,0.0792464166879654,0.0643804147839546,
NGC_6178,5,0.016595861056887,<0.1,248.939,-45.635,0.9099181073703367,0.5058,0.0942,,,,,,-0.013133231550455,0.0892768055200576,-0.0281903911381959,0.0415618158876895,0.0445517525076866,0.0563291683793067,
NGC_6208,5,1.4125363038976315,1-2,252.336,-53.714,1.2048192771084338,0.4448,0.1412,,,,,,0.0293018594384193,0.1646435260772705,0.013061380945146,-0.0015358794480562,0.0346423871815204,0.0737308040261268,
NGC_6231,5,0.0138038384023379,<0.1,253.545,-41.812,1.697792869269949,0.4832,0.1012,,,,,,-0.0576180703938007,0.0838498398661613,-0.0380254797637462,-0.0142471827566623,0.003366227261722,0.0772577300667762,
NGC_6250,4,0.0239883355113592,<0.1,254.497,-45.951,1.0121457489878543,0.533,0.0942,,,,,,0.1378408074378967,0.1102251708507537,0.029097618535161,0.2396329641342163,0.0592437461018562,0.0481918305158615,
NGC_6253,5,3.2359382746997105,2-5,254.778,-52.712,1.7761989342806397,0.415,0.1825,,,,,,0.0180236771702766,0.2218759357929229,-0.0545970946550369,-0.0627107173204422,0.0227254573255777,0.065510869026184,
NGC_6281,5,0.512861429039393,0.5-1,256.179,-37.948,0.5339028296849974,0.4617,0.1204,,,,,,0.0650464072823524,0.1428933590650558,-0.0278923083096742,0.0388981476426124,0.0525713860988616,0.0745409876108169,
NGC_6318,4,0.0097723670593248,<0.1,259.044,-39.424,2.4390243902439024,0.4481,0.0748,,,,,,0.0638885647058487,0.1182753294706344,0.0459941066801548,0.0188093036413192,0.0434891656041145,0.0426567867398262,
NGC_6469,4,0.069183121399144,<0.1,268.277,-22.3,1.7035775127768313,0.3857,0.1143,,,,,,0.1623520255088806,0.2245884239673614,-0.0636373609304428,0.0421113260090351,-0.0061587197706103,0.0405560582876205,
NGC_6568,1,0.8709627484287175,0.5-1,273.192,-21.612,1.0683760683760684,0.3046,0.1618,,,,,,0.2166725099086761,0.1365045756101608,-0.0906047224998474,-0.0145854204893112,0.000482365489006,-0.0093754613772034,
NGC_6583,1,1.2022642234116694,1-2,273.962,-22.143,2.4213075060532687,0.5602,0.2,,,,,,0.260604590177536,0.1426276415586471,0.0990841314196586,0.0492570884525775,-0.0329090878367424,-0.020974451676011,
NGC_6631,4,0.1995263191254866,0.1-0.3,276.79,-12.029,3.03951367781155,0.4424,0.1401,,,,,,0.0797941535711288,0.1773802191019058,0.0195815712213516,0.0676685199141502,0.0821272134780883,0.039987988770008,
NGC_6645,5,0.512861429039393,0.5-1,278.158,-16.918,1.8416206261510129,0.439,0.0416,,,,,,0.0100126964971423,0.1946821212768554,-0.0088354311883449,-0.0613737590610981,-0.0093441056087613,0.0718389004468917,
NGC_6694,5,0.1412536303897631,0.1-0.3,281.317,-9.386,1.9083969465648853,0.4429,0.0817,,,,,,0.1585370153188705,0.0776058658957481,-0.0304740257561206,-0.0098557947203516,0.0396367684006691,0.0766371116042137,
NGC_6704,4,0.1995263191254866,0.1-0.3,282.687,-5.203,2.3041474654377883,0.3845,0.1252,,,,,,0.034373365342617,0.1544130742549896,0.0033841431140899,0.0528889037668705,0.0814257115125656,0.0614696107804775,
NGC_6705,5,0.3090293803866819,0.3-0.5,282.766,-6.272,2.34192037470726,0.5446,0.1028,,,,,,0.0120669091120362,0.0730809047818183,-0.0625520423054695,-0.0336519442498683,0.0224120877683162,0.0660351812839508,
NGC_6716,3,0.097723670593248,<0.1,283.616,-19.888,0.7117437722419929,0.4215,0.0625,,,,,,0.0829476118087768,0.0956694409251213,0.0821040719747543,0.0150248743593692,-0.0339763909578323,0.0250085368752479,
NGC_6728,5,0.602559215586761,0.5-1,284.715,-8.953,1.8656716417910446,0.3746,0.1404,,,,,,0.0323532149195671,0.1776795983314514,-0.1319697052240371,-0.1391862779855728,0.0147389760240912,0.0808255970478057,
NGC_6755,4,0.1445439262895664,0.1-0.3,286.942,4.224,2.6595744680851063,0.5201,0.1067,,,,,,0.0985837951302528,0.1486784964799881,0.0230809245258569,0.1129814237356185,0.0759529471397399,0.0579323656857013,
Patchick_90,3,1.096478099832217,1-2,101.181,-0.532,7.936507936507937,0.3516,0.0999,,,,,,0.1612801849842071,0.2001038640737533,0.0778287574648857,0.0325584188103675,-0.0051719797775149,0.0292789470404386,
Pismis_15,3,0.8709627484287175,0.5-1,143.684,-48.04,2.824858757062147,0.3584,0.0909,,,,,,0.2040117979049682,0.1786073893308639,0.1150671243667602,0.1043030396103859,-0.050176452845335,0.0481240935623645,
Pismis_17,4,,,165.377,-59.873,2.73224043715847,0.4826,0.1179,,,,,,0.1768274307250976,0.2222047299146652,-0.0132570611312985,-0.0078434515744447,0.0274931583553552,0.0310572683811187,
Pismis_18,5,0.5754402406055371,0.5-1,204.227,-62.091,3.012048192771084,0.4072,0.1534,,,,,,-0.2221232801675796,0.1654264777898788,-0.1254051476716995,0.1394012123346328,-0.0304415952414274,0.1200144961476326,
Pismis_19,4,0.8317639172213713,0.5-1,217.666,-60.889,3.9215686274509802,0.3962,0.1204,,,,,,0.1005632653832435,0.1863732933998108,0.0496458560228347,0.1245890706777572,0.0207250788807868,0.0405215583741664,
Pismis_2,4,1.862089099377868,1-2,124.477,-41.674,4.524886877828054,0.283,0.1368,,,,,,0.1416133493185043,0.1294355541467666,0.0615753233432769,0.1149681806564331,-0.0380508191883564,0.0168803911656141,
Pismis_20,4,,,228.848,-59.073,3.436426116838488,0.2145,0.0398,,,,,,0.0347370468080043,0.1508429497480392,0.0271219555288553,0.0952033847570419,0.0795540660619735,0.0444285497069358,
Pismis_21,4,,,229.199,-59.659,3.4482758620689657,0.2142,0.0329,,,,,,0.061468482017517,0.2073909342288971,0.1375790983438491,0.1248138919472694,0.0541907548904418,0.0425445288419723,
Pismis_23,2,,,245.99,-48.891,6.024096385542168,0.4742,0.0751,,,,,,0.0832987427711486,0.3632742464542389,0.119664266705513,-0.0126529335975646,-0.0240632444620132,0.0515125505626201,
Platais_9,4,0.0501187013514281,<0.1,139.241,-43.862,0.18304960644334614,0.325,0.1013,,,,,,-0.0122698210179805,0.1225164756178855,-0.0105346078053116,0.0074851885437965,-0.0269988123327493,0.0378180593252182,
Pozzo_1,1,0.0095499262796311,<0.1,122.374,-47.335,0.35050823694356814,0.3691,0.0546,,,,,,0.1454257816076278,0.1919212490320205,0.1231664419174194,-0.0091178175061941,-0.0498161613941192,0.0393885374069213,
Ruprecht_1,1,0.2884031756450284,0.1-0.3,99.084,-14.157,1.5847860538827259,0.3359,0.0958,,,,,,0.1655343621969223,0.1533779352903366,0.1608021706342697,-0.0207607876509428,-0.0416438281536102,0.0337694324553012,
Ruprecht_101,4,1.047129651766654,1-2,182.398,-62.995,3.676470588235294,0.3191,0.1421,,,,,,0.0994850769639015,0.1678938716650009,0.0145797906443476,0.0246005691587924,0.0107176760211586,0.0500005483627319,
Ruprecht_105,5,0.3890452816839944,0.3-0.5,188.694,-61.592,2.1739130434782608,0.4893,0.0576,,,,,,0.1358617097139358,0.0858882144093513,-0.0034167543053627,0.0025896786246448,-0.0175206623971462,0.0715517550706863,
Ruprecht_107,3,0.2041739917404129,0.1-0.3,199.937,-64.944,4.219409282700422,0.5041,0.1177,,,,,,0.176839604973793,0.0598804764449596,0.0297091510146856,0.0030270665884017,-0.0944838300347328,0.053740307688713,
Ruprecht_108,5,0.0831763917221371,<0.1,203.002,-58.509,1.0235414534288638,0.4916,0.113,,,,,,-0.0196866169571876,0.1349941343069076,-0.0333338119089603,-0.0735483840107917,0.0087045636028051,0.0754619166254997,
Ruprecht_111,5,0.9120109194638908,0.5-1,219.01,-59.975,1.5015015015015014,0.4951,0.1046,,,,,,-0.1039650216698646,0.1029283329844474,-0.0489239245653152,-0.0425506569445133,0.0110837006941437,0.0662474930286407,
Ruprecht_117,5,0.1318256391182683,0.1-0.3,245.888,-51.879,3.623188405797101,0.4422,0.1283,,,,,,-0.0047954092733561,0.1200628727674484,-0.0230843555182218,-0.022343024611473,0.0675249397754669,0.0595864802598953,
Ruprecht_119,5,0.0478629903136986,<0.1,247.039,-51.5,2.3094688221709005,0.4647,0.0709,,,,,,0.0332098938524723,0.107753537595272,-0.008670937269926,0.0026876281481236,0.0526083633303642,0.0513035133481025,
Ruprecht_121,5,0.1778279410038923,0.1-0.3,250.436,-46.159,2.1645021645021645,0.5541,0.0985,,,,,,0.0683580785989761,0.0458987839519977,-0.0111867953091859,0.0297894366085529,0.0278080943971872,0.0846994370222091,
Ruprecht_135,4,0.645654852868111,0.5-1,269.511,-11.646,1.1098779134295227,0.4102,0.1273,,,,,,0.064909890294075,0.158632755279541,0.1045901104807853,-0.0116393845528364,0.0276442393660545,0.066004678606987,
Ruprecht_143,4,0.3981075202376551,0.3-0.5,278.174,-12.148,3.095975232198142,0.4873,0.1179,,,,,,0.069282166659832,0.0808944776654243,0.0739305466413497,0.0131608908995985,-0.0035143091809004,0.0524551160633564,
Ruprecht_144,4,0.0301995185303324,<0.1,278.437,-11.425,1.8018018018018016,0.481,0.1096,,,,,,0.0275795850902795,0.1688590347766876,0.0833121389150619,0.1389968693256378,0.0330031998455524,0.0312067102640867,
Ruprecht_145,3,0.8128302305789092,0.5-1,282.636,-18.27,0.6056935190793459,0.3236,0.1027,,,,,,0.2104385495185852,0.2720037996768951,0.0765233114361763,0.0282064285129308,-0.023951718583703,0.0439151376485824,
Ruprecht_147,2,3.0199485372543653,2-5,289.087,-16.333,0.3076923076923077,0.4145,0.1466,,,,,,0.0550664216279983,0.2165657579898834,0.0078878849744796,-0.0734639465808868,-0.0231133755296468,0.0376369133591651,
Ruprecht_161,5,0.1047129651766653,0.1-0.3,152.4,-61.259,0.9208103130755064,0.3738,0.0826,,,,,,0.0994691029191017,0.184598907828331,-0.019124636426568,-0.0546460747718811,-0.0222670920193195,0.0507115349173545,
Ruprecht_164,4,1.698241862446276,1-2,172.616,-60.752,5.154639175257731,0.4442,0.1115,,,,,,0.0997001007199287,0.1581486612558365,0.0697380378842353,-0.0111148264259099,0.0195329617708921,0.0523348972201347,
Ruprecht_167,5,0.5370312303176601,0.5-1,215.15,-58.858,1.6313213703099512,0.3808,0.1279,,,,,,0.075092002749443,0.0444667637348175,0.0090798120945692,-0.0399398691952228,0.004036923404783,0.0634554028511047,
Ruprecht_171,5,2.7542260421949853,2-5,278.012,-16.062,1.6129032258064517,0.4664,0.1591,,,,,,0.0147101199254393,0.0824126824736595,0.0539299249649047,0.0335390418767929,0.0334398709237575,0.0685598030686378,
Ruprecht_18,3,0.1288248533293804,0.1-0.3,111.16,-26.213,2.7472527472527473,0.3384,0.0717,,,,,,0.13482266664505,0.2429365962743759,0.1061274781823158,-0.0270484220236539,-0.049173142760992,0.0327547080814838,
Ruprecht_43,3,,,119.697,-28.805,9.523809523809524,0.38,0.1305,,,,,,0.2069907039403915,0.2100508213043213,0.0204625129699707,-0.0361790433526039,-0.0444565042853355,0.0279164239764213,
Ruprecht_44,3,0.0144543926289566,<0.1,119.708,-28.558,6.578947368421053,0.3921,0.1129,,,,,,0.2500649392604828,0.1927448213100433,0.0742145180702209,-0.0150880068540573,-0.0293672829866409,0.0245108623057603,
Ruprecht_45,3,3.1622776601683795,2-5,119.894,-16.292,5.208333333333333,0.3628,0.1017,,,,,,0.084464244544506,0.1242201030254364,-0.0323101952672004,-0.0949212834239006,-0.0747052505612373,0.0226570889353752,
Ruprecht_54,3,0.2754226042194985,0.1-0.3,122.844,-31.947,5.181347150259067,0.3976,0.0961,,,,,,0.2632696628570556,0.1937847435474395,0.0775036215782165,0.0230897571891546,-0.0412059314548969,0.0207882765680551,
Ruprecht_58,1,0.3311314705081584,0.3-0.5,123.71,-31.938,3.7593984962406015,0.3893,0.0686,,,,,,0.2055877596139907,0.1401228308677673,0.1092237159609794,0.0309635661542415,-0.0311187636107206,0.0171315353363752,
Ruprecht_60,4,0.9772367059324804,0.5-1,126.105,-47.207,5.376344086021505,0.3588,0.1023,,,,,,0.1219761744141578,0.1499277949333191,0.0832701921463012,0.0300483498722314,-0.0071943891234695,0.0448140874505043,
Ruprecht_61,3,,,126.327,-34.135,3.6900369003690034,0.4472,0.0958,,,,,,0.1536225080490112,0.1725073754787445,0.0968823730945587,-0.0641081780195236,-0.0542133636772632,0.0516375228762626,
Ruprecht_71,1,0.021379617139194,<0.1,132.316,-46.875,2.05761316872428,0.4341,0.1303,,,,,,0.1437582224607467,0.184124082326889,0.3093666732311249,0.22104212641716,-0.0243279840797185,-0.0483490191400051,
Ruprecht_77,4,0.0123026920306321,<0.1,141.821,-55.119,4.132231404958678,0.3896,0.0543,,,,,,0.2843574583530426,0.186446338891983,0.1061653643846511,-0.0240409653633832,-0.0003517312579788,0.043995413929224,
Ruprecht_78,5,,,142.282,-53.696,10.309278350515463,0.4113,0.0977,,,,,,0.0237052179872989,0.2215524762868881,-0.0560740530490875,0.0076500801369547,-0.007084107492119,0.0619388036429882,
Ruprecht_82,1,0.4570880290185208,0.3-0.5,146.421,-54.004,2.3255813953488373,0.3,0.0923,,,,,,0.1872543096542358,0.1143145561218261,0.0960525795817375,0.0522092655301094,-0.0245757438242435,0.0382788106799125,
Ruprecht_91,4,0.1380385355838289,0.1-0.3,161.964,-57.483,1.0787486515641855,0.3954,0.0819,,,,,,0.0518407933413982,0.1010560765862464,0.0312345866113901,0.040826927870512,-0.0032481020316481,0.0358480103313922,
Ruprecht_94,4,0.0245470816103821,<0.1,172.772,-63.426,2.710027100271003,0.3697,0.1419,,,,,,0.23778036236763,0.1036539524793624,0.0738694071769714,-0.01931107416749,-0.0130993640050292,0.0503749288618564,
Ruprecht_96,3,0.0467735223455781,<0.1,177.67,-62.14,3.7037037037037033,0.3829,0.1124,,,,,,0.1160371303558349,0.1846555918455124,0.0497164539992809,-0.0150362960994243,-0.0344438105821609,0.0361773855984211,
Ruprecht_97,3,0.1778279410038923,0.1-0.3,179.369,-62.708,5.025125628140703,0.4341,0.0918,,,,,,0.1521224379539489,0.1232569888234138,0.0590011440217494,0.0264626648277044,-0.0291760750114917,0.0378512106835842,
Ruprecht_98,4,0.4897783461428336,0.3-0.5,179.715,-64.581,0.4892367906066536,0.444,0.0663,,,,,,0.1372213810682296,0.1449604928493499,0.0183798875659704,0.0136598860844969,0.0076789995655417,0.0495122447609901,
SAI_108,3,0.1202264223411669,0.1-0.3,144.729,-52.947,3.875968992248062,0.4483,0.0869,,,,,,0.1178041622042656,0.1248516663908958,0.0166428554803133,0.0982208549976348,-0.0930715203285217,0.0553041249513626,
SAI_109,4,1.047129651766654,1-2,145.902,-50.797,10.526315789473685,0.2679,0.1143,,,,,,0.0811923220753669,0.1503800302743911,0.0711966082453727,0.0383974350988864,-0.0018862523138523,0.0379144772887229,
SAI_113,4,0.0089125054671134,<0.1,155.685,-59.51,5.58659217877095,0.5223,0.082,,,,,,0.0802075639367103,0.0015801647678017,0.0658232122659683,-0.0130229471251368,-0.0047665871679782,0.0462481491267681,
SAI_116,3,0.1258926517592568,0.1-0.3,177.324,-62.226,4.8543689320388355,0.4006,0.1226,,,,,,0.1255082339048385,0.190130665898323,0.0384598188102245,-0.0119194267317652,-0.0279725268483161,0.0345386527478694,
SAI_94,3,1.4791086480080835,1-2,131.171,-46.292,4.901960784313726,0.5426,0.1478,,,,,,0.027523199096322,0.1725513786077499,0.1346321105957031,0.0159153174608945,0.0002451464533805,0.0249187555164098,
Sher_1,3,0.0131825639118268,<0.1,165.262,-60.233,9.090909090909092,0.3914,0.1388,,,,,,0.1379115730524063,0.2239290624856948,0.0463526770472526,-0.0244456883519887,-0.0058466009795665,0.0417766571044921,
Stock_14,5,0.0363078006932764,<0.1,175.925,-62.537,2.5974025974025974,0.463,0.0978,,,,,,0.1165210232138633,0.1575047969818115,-0.1069932952523231,-0.0291228052228689,-0.0339802354574203,0.0620818771421909,
Stock_16,4,,,199.86,-62.622,4.504504504504505,0.4569,0.0966,,,,,,0.1061227172613143,0.1137822419404983,-0.0338230058550834,-0.0256729573011398,-0.0039307600818574,0.0489351153373718,
Teutsch_103,4,0.3630784055774333,0.3-0.5,142.145,-46.607,2.808988764044944,0.4134,0.0836,,,,,,0.1106374040246009,0.2530200779438019,0.0227336734533309,0.0591746494174003,0.0228512398898601,0.0298347529023885,
Teutsch_106,4,3.0199485372543653,2-5,164.836,-59.557,10.0,0.4307,0.1008,,,,,,0.1832264214754104,0.1673025041818618,0.0098584853112697,0.0719667896628379,0.0115476734936237,0.0073172817938029,
Teutsch_13,1,0.0079432840915212,<0.1,100.984,1.404,6.451612903225807,0.4062,0.0709,,,,,,0.2389979660511016,0.2227926552295684,0.1689849346876144,-5.8281591918785125e-05,-0.0178793538361787,0.0247630607336759,
Teutsch_143a,4,1.096478099832217,1-2,167.141,-60.741,4.566210045662101,0.4458,0.1223,,,,,,0.0981067717075347,0.1365433931350708,0.0233560148626565,0.1479438841342926,0.0771001800894737,0.0299189239740371,
Teutsch_31,5,1.6595879278457617,1-2,163.209,-59.463,6.8965517241379315,0.4836,0.1032,,,,,,-0.007321351673454,0.1909737884998321,-0.0246797036379575,0.0274723395705223,0.0317633710801601,0.0439679212868213,
Teutsch_38,2,0.0371535375952047,<0.1,131.523,-38.025,0.6657789613848203,0.3817,0.0629,,,,,,0.2857053577899933,0.3212553262710571,0.2265872359275818,-0.0290745925158262,0.0957065001130104,0.0548019334673881,
Teutsch_44,3,2.5703948796691973,2-5,155.347,-54.45,10.0,0.4472,0.0978,,,,,,0.1652091294527053,0.1454993635416031,0.0515085645020008,-0.0478301048278808,-0.0226577706634998,0.0421713851392269,
Teutsch_61,3,0.045708802901852,<0.1,113.661,-19.793,3.2258064516129035,0.3597,0.0855,,,,,,0.1379073709249496,0.1964358836412429,0.1373353004455566,0.1024737805128097,-0.0270448140799999,0.0198975261300802,
Teutsch_66,4,0.2951211041237279,0.1-0.3,143.368,-52.381,5.2356020942408374,0.4134,0.1116,,,,,,0.1141800209879875,0.1561248302459716,0.0857688263058662,0.0519651621580123,0.011728492565453,0.0251459702849388,
Teutsch_84,5,1.047129651766654,1-2,256.09,-42.07,2.463054187192118,0.43,0.1304,,,,,,-0.0766342729330062,0.2144993990659713,0.0091845886781811,0.0002311039716005,-0.0162741653621196,0.0556726939976215,
Teutsch_85,4,,,258.309,-39.718,7.142857142857142,0.4112,0.0634,,,,,,0.1189335584640502,0.1203077360987663,0.0567183755338192,0.0986939370632171,0.0156476087868213,0.038666408509016,
Tombaugh_2,3,1.621810239813303,1-2,105.773,-20.82,12.658227848101266,0.4527,0.0309,,,,,,0.2180854082107544,0.2111632823944091,0.0676329210400581,-0.0520876832306385,-0.0383360087871551,0.0326309502124786,
Trumpler_10,3,0.0323593827469971,<0.1,131.943,-42.566,0.4372540445999126,0.3426,0.1238,,,,,,0.0912888348102569,0.1017150953412056,-0.0284813456237316,-0.0391784124076366,-0.0534201338887214,0.0267677418887615,
Trumpler_11,5,0.0275422906622152,<0.1,151.248,-61.619,4.032258064516129,0.3845,0.1197,,,,,,0.0734374448657035,0.1068110838532447,-0.0661960616707801,-0.0171822234988212,-0.0295606963336467,0.0686781704425811,
Trumpler_12,3,0.6606929837429628,0.5-1,151.621,-60.29,3.952569169960474,0.4033,0.127,,,,,,0.1050688102841377,0.116363301873207,0.0620342306792736,-0.0184989683330059,-0.017224445939064,0.0351509153842926,
Trumpler_13,3,0.1819701817628807,0.1-0.3,155.952,-60.142,5.291005291005291,0.4363,0.1183,,,,,,0.1215239614248275,0.0880636423826217,0.079375222325325,-0.0280237551778554,-0.0412926711142063,0.0406421832740306,
Trumpler_14,4,0.0630957621586153,<0.1,160.986,-59.553,2.5974025974025974,0.4023,0.0846,,,,,,0.0776131078600883,0.1014071479439735,0.0083599146455526,0.0758919268846511,0.0270777810364961,0.0460563674569129,
Trumpler_15,5,0.0089125054671134,<0.1,161.177,-59.369,2.5125628140703515,0.3803,0.0515,,,,,,0.0587382316589355,0.0484679862856864,-0.0471956692636013,0.0344190038740634,0.0428048372268676,0.0491161979734897,
Trumpler_16,4,0.0134896323805684,<0.1,161.253,-59.7,2.570694087403599,0.4105,0.1003,,,,,,0.0644581094384193,0.1236762180924415,0.0360222980380058,0.0759179443120956,0.0265400316566228,0.0420791991055011,
Trumpler_17,4,0.0199526319125486,<0.1,164.108,-59.23,2.6666666666666665,0.4134,0.0826,,,,,,0.1089422032237052,0.1741115450859069,0.0343811437487602,0.068748652935028,-0.0170564875006675,0.0224795620888471,
Trumpler_18,4,0.0478629903136986,<0.1,167.826,-60.656,1.6025641025641026,0.4405,0.1161,,,,,,0.0782745331525802,0.1322851926088333,0.019427390769124,0.1250055581331253,0.0547386407852172,0.0268272757530212,
Trumpler_19,3,4.897783461428336,2-5,168.623,-57.563,2.6737967914438503,0.4234,0.0953,,,,,,0.1129312291741371,0.1214172840118408,0.0505214445292949,0.035475593060255,-0.0322845764458179,0.047862883657217,
Trumpler_20,1,1.862089099377868,1-2,189.882,-60.637,3.9840637450199203,0.4933,0.0607,,,,,,0.1962361335754394,0.2056623995304107,0.1409354209899902,-0.0728283673524856,-0.1009574756026268,0.0257210563868284,
Trumpler_22,4,0.0323593827469971,<0.1,217.783,-61.169,2.5906735751295336,0.3422,0.1697,,,,,,0.124351181089878,0.1840011030435562,0.015811325982213,0.1123796328902244,0.0021792892366647,0.03824994713068,
Trumpler_25,5,0.2290865841769215,0.1-0.3,261.125,-39.006,2.487562189054726,0.5256,0.0822,,,,,,0.0242922473698854,0.0413760244846344,-0.0288741998374462,-0.0459526367485523,0.0471200868487358,0.0728252083063125,
Trumpler_26,4,0.2511884225153641,0.1-0.3,262.126,-29.487,1.6051364365971108,0.4969,0.1106,,,,,,0.0625606402754783,0.1056536063551902,0.0232387613505125,0.0047112181782722,0.0307548902928829,0.043618369847536,
Trumpler_29,5,0.0512861429039393,<0.1,265.347,-40.158,1.4858841010401187,0.3555,0.1599,,,,,,0.014914333820343,0.0890557616949081,0.0677699521183967,-0.0514491870999336,0.0052128518000245,0.0608484558761119,
Trumpler_34,5,,,279.935,-8.439,3.278688524590164,0.4602,0.126,,,,,,-0.0270948614925146,0.0977870598435401,0.0091343559324741,-0.0712538585066795,0.0212320853024721,0.0752506479620933,
Trumpler_7,1,0.0660693709156595,<0.1,111.849,-23.949,1.8050541516245486,0.4216,0.1162,,,,,,0.2203536331653595,0.1352685540914535,0.6057842969894409,0.1282028406858444,-0.0670991092920303,0.0353626608848571,
Turner_5,5,0.323593827469971,0.3-0.5,143.284,-36.358,0.4214075010535187,0.3584,0.1336,,,,,,0.0488218255341053,0.1516014486551284,0.0505712404847145,-0.0670903548598289,-0.0466058030724525,0.0592500157654285,
UBC_100,4,0.1584892496402718,0.1-0.3,281.238,-11.127,1.4245014245014247,0.241,0.0596,,,,,,0.0368359424173831,0.0419098772108554,0.071139395236969,-0.0172185841947793,0.0229755248874425,0.0449879169464111,
UBC_11,5,0.0676082856622264,<0.1,246.666,-59.936,0.4657661853749418,0.3549,0.1869,,,,,,-0.043450478464365,0.1581625193357467,-0.0410281419754028,-0.0940549299120903,-0.0159731060266494,0.0741229429841041,
UBC_14,5,0.0524807206714521,<0.1,294.746,3.703,0.7656967840735068,0.2951,0.1921,,,,,,-0.0206002872437238,0.1330443024635315,-0.0231018904596567,-0.0509378984570503,-0.017051151022315,0.0807732939720153,
UBC_199,3,1.148154730847072,1-2,67.449,25.422,1.2254901960784315,0.37,0.0888,,,,,,0.1402251869440078,0.2317775934934616,0.1680544018745422,0.0697350353002548,-0.0390392690896987,0.0354873463511467,
UBC_206,4,0.1862089099377868,0.1-0.3,93.351,1.431,1.9342359767891681,0.2414,0.1049,,,,,,0.1839310675859451,0.126138687133789,0.1199256554245948,0.0014423603424802,0.0087374998256564,0.0439128391444683,
UBC_210,4,1.288248533293805,1-2,97.675,-1.413,2.487562189054726,0.5034,0.0931,,,,,,0.0654415264725685,0.1818884462118148,0.0557283535599708,0.0633817464113235,-0.0273775625973939,0.0431360602378845,
UBC_212,3,1.0715186464071411,1-2,100.957,-0.886,2.9850746268656714,0.3767,0.1142,,,,,,0.1432175487279892,0.1935284882783889,0.0607742816209793,0.0281405374407768,-0.0080706402659416,0.0388515330851078,
UBC_215,5,0.407379955757968,0.3-0.5,100.461,-5.243,1.4641288433382136,0.4334,0.1509,,,,,,0.0460269041359424,0.0811641290783882,-0.0480164960026741,-0.0659536719322204,0.0052320244722068,0.0633785054087638,
UBC_216,3,0.0616594947701844,<0.1,100.431,-5.789,1.2121212121212122,0.3034,0.0965,,,,,,0.1420986205339431,0.1637271642684936,0.0970785021781921,0.0089146196842193,-0.0232942271977663,0.023759689182043,
UBC_228,3,0.8128302305789092,0.5-1,118.378,-22.392,3.257328990228013,0.4355,0.0876,,,,,,0.181341752409935,0.1084283664822578,0.0435682162642478,-0.0419911965727806,-0.0512491911649704,0.0484461411833763,
UBC_232,1,0.3801893295314407,0.3-0.5,120.07,-24.269,3.4129692832764507,0.3592,0.1087,,,,,,0.1873067915439605,0.1446989625692367,0.1179650425910949,-0.0178745687007904,-0.0515293963253498,0.0246627330780029,
UBC_239,1,0.2754226042194985,0.1-0.3,123.763,-30.155,2.141327623126338,0.3479,0.0962,,,,,,0.2488982528448104,0.2522633373737335,0.1509983986616134,0.0101029658690094,-0.0139543050900101,0.0177076924592256,
UBC_250,2,0.3311314705081584,0.3-0.5,118.12,-60.373,0.984251968503937,0.3887,0.0982,,,,,,0.1080111339688301,0.2615851759910583,-0.0172159131616354,-0.0576913841068744,-0.0333910435438156,0.0345286801457405,
UBC_252,3,0.9772367059324804,0.5-1,139.157,-54.145,5.813953488372094,0.314,0.1348,,,,,,0.2109829187393188,0.1893190443515777,0.0810634642839431,0.0181713216006755,-0.0457661747932434,0.0288688726723194,
UBC_254,4,0.1096478099832217,0.1-0.3,143.659,-54.375,1.9047619047619047,0.4225,0.0656,,,,,,0.0169271435588598,0.1064693257212638,0.0241479873657226,0.0217119045555591,-0.0019110029097646,0.0373237580060958,
UBC_258,3,0.0407380403044348,<0.1,158.917,-57.615,2.544529262086514,0.4059,0.0838,,,,,,0.1588854491710662,0.1835053414106369,0.033447865396738,0.0208915565162897,-0.0143075166270136,0.0339826568961143,
UBC_259,3,0.102329353157667,0.1-0.3,157.621,-60.078,2.6525198938992043,0.4094,0.0738,,,,,,0.0868769809603691,0.0627169907093048,0.0440508686006069,-0.0333322919905185,-0.0296044945716857,0.0370290018618106,
UBC_260,3,0.2344228197592381,0.1-0.3,140.148,-69.885,0.5617977528089888,0.4218,0.0908,,,,,,0.1078138872981071,0.2186730206012725,0.0561183840036392,-0.0368296392261981,-0.0501108206808567,0.0426388047635555,
UBC_261,4,0.0186208705488312,<0.1,159.52,-60.503,4.504504504504505,0.4498,0.104,,,,,,0.2294860929250717,0.1129780486226081,0.0530863367021083,0.0227339193224906,-0.0163565352559089,0.027871374040842,
UBC_262,3,0.1819701817628807,0.1-0.3,160.562,-60.48,3.745318352059925,0.4549,0.1065,,,,,,0.1552606374025344,0.1392356008291244,-0.002912244061008,-0.0032751411199569,-0.0283085256814956,0.0478562004864215,
UBC_263,4,0.0251188698309886,<0.1,162.656,-59.992,2.6315789473684212,0.4134,0.1075,,,,,,0.1415295898914337,0.1851914376020431,0.1036111414432525,0.0659893825650215,-0.0145588116720318,0.0135445380583405,
UBC_264,1,0.2951211041237279,0.1-0.3,163.166,-60.595,3.003003003003003,0.4168,0.0861,,,,,,0.198871374130249,0.1180300265550613,0.0718427896499633,0.0613609589636325,-0.0204142890870571,0.0335585474967956,
UBC_266,1,0.0128824994773753,<0.1,166.334,-59.759,2.808988764044944,0.4238,0.0822,,,,,,0.2877342402935028,0.1673464179039001,0.1211507767438888,0.1739406883716583,0.0023086133878678,0.0116354767233133,
UBC_267,4,0.0128824994773753,<0.1,168.283,-58.901,3.215434083601286,0.2915,0.1644,,,,,,0.118259772658348,0.0473209656774997,0.0022679641842842,0.0492996126413345,-0.004597308114171,0.04949352145195,
UBC_268,4,1.698241862446276,1-2,165.349,-63.655,4.3478260869565215,0.4161,0.1537,,,,,,0.0949817448854446,0.1921077966690063,0.0101447943598032,0.0316424369812011,0.0189362950623035,0.0496390014886856,
UBC_270,4,0.1621810239813303,0.1-0.3,169.813,-59.552,2.570694087403599,0.3886,0.0944,,,,,,0.1425560861825943,0.1513861268758773,0.0740267932415008,0.1664158254861831,-0.0063781351782381,0.0265066176652908,
UBC_272,2,0.0933253849940474,<0.1,168.099,-62.284,2.5188916876574305,0.4236,0.1042,,,,,,0.030484490096569,0.2797738313674927,0.0779064893722534,-0.0879952013492584,-0.0365526862442493,0.0160996858030557,
UBC_273,5,0.045708802901852,<0.1,170.302,-60.568,2.336448598130841,0.4173,0.1291,,,,,,-0.0319629684090614,0.1331831067800521,-0.0095488671213388,0.0054898499511182,0.0211269594728946,0.0486838407814502,
UBC_276,4,0.9120109194638908,0.5-1,172.884,-60.766,5.434782608695652,0.4356,0.1003,,,,,,0.1508077532052993,0.1442873179912567,0.0697380378842353,0.0022258679382503,0.0180616229772567,0.0442883372306823,
UBC_277,4,0.102329353157667,0.1-0.3,174.042,-59.46,1.8867924528301885,0.3298,0.0557,,,,,,0.1643920391798019,0.0867473557591438,-0.0539312809705734,0.0142792426049709,-0.0392361469566822,0.0487926118075847,
UBC_280,3,0.0512861429039393,<0.1,177.923,-62.646,2.5125628140703515,0.4545,0.1028,,,,,,0.1511256694793701,0.1562283039093017,0.04022903367877,-0.0506150536239147,-0.0118423104286193,0.050994724035263,
UBC_281,4,0.0346736819996329,<0.1,178.121,-64.593,2.73972602739726,0.4118,0.1002,,,,,,0.2517917454242706,0.149805873632431,0.0233051981776952,0.0298061929643154,-0.0089053623378276,0.0514028593897819,
UBC_282,4,0.1258926517592568,0.1-0.3,180.169,-60.504,3.3444816053511706,0.3837,0.11,,,,,,0.1305345445871353,0.1553380638360977,0.0561102144420146,0.0538948141038417,0.0056010456755757,0.021757448092103,
UBC_283,5,0.3162277660168379,0.3-0.5,179.651,-68.683,1.443001443001443,0.3537,0.151,,,,,,-0.2124557346105575,0.1760989129543304,0.0087262047454714,-0.0053159692324697,0.1295739859342575,0.0871222764253616,
UBC_285,3,0.0616594947701844,<0.1,184.671,-65.42,1.7605633802816902,0.3459,0.0994,,,,,,0.1363614946603775,0.1625558584928512,0.0455479696393013,-0.0178037285804748,-0.0239714011549949,0.0543935298919677,
UBC_290,5,0.1905459546378596,0.1-0.3,191.949,-59.381,1.680672268907563,0.3407,0.1814,,,,,,0.0429695472121238,0.1237632483243942,0.0216154679656028,-0.0378318056464195,0.0056929602287709,0.0619532130658626,
UBC_292,5,0.069183121399144,<0.1,200.201,-61.258,2.320185614849188,0.4835,0.0844,,,,,,0.0086207343265414,0.1047020480036735,-0.0514722913503646,0.0317801758646965,0.0418292991816997,0.0631770193576812,
UBC_293,5,0.0199526319125486,<0.1,202.711,-61.775,3.436426116838488,0.3586,0.1653,,,,,,-0.4256357848644256,0.2455470561981201,-0.1779885590076446,0.2011361569166183,-0.0118714533746242,0.1631689667701721,
UBC_294,5,0.794327537013272,0.5-1,204.258,-58.073,1.6207455429497568,0.491,0.1056,,,,,,-0.0004345107590779,0.1992713212966919,-0.0341278985142707,-0.0316273272037506,-0.0007679224945604,0.071986898779869,
UBC_295,4,0.5011870135142811,0.5-1,207.554,-60.399,1.7301038062283738,0.4738,0.1317,,,,,,0.0395042076706886,0.0662328079342842,0.019845001399517,-0.014543067663908,0.0118062375113368,0.0373857207596302,
UBC_296,3,0.2511884225153641,0.1-0.3,216.202,-61.046,2.100840336134454,0.3501,0.0544,,,,,,0.2193531990051269,0.2670964002609253,0.0794321075081825,0.0906763523817062,0.0060068285092711,0.0515131466090679,
UBC_297,4,0.3548135450617081,0.3-0.5,218.081,-62.222,3.058103975535168,0.3485,0.1746,,,,,,0.0962386354804039,0.0877605453133583,0.0400859229266643,0.0503020696341991,0.0299444440752267,0.0468891151249408,
UBC_299,5,0.2951211041237279,0.1-0.3,219.644,-62.153,3.1545741324921135,0.4816,0.1116,,,,,,0.0477074235677719,0.0870280340313911,0.076450228691101,0.011830979026854,0.0705804526805877,0.070466935634613,
UBC_301,5,0.2344228197592381,0.1-0.3,219.49,-58.996,1.680672268907563,0.4026,0.0698,,,,,,0.0011927498271688,0.057424958795309,-0.0699600353837013,0.029452970251441,-0.0223966538906097,0.0506699383258819,
UBC_302,4,0.5754402406055371,0.5-1,220.122,-55.385,1.1933174224343677,0.3752,0.0754,,,,,,0.0718389749526977,0.1492391526699066,0.0347626693546772,0.0158044639974832,0.0315029695630073,0.0491849668323993,
UBC_303,5,0.7079464062202759,0.5-1,221.85,-56.255,1.8621973929236497,0.4143,0.0923,,,,,,0.0212080162018537,0.1052448451519012,0.0223728492856025,-0.0263138506561517,-0.0123775554820895,0.0526305958628654,
UBC_313,5,0.0602559877171915,<0.1,246.139,-51.932,3.3333333333333335,0.4457,0.1206,,,,,,-0.0125557826831936,0.107941135764122,-0.0180357880890369,-0.0188119895756244,0.0502550601959228,0.0605363957583904,
UBC_314,4,3.090293803866819,2-5,243.386,-50.128,1.6750418760469012,0.5138,0.1219,,,,,,0.0211199112236499,0.1464771181344986,0.0431446582078933,0.0389968901872634,0.0614503286778926,0.043423157185316,
UBC_315,5,0.3715349680219835,0.3-0.5,246.376,-47.935,2.3255813953488373,0.4523,0.104,,,,,,0.0382817462086677,0.102116510272026,0.0225298274308443,0.0306319687515497,0.0795882269740104,0.088721789419651,
UBC_317,5,0.323593827469971,0.3-0.5,250.65,-47.894,2.34192037470726,0.4938,0.1347,,,,,,0.0564322471618652,0.131626009941101,-0.0190633051097393,0.0448701158165931,0.0596787333488464,0.0746496319770813,
UBC_318,5,0.0112201894707378,<0.1,251.144,-47.577,3.03951367781155,0.5343,0.1298,,,,,,0.0752545595169067,0.0277483761310577,-0.00567227602005,0.065551683306694,0.0647235587239265,0.0670255273580551,
UBC_32,5,0.1380385355838289,0.1-0.3,279.312,-14.096,0.2806623631770979,0.3534,0.1062,,,,,,0.0507179535925388,0.1279616057872772,0.0530692897737026,-0.0444129928946495,0.0118014868348836,0.0638471022248268,
UBC_324,5,0.794327537013272,0.5-1,255.954,-38.465,1.996007984031936,0.4921,0.0881,,,,,,0.0172089822590351,0.0010328968055546,-0.0575184375047683,-0.0114114182069897,0.0570978000760078,0.0771418288350105,
UBC_337,1,0.0416869273621118,<0.1,271.722,-24.649,1.76678445229682,0.3621,0.2053,,,,,,0.2644511461257934,0.2618749737739563,0.1129472181200981,0.0223561879247427,-0.0931174159049987,-0.0013235402293503,
UBC_338,4,0.2344228197592381,0.1-0.3,271.535,-24.233,1.663893510815308,0.4254,0.1679,,,,,,0.180105447769165,0.172011598944664,0.0200503878295421,0.0169836841523647,0.0063884421251714,0.0438728965818882,
UBC_344,4,0.0034673681999632,<0.1,274.475,-12.083,2.1459227467811157,0.5086,0.0985,,,,,,0.0198957566171884,0.157490536570549,0.0305918790400028,0.059797316789627,0.0202161353081464,0.0643155872821807,
UBC_345,4,0.0144543926289566,<0.1,276.005,-12.256,2.1186440677966103,0.5236,0.0903,,,,,,-0.0248400252312421,0.1192844733595848,0.0307101365178823,0.0850226581096649,0.0611211434006691,0.0563768595457077,
UBC_350,5,0.2344228197592381,0.1-0.3,284.36,-8.936,1.7889087656529514,0.3155,0.1072,,,,,,0.0790756270289421,0.0703632086515426,-0.0698750913143158,-0.0603803992271423,-0.0229508485645055,0.075160451233387,
UBC_353,4,0.0295120780093289,<0.1,280.854,-3.735,2.2831050228310503,0.2527,0.1891,,,,,,-0.0672729536890983,0.1226076930761337,0.1276949346065521,0.1583161652088165,0.0191022474318742,0.0032242038287222,
UBC_354,1,0.1995263191254866,0.1-0.3,282.378,-4.386,1.8518518518518516,0.4972,0.0909,,,,,,0.1935308277606964,0.2935944199562073,0.0937408357858657,0.2984731793403625,-0.0208597835153341,0.0013668911997228,
UBC_355,1,0.0245470816103821,<0.1,281.923,-3.817,2.2172949002217295,0.4305,0.1219,,,,,,0.0523409694433212,0.2387751191854477,0.1748970299959182,0.1923255920410156,0.0005282895290292,-0.0182125717401504,
UBC_441,4,0.1737799912893991,0.1-0.3,99.998,-3.613,2.1231422505307855,0.425,0.0823,,,,,,0.1696773320436477,0.1409518718719482,0.0692949444055557,0.1506040394306183,0.0117586515843868,0.0206497237086296,
UBC_442,1,1.4454392628956645,1-2,100.581,-4.624,5.154639175257731,0.2898,0.1045,,,,,,0.1383573561906814,0.115582026541233,0.1030914559960365,-0.0136330388486385,-0.0163345225155353,0.0118785612285137,
UBC_443,3,0.8912505467113453,0.5-1,98.638,-6.818,3.3557046979865772,0.3909,0.0668,,,,,,0.203115701675415,0.1714905947446823,0.0942803472280502,0.0315749160945415,-0.0091443518176674,0.0314552783966064,
UBC_452,5,1.0,0.5-1,111.185,-19.225,3.875968992248062,0.551,0.1195,,,,,,0.0179882235825061,0.1843616664409637,-0.0040880166925489,-0.0748414695262909,0.0260787587612867,0.0524502210319042,
UBC_461,4,0.0478629903136986,<0.1,119.21,-23.815,3.4965034965034967,0.3968,0.0671,,,,,,0.240019604563713,0.1125178784132003,0.1012746021151542,-0.0048301294445991,-0.0216285828500986,0.0363697297871112,
UBC_467,3,1.4454392628956645,1-2,123.177,-25.657,5.952380952380952,0.4082,0.1343,,,,,,0.060888260602951,0.1399101167917251,0.0654551908373832,-0.0374928005039691,-0.0550976805388927,0.029539743438363,
UBC_470,3,0.0323593827469971,<0.1,121.799,-30.88,3.9840637450199203,0.4088,0.0742,,,,,,0.1085707992315292,0.1128373071551323,0.0216969568282365,-0.0282250996679067,-0.0335502251982688,0.0346953347325325,
UBC_473,1,0.7413100459583173,0.5-1,122.648,-34.297,5.952380952380952,0.3864,0.1069,,,,,,0.3125165700912475,0.2367697954177856,0.1937942653894424,0.0462721996009349,-0.0393974557518959,0.0069252629764378,
UBC_474,3,0.7413100459583173,0.5-1,124.866,-33.216,6.172839506172839,0.4681,0.1042,,,,,,0.0994574725627899,0.1914395093917846,0.0370542332530021,-0.0266219154000282,-0.0146387452259659,0.0347011797130107,
UBC_475,1,0.0398107083132505,<0.1,123.892,-33.904,2.0491803278688523,0.319,0.1103,,,,,,0.1591859757900238,0.1852529495954513,0.1141325309872627,0.003843734273687,-0.0592370070517063,0.0305572059005498,
UBC_476,2,0.0870963704709874,<0.1,126.579,-33.835,4.926108374384236,0.4799,0.0706,,,,,,0.0877951681613922,0.2655703723430633,0.0830373764038086,-0.0613694563508033,-0.0295468848198652,0.0623455196619033,
UBC_479,1,0.0204173767566041,<0.1,124.338,-42.582,1.5432098765432098,0.4199,0.0563,,,,,,0.1716539114713668,0.1441517025232315,0.0779900029301643,0.0677392408251762,-0.03046265989542,0.0240806862711906,
UBC_483,4,,,133.744,-47.42,1.9193857965451055,0.4569,0.111,,,,,,0.0996680185198783,0.1796897947788238,0.0420278497040271,0.0634178891777992,0.0154962055385112,0.0269290339201688,
UBC_488,1,0.1905459546378596,0.1-0.3,139.767,-53.576,8.264462809917356,0.3374,0.1612,,,,,,0.2748810052871704,0.2694072425365448,0.0348018333315849,0.0893859639763832,0.0090881967917084,0.0188550036400556,
UBC_490,1,0.0398107083132505,<0.1,140.563,-53.872,2.9673590504451037,0.4207,0.0621,,,,,,0.3258331418037414,0.2685200572013855,0.0919040888547897,0.0916775315999984,0.033976562321186,0.0082438252866268,
UBC_491,4,0.1819701817628807,0.1-0.3,142.884,-53.001,4.081632653061225,0.3987,0.0659,,,,,,0.1355534791946411,0.1747048944234848,0.0502458810806274,0.0621622651815414,0.0149283409118652,0.0285139437764883,
UBC_492,4,0.0588843629494562,<0.1,148.736,-50.951,2.564102564102564,0.3883,0.1176,,,,,,0.0664753913879394,0.1631048768758773,0.0396612547338008,0.0126942181959748,0.0033626197837293,0.0481594689190387,
UBC_494,1,0.6918312139914402,0.5-1,143.863,-57.313,4.405286343612334,0.3983,0.1108,,,,,,0.1984260827302932,0.122789554297924,0.0152082741260528,0.0045071872882544,-0.0377498529851436,-0.0367472171783447,
UBC_496,5,0.075857777492195,<0.1,159.693,-54.247,1.7513134851138354,0.3448,0.1695,,,,,,0.0606002323329448,0.1485083848237991,0.0340252928435802,-0.031383316963911,-0.0300664659589529,0.051945362240076,
UBC_497,4,,,158.003,-57.01,1.9157088122605364,0.4483,0.0869,,,,,,0.1166323497891426,0.1971150636672973,0.0141855301335453,0.0435371398925781,0.0432095304131507,0.0360881797969341,
UBC_498,4,0.407379955757968,0.3-0.5,155.086,-59.657,3.3898305084745766,0.3958,0.1641,,,,,,0.1297657042741775,0.0507872812449932,0.1028160601854324,0.0530744493007659,-0.0111662568524479,0.0388503819704055,
UBC_499,4,0.0524807206714521,<0.1,158.639,-59.752,2.525252525252525,0.461,0.0697,,,,,,0.159407839179039,0.097243346273899,0.0365681275725364,-0.0171069540083408,-0.0136754056438803,0.0413986258208751,
UBC_5,3,0.1995263191254866,0.1-0.3,238.548,-47.74,0.5602240896358543,0.4132,0.1526,,,,,,0.2077048420906067,0.2999651432037353,0.0563616566359996,0.0002733198052737,-0.0326588675379753,0.0503613203763961,
UBC_500,3,0.2511884225153641,0.1-0.3,162.663,-55.845,2.7027027027027026,0.4049,0.1166,,,,,,0.1133220642805099,0.2329111397266388,0.0814486965537071,-0.0091209635138511,-0.0412934757769107,0.0239794217050075,
UBC_502,4,0.3981075202376551,0.3-0.5,159.583,-59.54,1.8484288354898335,0.4253,0.1151,,,,,,0.2040417641401291,0.1422335803508758,0.0394291542470455,-0.0019481679191812,0.0155282942578196,0.0447396524250507,
UBC_503,5,1.5488151224416984,1-2,156.274,-62.321,2.155172413793103,0.4148,0.0836,,,,,,0.0699455440044403,0.1341905891895294,0.0995930656790733,-0.0470545142889022,-0.0019970815628767,0.053783506155014,
UBC_504,4,0.0112201894707378,<0.1,159.738,-61.099,5.74712643678161,0.4358,0.0908,,,,,,0.0976673811674118,0.032701700925827,-0.0031998853664845,-0.0009816847741603,0.0168690420687198,0.0380199179053306,
UBC_505,3,0.602559215586761,0.5-1,160.939,-60.107,3.3898305084745766,0.4717,0.1064,,,,,,0.1702343672513961,0.1547759622335434,0.0383691675961017,0.0146727049723267,-0.0080293733626604,0.039075382053852,
UBC_506,4,0.2691536695250797,0.1-0.3,159.233,-62.035,3.3444816053511706,0.4999,0.1032,,,,,,0.1060381755232811,0.1191886067390441,-0.0099270464852452,-0.01156163867563,-0.0111856972798705,0.0418978296220302,
UBC_507,3,0.1659587927845761,0.1-0.3,162.594,-61.437,6.8965517241379315,0.4258,0.1473,,,,,,0.1997378468513488,0.2020463198423385,0.0205071829259395,0.0476568937301635,-0.0180263258516788,0.0366352424025535,
UBC_508,3,1.2022642234116694,1-2,164.106,-60.489,7.246376811594202,0.4165,0.116,,,,,,0.1415795087814331,0.1529535353183746,0.0496943481266498,0.0322819724678993,-0.0028429722879081,0.0352287776768207,
UBC_509,4,0.5888442760205689,0.5-1,164.064,-61.089,3.4843205574912894,0.3635,0.0944,,,,,,0.1475652903318405,0.1161276474595069,0.0382545292377471,-0.0414757020771503,-0.010651689954102,0.0399225801229476,
UBC_510,4,0.0154881682297679,<0.1,163.234,-62.747,5.555555555555555,0.4934,0.1283,,,,,,0.1224297359585762,0.061923760920763,0.0687625706195831,0.0163831654936075,-0.0208695773035287,0.0436551608145237,
UBC_511,3,0.5370312303176601,0.5-1,151.935,-70.747,1.335113484646195,0.376,0.1278,,,,,,0.1072931811213493,0.2013380974531173,0.0323964916169643,-0.0616540238261222,-0.0275399554520845,0.0462661758065223,
UBC_512,4,0.2951211041237279,0.1-0.3,166.386,-60.466,4.784688995215311,0.419,0.0954,,,,,,0.1009170487523078,0.2346669137477874,-0.0105777513235807,0.2906287312507629,0.1069010943174362,0.0313793569803237,
UBC_513,4,0.2041739917404129,0.1-0.3,171.342,-61.446,2.7472527472527473,0.483,0.1385,,,,,,0.1297103017568588,0.1612806618213653,-0.0815507918596267,0.0395535863935947,0.0142357992008328,0.0526759251952171,
UBC_514,5,2.238723104986867,2-5,158.561,-73.324,1.9841269841269842,0.4496,0.1319,,,,,,-0.0050989231094717,0.1556752324104309,-0.0209686681628227,-0.0994343757629394,-0.012234172783792,0.0635721161961555,
UBC_515,4,0.008128302305789,<0.1,179.311,-62.968,4.184100418410042,0.4365,0.1033,,,,,,0.2409324645996093,0.1148901730775833,-0.0261635854840278,0.0258344430476427,-0.0250705424696207,0.0336706303060054,
UBC_517,4,0.0223872064696397,<0.1,182.482,-63.791,2.5510204081632653,0.4579,0.1035,,,,,,0.1003036051988601,0.1306104511022567,0.0198466833680868,-0.0254709031432867,-0.0050838920287787,0.0476913452148437,
UBC_519,4,0.645654852868111,0.5-1,185.454,-60.4,3.3444816053511706,0.3524,0.1426,,,,,,0.0950828269124031,0.1348163038492202,0.0336740687489509,-0.0270734000951051,0.0230442006140947,0.0534134246408939,
UBC_520,3,0.794327537013272,0.5-1,186.083,-66.672,2.032520325203252,0.3936,0.1225,,,,,,0.0277484916150569,0.1597328186035156,0.0169624611735343,-0.029046606272459,-0.0728546828031539,0.0440958738327026,
UBC_522,4,0.0151356065017864,<0.1,190.822,-61.627,2.525252525252525,0.4246,0.1238,,,,,,0.0595988929271698,0.1315849274396896,0.0929807499051094,0.0649630948901176,0.0276278741657733,0.0377414487302303,
UBC_523,5,0.1659587927845761,0.1-0.3,191.63,-66.205,3.215434083601286,0.5032,0.1062,,,,,,0.0034250537864863,0.0982998684048652,0.0290393959730863,-0.0558085851371288,-0.0192289669066667,0.0576358027756214,
UBC_526,4,0.018197018176288,<0.1,199.664,-62.523,2.2123893805309733,0.4496,0.1031,,,,,,0.1799090653657913,0.1362826824188232,-0.0640777722001075,-0.0065316031686961,0.016589505597949,0.062150701880455,
UBC_527,2,0.2511884225153641,0.1-0.3,204.529,-66.651,1.8083182640144664,0.4365,0.1288,,,,,,-0.113370805978775,0.2140285074710846,0.1074413731694221,-0.0292381774634122,0.0517737232148647,0.0592646077275276,
UBC_528,4,2.691536695250797,2-5,204.627,-61.607,3.9682539682539684,0.4238,0.0804,,,,,,-0.0392142310738563,0.1598323732614517,0.083071269094944,0.1178842931985855,-0.0245870016515254,0.0766124576330185,
UBC_529,4,0.1659587927845761,0.1-0.3,205.412,-61.922,3.5087719298245617,0.4172,0.0815,,,,,,-0.0088257761672139,0.0924988165497779,0.0746237486600875,0.0688416808843612,-0.0104436185210943,0.0635458379983902,
UBC_531,5,0.0812830230578909,<0.1,211.837,-63.076,2.865329512893983,0.4691,0.103,,,,,,-0.0240560304373502,0.1663033068180084,-0.0441077761352062,-0.0090001709759235,-0.019817903637886,0.0765374451875686,
UBC_533,2,0.0891250546711345,<0.1,230.274,-53.179,1.2642225031605563,0.5508,0.0911,,,,,,-0.005067435093224,0.2405270189046859,0.0902382731437683,-0.0583579912781715,0.0367491096258163,0.0920284613966941,
UBC_541,5,0.021877623926123,<0.1,243.015,-50.188,2.557544757033248,0.5057,0.0977,,,,,,-0.0120105016976594,0.1176176592707634,-0.0201823655515909,0.0031080734916031,0.0342015512287616,0.0466741733253002,
UBC_546,5,0.3388439477987164,0.3-0.5,253.687,-48.459,2.0161290322580645,0.403,0.1093,,,,,,0.0083224205300211,0.1172783374786377,0.0298757385462522,0.0180641245096921,0.0482603050768375,0.0583612285554409,
UBC_548,5,0.4168692736211187,0.3-0.5,250.353,-46.11,2.4570024570024573,0.543,0.1138,,,,,,0.0838508829474449,0.0733765438199043,0.001361227594316,0.0252802595496177,0.0315001532435417,0.0804981887340545,
UBC_550,5,0.0467735223455781,<0.1,252.65,-45.07,2.7027027027027026,0.4967,0.0889,,,,,,0.0211452730000019,0.1767135113477707,-0.0188540071249008,-0.0487491264939308,-0.0129110114648938,0.0579165667295455,
UBC_552,5,0.0112201894707378,<0.1,254.724,-42.06,2.8169014084507045,0.4987,0.0503,,,,,,-0.0331484824419021,0.0546053647994995,0.0416934639215469,-0.0086411256343126,0.0301929041743278,0.0797095224261283,
UBC_553,4,0.0131825639118268,<0.1,253.51,-41.271,1.721170395869191,0.4715,0.0712,,,,,,-0.0758150219917297,0.0476050376892089,0.005967962089926,0.1159448027610778,0.0213091429322958,0.0589392371475696,
UBC_554,5,0.0602559877171915,<0.1,256.116,-41.67,1.8975332068311195,0.482,0.0994,,,,,,-0.0486794672906398,0.1809395253658294,-0.0216106232255697,-0.0302235893905162,-0.0200204420834779,0.0445549711585044,
UBC_557,5,0.1445439262895664,0.1-0.3,256.181,-38.983,1.5873015873015872,0.5173,0.0928,,,,,,-0.0753470584750175,0.0211396515369415,-0.1417680084705352,-0.0035841451026499,0.0668249055743217,0.0715737640857696,
UBC_559,4,0.0114815347022194,<0.1,259.123,-39.699,2.5906735751295336,0.4493,0.0643,,,,,,0.0481034703552722,0.1040687933564186,0.0420083068311214,0.0520444251596927,0.0391999930143356,0.0389724634587764,
UBC_560,5,0.6309576215861531,0.5-1,254.821,-36.071,1.5384615384615383,0.4361,0.154,,,,,,-0.0332494974136352,0.1346422731876373,-0.0272620357573032,-0.0210270415991544,-0.0039655724540352,0.0646810457110405,
UBC_561,4,0.2691536695250797,0.1-0.3,261.208,-37.497,1.6666666666666667,0.4281,0.1124,,,,,,0.0135060120373964,0.1793966591358184,0.1067389249801635,0.1032445356249809,0.0432726889848709,0.0471918508410453,
UBC_562,4,0.0117489801933541,<0.1,262.776,-37.891,2.4813895781637716,0.4306,0.0987,,,,,,-0.0197987630963325,0.0459040217101573,0.078312374651432,0.0301190558820962,-0.0048323138616979,0.0598082803189754,
UBC_572,2,1.9054595463785964,1-2,280.417,-21.959,1.5455950540958268,0.4475,0.1076,,,,,,0.1059975326061248,0.2719560861587524,0.0072609609924256,-0.0212076250463724,0.0150954267010092,0.0509154312312603,
UBC_618,1,0.7244353873869618,0.5-1,96.241,7.617,7.575757575757575,0.374,0.0545,,,,,,0.1569543480873108,0.1868977695703506,0.1763660162687301,-0.0105665735900402,-0.0770396515727043,0.0261048357933759,
UBC_622,3,0.7585777749219503,0.5-1,111.743,9.299,3.4722222222222223,0.4217,0.0441,,,,,,0.0309816598892211,0.1329424977302551,0.1233783215284347,-0.0360771194100379,-0.0136930188164114,0.0284909773617982,
UBC_627,3,2.089294662720361,2-5,120.007,1.469,2.6178010471204187,0.3806,0.0723,,,,,,0.0935556441545486,0.2521551847457886,0.0828162804245948,-0.0592446736991405,-0.0572858676314353,0.0339783504605293,
UBC_632,3,,,121.59,-9.602,3.7878787878787876,0.4298,0.0856,,,,,,0.089951753616333,0.1704978793859481,0.0629418864846229,-0.0703748688101768,-0.047080460935831,0.0308807846158742,
UBC_637,1,1.6595879278457617,1-2,123.755,-22.189,5.46448087431694,0.317,0.1384,,,,,,0.1108812689781189,0.2070237696170807,0.1370323151350021,-0.0371186099946498,-0.068949855864048,0.0262149386107921,
UBC_638,1,1.5848924964027185,1-2,123.753,-22.201,11.363636363636365,0.317,0.1384,,,,,,0.1108812689781189,0.2070237696170807,0.1370323151350021,-0.0371186099946498,-0.068949855864048,0.0262149386107921,
UBC_640,3,0.0870963704709874,<0.1,120.586,-27.873,5.405405405405405,0.3821,0.1065,,,,,,0.2133555114269256,0.1810332685708999,0.0511287897825241,-0.0016457481542602,-0.031101044267416,0.0319435261189937,
UBC_642,5,,,130.42,-22.955,3.134796238244514,0.3453,0.1256,,,,,,0.0498475804924964,0.1685291528701782,0.0394371375441551,-0.0398408584296703,-0.0315440967679023,0.0398024581372737,
UBC_644,1,0.2238723104986867,0.1-0.3,122.523,-34.046,5.05050505050505,0.3839,0.1005,,,,,,0.2856213748455047,0.1765700131654739,0.152166485786438,0.059523057192564,-0.0451203919947147,0.0086242826655507,
UBC_645,1,0.9332548746146908,0.5-1,123.855,-33.814,6.024096385542168,0.3114,0.1081,,,,,,0.1634368896484375,0.1927896589040756,0.120890662074089,0.0033931480720639,-0.0615082792937755,0.0353142768144607,
UBC_646,1,0.0229086835704537,<0.1,124.111,-34.057,9.523809523809524,0.3483,0.0967,,,,,,0.1246570944786071,0.1871405094861984,0.1050568744540214,-0.0203454475849866,-0.0634140744805336,0.0243418402969837,
UBC_648,3,2.238723104986867,2-5,142.543,-34.136,5.813953488372094,0.3685,0.1268,,,,,,0.0866078585386276,0.2224818915128708,0.0681131556630134,-0.0314672738313674,-0.0530795753002166,0.0459184609353542,
UBC_649,2,,,147.701,-34.344,2.2675736961451247,0.3822,0.1106,,,,,,0.0222577489912509,0.2528725862503052,-0.0214736070483922,-0.0950253084301948,-0.0618150196969509,0.0568303316831588,
UBC_650,4,0.0776246877988414,<0.1,145.123,-49.685,3.7878787878787876,0.3661,0.0629,,,,,,0.1285581886768341,0.220198780298233,-0.0155823910608887,0.1353820264339447,-0.0128500731661915,0.0195367708802223,
UBC_653,4,0.0309029380386681,<0.1,160.101,-59.0,2.6109660574412534,0.3847,0.1059,,,,,,0.1109993383288383,0.1184361204504966,0.0340619683265686,-0.0224117301404476,0.0037298738025128,0.0403149761259555,
UBC_654,4,0.0089125054671134,<0.1,159.284,-59.875,4.329004329004329,0.452,0.0861,,,,,,0.2403582334518432,0.1130180582404136,0.06845673173666,0.0030536670237779,-0.0120358131825923,0.0248878616839647,
UBC_655,5,,,158.084,-62.941,3.546099290780142,0.3983,0.1286,,,,,,0.0356503315269947,0.0861768797039985,-0.0917269513010978,0.0115412641316652,-0.0167651828378438,0.0478134602308273,
UBC_656,5,,,160.876,-61.098,4.784688995215311,0.4581,0.0878,,,,,,0.045113481581211,0.2058425843715667,-0.1103321686387062,-0.0397002436220645,-0.0058158161118626,0.0644378960132598,
UBC_657,3,,,161.796,-61.144,5.847953216374268,0.4609,0.1082,,,,,,0.2076124250888824,0.2107207179069519,-0.0114228604361414,0.0299477912485599,-0.0051977476105093,0.0363644957542419,
UBC_659,4,0.0275422906622152,<0.1,167.285,-60.687,2.7247956403269757,0.4349,0.1208,,,,,,0.1001174002885818,0.1523155570030212,0.0223673600703477,0.1556522101163864,0.066686101257801,0.0307032223790884,
UBC_660,4,1.0,0.5-1,168.369,-59.705,2.277904328018223,0.4305,0.0922,,,,,,-0.006666712462902,0.132081925868988,0.0200187601149082,0.0098382188007235,-0.0010475136805325,0.0456935837864875,
UBC_662,5,0.0436515698042876,<0.1,178.897,-61.532,5.05050505050505,0.3782,0.1053,,,,,,0.0503004528582096,0.0836437866091728,-0.0116328662261366,-0.0096359280869364,0.0220692940056324,0.0538028143346309,
UBC_663,4,,,182.773,-63.626,2.770083102493075,0.3845,0.1438,,,,,,0.1046152934432029,0.1302513629198074,-0.0034621134400367,-0.0014520217664539,-0.0024920704308897,0.040820088237524,
UBC_669,5,0.2951211041237279,0.1-0.3,251.81,-46.665,2.6737967914438503,0.4777,0.1152,,,,,,0.0609120056033134,0.0828214511275291,-0.0458196699619293,0.0634076595306396,0.0609196946024894,0.0659490376710891,
UBC_672,5,0.0104712850206276,<0.1,253.128,-41.525,1.7699115044247788,0.4555,0.1231,,,,,,-0.0290488936007022,0.1525173336267471,-0.0475045852363109,0.0711516067385673,0.0378236249089241,0.06809101998806,
UBC_7,5,0.0316227766016837,<0.1,106.786,-37.729,0.2810567734682406,0.2611,0.0836,,,,,,0.1592496186494827,0.1937713027000427,-0.0369117781519889,-0.0668480470776557,-0.0245503615587949,0.0705423131585121,
UBC_80,3,0.0295120780093289,<0.1,91.613,8.745,2.1881838074398248,0.3686,0.0298,,,,,,0.0183666590601205,0.0805205106735229,0.1838749200105667,0.0698172822594642,-0.0900419950485229,0.0377114005386829,
UBC_82,1,0.2754226042194985,0.1-0.3,95.878,8.369,2.358490566037736,0.4652,0.1045,,,,,,0.208354189991951,0.2348490953445434,0.1449449956417083,0.0315519869327545,-0.0587452463805675,0.0067811477929353,
UBC_93,4,0.8128302305789092,0.5-1,268.575,-25.399,2.994011976047904,0.416,0.0926,,,,,,0.1188255995512008,0.1640558987855911,0.0658693835139274,0.0434914231300354,0.0168649796396493,0.0432483255863189,
UBC_95,4,0.3981075202376551,0.3-0.5,268.252,-22.171,2.032520325203252,0.3811,0.1197,,,,,,0.1405400782823562,0.2429479956626892,-0.0575902983546257,0.0393278300762176,0.0064400546252727,0.0431356132030487,
UPK_12,2,0.1995263191254866,0.1-0.3,288.805,-22.143,0.6489292667099287,0.3832,0.0998,,,,,,0.1386979818344116,0.339982658624649,0.0188914015889167,-0.1028774753212928,-0.0546627268195152,0.0512929782271385,
UPK_13,3,0.1778279410038923,0.1-0.3,282.007,-18.281,0.9407337723424272,0.3886,0.1715,,,,,,0.2103862315416336,0.2340946197509765,0.0901833772659301,0.0504475496709346,-0.0529371127486228,0.0481713712215423,
UPK_18,5,0.7244353873869618,0.5-1,280.763,-15.325,0.78125,0.4094,0.0592,,,,,,-0.0176482312381267,0.1601945161819458,0.0062152943573892,-0.0440771803259849,-0.0081716980785131,0.086437240242958,
UPK_20,5,2.137961713919407,2-5,281.145,-14.456,0.4750593824228029,0.458,0.1818,,,,,,-0.0153641384094953,0.0734626650810241,0.0701812282204628,-0.0900949612259864,-0.0370537862181663,0.077207550406456,
UPK_23,5,0.1096478099832217,0.1-0.3,282.218,-12.879,0.9794319294809012,0.4341,0.1453,,,,,,0.0384856238961219,0.1349533349275589,0.0237989071756601,-0.0226148199290037,0.0106511153280735,0.0729054510593414,
UPK_24,5,0.2691536695250797,0.1-0.3,282.646,-10.788,0.5141388174807198,0.3496,0.1613,,,,,,-0.0336226671934127,0.2027716487646103,-0.0892158895730972,-0.0273917987942695,-0.0120700383558869,0.0832949355244636,
UPK_31,5,0.5011870135142811,0.5-1,285.913,-8.51,0.5485463521667581,0.457,0.1172,,,,,,0.1316379606723785,0.1663492172956466,-0.0741175487637519,-0.1296252757310867,0.0127664329484105,0.0929558426141738,
UPK_33,4,0.2818381693478142,0.1-0.3,280.046,-4.333,0.5141388174807198,0.4323,0.0717,,,,,,0.0228398777544498,0.2271485179662704,0.1185985207557678,0.1220046579837799,0.0535893514752388,0.0228421464562416,
UPK_4,4,0.2754226042194985,0.1-0.3,281.361,-23.764,0.8071025020177562,0.4652,0.0942,,,,,,0.1955582499504089,0.1583212614059448,0.0527977757155895,0.0269963089376688,0.0034822896122932,0.052106998860836,
UPK_40,5,0.5370312303176601,0.5-1,292.631,-6.882,0.657030223390276,0.4276,0.1164,,,,,,0.0477340258657932,0.1529616713523864,0.0270948186516761,-0.0243525616824626,0.0042783836834132,0.0741975009441375,
UPK_436,1,0.0257039487966919,<0.1,100.18,-8.126,0.8643042350907519,0.3986,0.058,,,,,,0.1582908481359481,0.2301774471998214,0.1117845997214317,0.0183106623589992,-0.0485483221709728,0.0148629210889339,
UPK_442,4,0.1698241862446276,0.1-0.3,98.4,-11.549,0.6418485237483954,0.4235,0.0618,,,,,,0.1707459390163421,0.1215178370475769,0.136296346783638,0.1313213407993316,0.0212281234562397,0.0248492993414402,
UPK_45,2,0.1047129651766653,0.1-0.3,291.696,0.212,0.9017132551848512,0.3946,0.1241,,,,,,0.0209856778383255,0.2242781668901443,0.0539641603827476,-0.0729641839861869,-0.010752709582448,0.0687173753976821,
UPK_457,3,,,104.482,-18.741,0.9803921568627451,0.4046,0.0624,,,,,,0.0602105446159839,0.1685083210468292,0.1023715212941169,-0.0195277202874422,-0.046933114528656,0.0337877310812473,
UPK_46,3,0.1548815122441698,0.1-0.3,294.707,-1.363,0.6802721088435374,0.3276,0.1135,,,,,,0.0696479976177215,0.1815772950649261,0.0045532244257628,0.0100717069581151,-0.0581357777118682,0.0617856383323669,
UPK_50,4,0.21877623926123,0.1-0.3,283.309,8.172,1.0309278350515465,0.3717,0.1827,,,,,,-0.0415197908878326,0.3048227727413177,0.1186364889144897,0.1434097588062286,0.0227663516998291,0.0325268097221851,
UPK_508,4,0.1,<0.1,135.775,-34.942,0.8488964346349746,0.3387,0.077,,,,,,0.0684566423296928,0.151121586561203,0.0118793724104762,0.0601674541831016,-0.0124882375821471,0.0353176556527614,
UPK_526,2,0.0309029380386681,<0.1,115.198,-52.839,0.5841121495327103,0.4235,0.0564,,,,,,-0.0370509028434753,0.2319686114788055,-0.0843717381358146,-0.0961139425635337,-0.0180168207734823,0.0404789708554744,
UPK_533,2,0.0891250546711345,<0.1,122.798,-52.529,0.34566194262011757,0.2485,0.1503,,,,,,0.0890126526355743,0.2818996608257293,0.0167647823691368,-0.060086328536272,-0.0571967512369155,0.0566509515047073,
UPK_540,2,0.0371535375952047,<0.1,114.567,-58.609,0.3720238095238095,0.3631,0.1318,,,,,,-0.0079898657277226,0.2765868902206421,0.1097565293312072,-0.0418320931494236,-0.0370973907411098,0.0609272047877311,
UPK_542,1,0.6309576215861531,0.5-1,134.258,-54.303,0.8347245409015025,0.399,0.1068,,,,,,0.231751412153244,0.2118341624736786,0.1417493671178817,0.0514182858169078,-0.0472050756216049,0.0116495601832866,
UPK_545,5,0.0794328409152129,<0.1,130.809,-58.629,0.32938076416337286,0.3619,0.1537,,,,,,-0.0562548637390136,0.199720561504364,0.0756974294781684,-0.0680502951145172,-0.0307701826095581,0.034432653337717,
UPK_549,4,0.9332548746146908,0.5-1,146.49,-52.49,1.0416666666666667,0.4207,0.0763,,,,,,0.0872737616300582,0.1465778052806854,0.0556917674839496,0.1404536068439483,-0.020841022953391,0.0295431707054376,
UPK_552,5,0.1174896729347291,0.1-0.3,158.509,-47.263,0.32722513089005234,0.3697,0.1012,,,,,,0.0640890896320343,0.1918306648731231,-0.0126910656690597,-0.0593100972473621,-0.0176880601793527,0.0560668185353279,
UPK_560,3,0.323593827469971,0.3-0.5,158.037,-44.451,0.6020469596628537,0.4239,0.0796,,,,,,0.0764059871435165,0.1354216784238815,0.0087432814761996,-0.0207460112869739,-0.0292204432189464,0.0367582738399505,
UPK_562,5,0.097723670593248,<0.1,165.861,-56.978,0.8340283569641367,0.3569,0.1086,,,,,,0.0359713397920131,0.0848114192485809,-0.1352806836366653,-0.0782940760254859,-0.0627296492457389,0.0957221090793609,
UPK_567,5,0.3388439477987164,0.3-0.5,161.029,-67.524,0.6501950585175552,0.3892,0.1096,,,,,,0.0241393223404884,0.0459671318531036,-0.036362987011671,-0.0307362470775842,-0.0189596880227327,0.071004182100296,
UPK_578,3,0.8709627484287175,0.5-1,192.965,-57.367,0.9569377990430623,0.4563,0.1429,,,,,,0.085437074303627,0.1424105763435363,0.0218093935400247,-0.0268744695931673,-0.0386837944388389,0.0284814164042472,
UPK_579,5,0.1202264223411669,0.1-0.3,192.917,-50.541,0.731528895391368,0.3576,0.133,,,,,,0.0365101471543312,0.163684532046318,0.0135007100179791,-0.0841998681426048,-0.029602913185954,0.049904853105545,
UPK_585,3,0.0776246877988414,<0.1,212.787,-75.872,0.7204610951008646,0.403,0.1112,,,,,,0.022228455170989,0.2149944305419922,0.0292578302323818,-0.0607675798237323,-0.0529969036579132,0.0548678264021873,
UPK_587,3,0.1174896729347291,0.1-0.3,200.909,-49.907,0.8992805755395683,0.3581,0.1573,,,,,,0.114472858607769,0.1869495213031768,0.0346216782927513,-0.0758166387677192,-0.0499709770083427,0.0567452944815158,
UPK_599,2,0.0194984442849023,<0.1,205.84,-38.576,0.6858710562414266,0.2398,0.1554,,,,,,-0.0550922974944114,0.2379358857870102,0.0252358727157115,-0.113001212477684,-0.0928463563323021,0.060335200279951,
UPK_604,4,0.0426579631209555,<0.1,224.4,-59.75,0.7662835249042146,0.4792,0.117,,,,,,0.0202053654938936,0.1592986434698104,0.0769205391407013,0.1181971803307533,0.0910476595163345,0.0703400447964668,
UPK_606,2,,,216.12,-46.39,0.17015484090522376,0.4004,0.1571,,,,,,0.0356448516249656,0.2376029938459396,0.0041550109162926,-0.1222734972834587,-0.0513879843056201,0.063897468149662,
UPK_607,5,0.0154881682297679,<0.1,225.058,-57.148,0.9532888465204957,0.4132,0.1166,,,,,,0.0696550980210304,0.1605065315961837,0.0095175923779606,-0.0435705557465553,-0.0131949670612812,0.0604341737926006,
UPK_612,5,0.1,<0.1,253.423,-67.788,0.23132084200786487,0.3493,0.1682,,,,,,0.0144763039425015,0.1544588953256607,0.0038995975628495,-0.0717729926109314,-0.0238751731812953,0.0604359023272991,
UPK_613,5,0.0831763917221371,<0.1,226.276,-49.152,0.8726003490401397,0.362,0.1678,,,,,,0.0138326287269592,0.141633540391922,-0.0147768585011363,-0.0532389543950557,-0.0537937209010124,0.0773806422948837,
UPK_614,5,0.1,<0.1,231.204,-53.967,0.9107468123861566,0.4615,0.107,,,,,,0.0538191013038158,0.0989195182919502,-0.0112747028470039,-0.0631705522537231,0.0180852264165878,0.0604110695421695,
UPK_624,5,0.0398107083132505,<0.1,254.138,-60.422,0.3194888178913738,0.3804,0.1432,,,,,,0.0554759204387664,0.1671245247125625,0.0463837012648582,-0.0887657925486564,-0.0206347703933715,0.0709837153553962,
UPK_629,3,0.5248077829311784,0.5-1,255.222,-55.976,0.9442870632672333,0.4001,0.1288,,,,,,0.0517506673932075,0.1791602075099945,0.0163454953581094,-0.0449781529605388,-0.0563613101840019,0.0560979172587394,
UPK_630,5,0.1122018947073786,0.1-0.3,249.193,-51.304,0.9551098376313276,0.5178,0.0894,,,,,,0.0054995417594909,0.1199765503406524,-0.0506307110190391,-0.0598132461309433,0.0462326146662235,0.0607562661170959,
UPK_642,5,0.1659587927845761,0.1-0.3,263.081,-44.242,0.9756097560975611,0.4272,0.1318,,,,,,-0.0124380839988589,0.1147251948714256,0.0130154062062501,-0.1624822318553924,0.0075586503371596,0.0728388950228691,
UPK_645,2,0.1047129651766653,0.1-0.3,270.167,-42.783,0.6993006993006994,0.2803,0.1657,,,,,,0.0389496572315692,0.2452553510665893,0.0267409179359674,-0.0678760930895805,-0.044483259320259,0.06985904276371,
UPK_654,5,0.0794328409152129,<0.1,277.329,-34.528,0.5076142131979695,0.3745,0.1549,,,,,,0.0200431328266859,0.0723204240202903,-0.0096540842205286,-0.0711529180407524,-0.0469018928706646,0.0716428384184837,
Westerlund_1,5,,,251.76,-45.852,3.9682539682539684,0.5316,0.1397,,,,,,0.0074164634570479,0.1337415277957916,-0.0706617832183837,-0.0398744046688079,-0.0284343566745519,0.0795746520161628,
vdBergh_80,4,0.006456541439665,<0.1,97.739,-9.625,0.9756097560975611,0.3601,0.0891,,,,,,0.0621027275919914,0.3342033624649048,0.127979427576065,0.1328949779272079,-0.0094982581213116,0.0092395497485995,
vdBergh_85,3,0.0043651569804287,<0.1,101.718,1.32,1.8115942028985506,0.3484,0.0874,,,,,,0.1382340639829635,0.1150745525956153,0.0481121130287647,-0.0545278824865818,-0.0469328872859478,0.024415448307991,
