cluster_name,fe_h,mg_fe,mg_pred,mg_resid,mg_zscore,off_locus,age_gyr,age_bin,C_O_std,ra_cl,dec_cl,dist_cl,si_fe,al_fe,ba_fe,eu_fe,mn_fe,ni_fe
ASCC_16,-0.0891607157592592,0.033851250537037,0.0236511354118115,0.0102001151252255,0.3128127908437759,False,0.0134896323805684,<0.1,0.14,81.198,1.655,0.3523608174770965,0.031711426274074,0.0875099612222222,0.0159328952431678,0.2390760481357574,-0.0353233478963375,0.0350805185735225
ASCC_21,-0.1563189800173913,0.0809509042721739,0.0354342224708266,0.0455166818013473,1.395886231618659,False,0.0089125054671134,<0.1,0.0831,82.179,3.527,0.34891835310537334,0.1009954578695652,0.1191961203347826,0.1127228662371635,0.2807877361774444,-0.0304888375103473,0.0471037253737449
ASCC_29,-0.152435108942857,0.0227017165357142,0.0347009942743761,-0.0119992777386619,-0.3679887443875717,False,0.0933253849940474,<0.1,0.1163,103.571,-1.67,1.0593220338983051,0.0876171890714285,0.0261098731642857,0.1672107428312301,0.1674398183822631,-0.0359271392226219,0.0285014510154724
ASCC_32,-0.0475115042499999,0.06790404525,0.0172987688085331,0.0506052764414668,1.5519410870106254,False,0.0251188698309886,<0.1,0.1439,105.714,-26.512,0.8130081300813008,0.0792922690875,0.127751804375,0.0165743231773376,0.22902312874794,-0.0365070924162864,0.0669971704483032
ASCC_41,-0.190494596,0.0263119515999999,0.0421602998962967,-0.0158483482962967,-0.4860304025950061,False,0.2137961713919407,0.1-0.3,0.0356,116.674,0.137,0.2983293556085919,0.1273524836,0.043170773,0.2057958096265792,0.1337392032146453,-0.0872919261455535,0.0334995798766613
ASCC_58,-0.0392040588285714,0.0101502883928571,0.0161191778019479,-0.0059688894090907,-0.1830513608300341,False,0.0524807206714521,<0.1,0.1192,153.657,-55.001,0.4854368932038835,0.0904758621428571,0.086243,0.0875314101576805,0.198344811797142,0.0023028010036796,0.0548906587064266
ASCC_66,-0.1348579364666667,0.0506568107141666,0.0314621376229512,0.0191946730912154,0.5886540676534051,False,0.0588843629494562,<0.1,0.1407,168.367,-55.437,1.001001001001001,0.0862762184166666,0.06356561775,0.1155989691615104,0.1069938987493515,-0.009823047555983,0.0464134700596332
ASCC_67,-0.0071123293333333,0.0192491949166666,0.0118356489695347,0.0074135459471318,0.2273554728843917,False,0.0371535375952047,<0.1,0.0745,175.28,-61.013,2.074688796680498,0.0623789131166666,0.0704234199166666,0.1472491472959518,0.1564118713140487,-0.0121443895623087,0.0425954759120941
ASCC_71,-0.0711594095384615,-0.0105062629384615,0.0208158463035559,-0.0313221092420174,-0.9605731196972616,False,0.1288248533293804,0.1-0.3,0.0806,185.033,-67.509,1.272264631043257,0.0704836386923076,0.121336069,0.058362528681755,0.1518816798925399,-0.044548112899065,0.032163880765438
ASCC_73,-0.169497145,-0.036794881,0.0379694894120544,-0.0747643704120544,-2.2928419019932824,True,0.3388439477987164,0.3-0.5,0.0958,189.281,-67.203,0.6587615283267457,0.09818873,0.2407966885,0.0439855679869651,0.1098457351326942,-0.0622589588165283,0.0303266271948814
ASCC_77,0.02311151965625,0.06913223814375,0.0081983818727065,0.0609338562710434,1.868693578749892,False,0.0812830230578909,<0.1,0.1084,212.694,-62.331,1.187648456057007,0.0727156205375,0.06654677526875,-0.1114221960306167,0.1223808005452156,0.0582915395498275,0.0789803117513656
ASCC_79,0.0628442510117647,-0.0044710821882352,0.0040025855669323,-0.0084736677551676,-0.2598668374459454,False,0.0186208705488312,<0.1,0.133,229.731,-60.798,0.8503401360544218,0.0656229478235294,0.0966974754117647,-0.0138014061376452,0.1358521282672882,0.0526899807155132,0.059971697628498
ASCC_85,-0.00553876775,-0.0157865579999999,0.0116367783340954,-0.0274233363340954,-0.8410072109579495,False,0.0707945628925188,<0.1,0.124,251.853,-45.555,0.8936550491510277,0.04155399375,0.05364668025,-0.0009780069813132,0.1309016793966293,-0.0185069795697927,0.0702328905463218
ASCC_87,-0.1237876734485714,0.0550668831428571,0.0294891143005175,0.0255777688423395,0.7844081323496142,False,0.0831763917221371,<0.1,0.1325,255.658,-28.421,0.7874015748031495,0.1060798147142857,0.0796406299142857,0.1173843070864677,0.1097769737243652,-0.0399529710412025,0.0738245770335197
ASCC_97,-0.0141206641999999,0.0012590351199999,0.0127340556806981,-0.0114750205606981,-0.3519110483081277,False,0.1122018947073786,0.1-0.3,0.0926,279.263,-19.139,0.5747126436781609,0.0632795166,0.0199664552,-0.0055359425023198,0.0527283847332,-0.0094586703926324,0.0570113733410835
ASCC_99,-0.1007427756363636,0.0581439199999999,0.0255475761603246,0.0325963438396753,0.9996508041929304,False,0.3548135450617081,0.3-0.5,0.1499,282.17,-18.488,0.297000297000297,0.0829794547272727,0.1204785210363636,0.1511311680078506,0.2156623303890228,-0.0345326103270053,0.0560285411775112
Alessi_13,-0.0382291283333333,0.0617967126666666,0.0159826527185438,0.0458140599481227,1.4050060980992567,False,0.0354813545061708,<0.1,0.1365,51.762,-35.821,0.10434056761268781,0.053066126,0.1331154983333333,-0.0942191258072853,,-0.0756058171391487,0.037156268954277
Alessi_15,-0.1166619915,0.0040090905,0.0282464494102564,-0.0242373589102564,-0.7433010108532424,False,0.0338844319835388,<0.1,0.0122,100.767,1.672,10.75268817204301,0.0554128192499999,0.05691280625,0.2426262199878692,0.3141284883022308,0.0195886939764022,0.016780013218522
Alessi_24,-0.1884406533555844,0.1025647699324675,0.0417421601243904,0.060822609808077,1.8652819195553856,False,0.0724436182787123,<0.1,0.1751,260.764,-62.693,0.4856726566294317,0.1259599882324675,0.095424510293421,-0.009439093992114,0.2023493200540542,-0.0714960098266601,0.0617458187043666
Alessi_43,-0.05091663375,-0.0155684456833333,0.0177906755932376,-0.0333591212765709,-1.0230433380906985,False,0.0114815347022194,<0.1,0.13,132.631,-41.738,0.9689922480620154,0.0254156909858333,0.0270647980333333,0.1060376539826393,0.1838312149047851,-0.0306418091058731,0.0141696156933903
Alessi_5,-0.0453726884999999,0.0272440434083333,0.0169922934039792,0.0102517500043541,0.3143963073479325,False,0.0676082856622264,<0.1,0.0862,160.819,-61.081,0.39984006397441024,0.0966496186333333,0.0842339751083333,0.0548818968236446,0.1903991848230362,-0.014393669553101,0.063060276210308
Alessi_59,-0.2104325,0.0322825005,0.0463116507031236,-0.0140291502031236,-0.4302400094830883,False,,,0.0984,103.078,2.196,4.405286343612334,0.0857489987166666,0.0933163843333333,0.2902962267398834,0.254410982131958,-0.0268501192331314,0.0272939633578062
Alessi_8,0.1255209598,0.0144287197999999,-0.0012633292763965,0.0156920490763965,0.4812370846193337,False,0.1174896729347291,0.1-0.3,0.0928,232.408,-51.227,0.676132521974307,0.0640213776999999,0.132160454,-0.1225261092185974,0.1705086827278137,0.0679346919059753,0.0813052132725715
Alessi_9,-0.085018236,0.0617585171999999,0.022986576177925,0.0387719410220749,1.1890413910673758,False,0.2818381693478142,0.1-0.3,0.1354,265.974,-47.028,0.20738282870178348,0.1064274604,0.114316408,0.0904152542352676,0.1336796879768371,-0.0867733582854271,0.0624458491802215
Alessi_Teutsch_12,-0.0523875771764706,0.060212955817647,0.0180046804806809,0.0422082753369661,1.2944254297881714,False,0.0870963704709874,<0.1,0.1664,255.421,-58.981,0.6127450980392157,0.0917911985305882,0.1106459805682353,-0.003238684264943,0.199427530169487,-0.0202973112463951,0.0603239499032497
Alessi_Teutsch_8,0.0901145632222222,-0.0320203824444444,0.0015079191036303,-0.0335283015480748,-1.028231686676485,False,0.1174896729347291,0.1-0.3,0.1079,180.649,-60.935,1.0341261633919339,0.0391062512222222,0.0699806241666666,0.1134396791458129,0.1717391014099121,0.0247305762022733,0.035556361079216
Andrews_Lindsay_5,0.02159143975,-0.0057486986,0.0083721190699319,-0.0141208176699319,-0.4330512283536462,False,,,0.1396,281.079,-4.931,7.2992700729927,0.078942456,0.04702371425,0.0926115810871124,0.2224357277154922,-0.0185731053352355,0.0620117858052253
BH_111,0.0026455895620689,0.0254858238506896,0.0106192503159111,0.0148665735347784,0.4559217519219374,False,0.1949844428490234,0.1-0.3,0.1069,167.32,-63.834,2.949852507374631,0.0669247715710344,0.0939351166551724,0.0364273376762867,0.1052231043577194,0.0438609793782234,0.0627511739730835
BH_118,-0.0366005511736842,0.0117321129526315,0.0157554873692212,-0.0040233744165896,-0.1233871347932492,False,1.9054595463785964,1-2,0.1109,170.765,-58.549,15.384615384615383,0.0817050781526315,0.0594683377526315,0.0787877216935157,0.1108704805374145,-2.5428831577301025e-05,0.0549754872918129
BH_121,-0.11510314735,0.0509578835,0.0279774519907066,0.0229804315092933,0.704754096102161,False,0.0026302684539632,<0.1,0.123,174.661,-63.387,2.5839793281653747,0.1179054079999999,0.1048134273,0.0774471759796142,0.1726302653551101,-0.012596626766026,0.0422122478485107
BH_132,0.1590904739999999,-0.01391657225,-0.0034028023724977,-0.0105137698775022,-0.3224318213367194,False,0.1584892496402718,0.1-0.3,0.0772,186.72,-64.058,2.7624309392265194,0.047361897325,0.134871976825,0.0010188911110162,0.0989855453372001,0.1403244733810424,0.0547857359051704
BH_144,0.0478927065,-0.0128192694541666,0.0055033874482457,-0.0183226569024124,-0.5619114461896692,False,1.4791086480080835,1-2,0.1444,198.808,-65.92,22.22222222222222,0.0669391027083333,0.0318251629166666,0.0528727956116199,0.1209552958607673,0.0207421258091926,0.0768258720636367
BH_150,0.0257309350411764,-0.0011855725764705,0.0079012816095464,-0.009086854186017,-0.2786717780163871,False,0.021877623926123,<0.1,0.1563,204.506,-63.346,5.617977528089888,0.05148637,0.1024757581058823,-0.0227679815143346,0.0048544183373451,0.0278280135244131,0.0625277459621429
BH_151,-0.0061931496666666,0.0436942468333333,0.0117193539833443,0.0319748928499889,0.9805924096483754,False,0.0158489249640271,<0.1,0.0696,205.051,-61.731,5.6818181818181825,0.032149444,0.0839645335833333,0.0528872460126876,0.139298141002655,-0.0191720947623252,0.0712831690907478
BH_19,-0.1890717416666666,0.0305085908333333,0.0418704472599897,-0.0113618564266564,-0.3484405787929875,False,0.3090293803866819,0.3-0.5,0.1187,121.768,-32.355,5.2631578947368425,0.1265590691666666,-0.0040320886666666,0.1025206297636032,0.181909367442131,-0.03953717648983,0.05269281193614
BH_202,0.0984413047499999,0.0038396302499999,0.0008086650763613,0.0030309651736386,0.092952350368224,False,0.3801893295314407,0.3-0.5,0.0953,253.779,-40.947,1.8148820326678765,0.034360103,-0.065851656,-0.0187707617878913,,0.0120273781940341,0.0529032461345195
BH_211,0.0500403935,-0.008194027625,0.0052820120211336,-0.0134760396461336,-0.4132774502518395,False,0.4265796312095559,0.3-0.5,0.0596,255.535,-41.113,1.9083969465648853,0.03528508375,0.0701307755833333,-0.0331850014626979,0.1083841547369957,0.0665116608142852,0.0431582294404506
BH_217,0.0688557313333333,-0.0108259696666666,0.0034257261305923,-0.0142516957972589,-0.4370649430781325,False,0.0346736819996329,<0.1,0.043,259.071,-40.815,3.2258064516129035,0.0271205046666666,0.108176078,0.1275732517242431,0.0964997634291648,,0.0289330389350652
BH_23,-0.163636278,0.0206127734875,0.0368329144646297,-0.0162201409771297,-0.497432382345122,False,0.0288403175645028,<0.1,0.0501,123.449,-36.329,0.4430660168365086,0.0770849004166666,0.0258451606666666,0.1620362401008606,0.1094609424471855,-0.0658948644995689,0.0395689867436885
BH_54,-0.1183581397999999,0.0301561492,0.0285403038957389,0.001615845304261,0.0495540563015504,False,0.0087096370470987,<0.1,0.092,132.413,-44.353,2.380952380952381,0.1238561129999999,-0.0147025956,0.1414758861064911,0.2915233671665191,0.0442800857126712,0.0312137249857187
BH_56,-0.09946482475,-0.03759038425,0.0253355498489814,-0.0629259340989814,-1.9297857740128856,False,0.0177827941003892,<0.1,0.0503,134.355,-43.181,0.9276437847866419,0.12982149425,0.0416881274999999,0.2489310652017593,,0.0720525905489921,0.0242308545857667
BH_66,-0.028043793125,0.017570278125,0.0145802989376571,0.0029899791873428,0.091695409578707,False,0.7244353873869618,0.5-1,0.0738,141.314,-54.719,10.309278350515463,0.04287505739,0.076010333975,0.1846091151237487,0.1419895738363266,-0.0181214027106761,0.0070571517571806
BH_67,0.0649971092666666,-0.0373227166666666,0.0037942473177728,-0.0411169639844395,-1.260957557546309,False,0.6165949477018448,0.5-1,0.0839,141.687,-51.273,10.204081632653061,0.0396086886666666,0.0071702766666666,0.1705993860960006,0.0928176119923591,-0.0282645542174577,0.0375673361122608
BH_72,-0.070212632556,-0.0185142215333333,0.0206705054244232,-0.0391847269577565,-1.2017005345158938,False,0.2238723104986867,0.1-0.3,0.0651,142.838,-53.04,9.090909090909092,0.07688627476,0.0223160275333333,0.1443399339914322,0.1414398550987243,0.0129448333755135,0.0299321338534355
BH_78,0.047097817875,-0.029263777625,0.0055858145142702,-0.0348495921392702,-1.06875246436117,False,0.3388439477987164,0.3-0.5,0.096,145.952,-56.574,6.666666666666667,0.0433161493124999,0.099249729175,0.1049208492040634,0.2315713465213775,0.0414130575954914,0.0408639088273048
BH_84,0.0297091133181818,-0.0106518959954545,0.0074555988465342,-0.0181074948419887,-0.5553129476650432,False,0.1348963238056844,0.1-0.3,0.1246,150.331,-58.218,5.0,0.0425031101681818,0.0571111978181818,0.0787523314356803,0.1300598084926605,0.0221136920154094,0.0317774973809719
BH_85,-0.0813987431846154,0.0174324307692307,0.0224118384319342,-0.0049794076627035,-0.1527063556240723,False,2.290865841769215,2-5,0.1238,150.469,-49.564,9.433962264150944,0.0675724339230769,0.089483093076923,0.0849701538681984,0.1457243263721466,-0.0212089512497186,0.0451437830924987
BH_90,-0.0492250512,0.0701647785999999,0.0175456977964934,0.0526190808035065,1.613699582377518,False,0.1258926517592568,0.1-0.3,0.1024,153.064,-58.069,2.710027100271003,0.087790286,0.1002191059999999,0.1037239655852317,0.0307300277054309,-0.0323182456195354,0.0331507697701454
BH_92,0.0059269947692307,-0.0123481974384615,0.01021921593374,-0.0225674133722015,-0.6920878315995891,False,0.2137961713919407,0.1-0.3,0.1424,154.779,-56.425,2.5773195876288657,0.0162533792307692,0.0477403276307692,0.2063990235328674,0.2382551729679107,0.0102928094565868,0.0053762821480631
BH_99,-0.0604197504210526,0.0042266001363157,0.0191893539286308,-0.014962753792315,-0.4588713671385041,False,0.0954992627963111,<0.1,0.1107,159.553,-59.168,0.449438202247191,0.0571507372105263,0.0562459602105263,0.1546831727027893,0.1436281055212021,0.0158341694623231,0.0350461639463901
Basel_17,-0.0499809278333333,0.0035359624999999,0.0176550160438398,-0.0141190535438398,-0.4329971268852322,False,0.1047129651766653,0.1-0.3,0.1139,167.65,-59.047,2.2831050228310503,0.067051864,0.0440779941666666,0.1264003366231918,0.1373135298490524,-0.012516257353127,0.0310346111655235
Basel_18,-0.0503885588888888,0.0566629841111111,0.0177140694215059,0.0389489146896051,1.1944687442066624,False,0.0275422906622152,<0.1,0.0901,201.967,-62.306,1.968503937007874,0.0354715354444444,0.0844049186666666,0.0305018499493598,0.1894686371088028,-0.0304998327046632,0.0524745769798755
Basel_8,-0.1027892032999999,-0.0167446166083333,0.0258885351380695,-0.0426331517464028,-1.307455358741708,False,0.069183121399144,<0.1,0.1308,98.55,8.005,1.6,0.0612394289999999,-0.0068436831666666,0.1209765300154686,0.1478448510169983,-0.056938100606203,0.0115224393084645
Berkeley_20,-0.03350337,0.0031058280459999,0.0153265555824201,-0.0122207275364201,-0.3747800725655483,False,4.786304286528699,2-5,0.0735,83.152,0.185,25.0,0.071956017,0.0178278981999999,0.0448134616017341,0.2150421142578125,0.0027507066261023,0.0639766305685043
Berkeley_22,-0.2092275220666666,0.0569090959556666,0.0460560000779289,0.0108530958777376,0.3328381267397839,False,2.454710856206481,2-5,0.0805,89.618,7.763,14.492753623188404,0.0832854022066666,0.0845528218933333,0.1306461542844772,0.194390594959259,-0.0542948804795742,0.0155365793034434
Berkeley_24,-0.2450342626666666,0.056810068,0.0539139543987648,0.0028961136012351,0.0888167797207063,False,1.4125363038976315,1-2,0.1112,99.452,-0.874,6.410256410256411,0.12845978,0.1063265982666666,0.2559469044208526,0.232353001832962,-0.068631924688816,0.0191653538495302
Berkeley_25,-0.1121493665947368,0.0461232538578947,0.0274705506130752,0.0186527032448194,0.5720331669946442,False,2.454710856206481,2-5,0.1369,100.317,-16.487,12.987012987012987,0.0826048613421052,0.0669215942631579,0.0477617867290973,0.1474132686853408,-0.0333698280155658,0.0263145714998245
Berkeley_32,-0.2583733836388889,0.0487724271111111,0.0569794497729601,-0.008207022661849,-0.2516894791728476,False,4.897783461428336,2-5,0.0855,104.53,6.433,3.571428571428571,0.0693101529777777,0.0413961357716666,0.1425853967666626,0.2671187222003937,-0.0663278326392173,0.0286699999123811
Berkeley_33,-0.1654301445555555,0.0517195451111111,0.0371792543655577,0.0145402907455533,0.4459154501646759,False,0.2344228197592381,0.1-0.3,0.0777,104.456,-13.227,6.944444444444445,0.1373469611111111,0.0533497269999999,0.0919907018542289,0.310706079006195,-0.0288960561156272,0.0437902510166168
Berkeley_39,-0.1537422870785714,0.0380041703785714,0.0349470639336452,0.0030571064449261,0.0937540397538123,False,5.62341325190349,>5,0.0526,116.702,-4.665,4.975124378109452,0.0533687895714285,0.0171099005621428,0.1987693160772323,0.2263047397136688,-0.0688397362828254,0.0089270416647195
Berkeley_73,-0.2812567069230769,0.0633530781538461,0.0624130147148895,0.0009400634389565,0.0288294655795568,False,1.4125363038976315,1-2,0.0751,95.52,-6.321,7.8125,0.0986239623076923,0.0763082310538461,0.105449840426445,0.2841059267520904,-0.0299122240394353,0.0364345200359821
Berkeley_75,-0.2061560328888889,0.056241156534074,0.045407114850328,0.010834041683746,0.3322537808253863,False,1.698241862446276,1-2,0.1216,102.252,-23.999,11.363636363636365,0.093698485717037,0.0769504872592592,0.0310445539653301,0.1291902214288711,-0.0576332546770572,0.0245666541159153
Berkeley_78,-0.2043760180416666,0.0595280684916666,0.0450328875452515,0.0144951809464151,0.4445320420374553,False,3.890452816839944,2-5,0.0926,110.913,5.37,5.347593582887701,0.0821479268375,0.0615042488166666,0.2484692335128784,0.3086907863616943,-0.0698594078421592,0.0286588054150342
Bica_3,0.0055913046666666,0.0096988379333333,0.0102599313319483,-0.0005610933986149,-0.0172073736217646,False,,,0.1763,276.519,-13.058,2.557544757033248,0.081713482,0.1009440213333333,0.0847029313445091,0.1908529251813888,0.0455276444554328,0.0307594332844018
Blanco_1,-0.1309238052727272,0.1122204491363636,0.0307550510932315,0.081465398043132,2.4983461663142514,True,0.1047129651766653,0.1-0.3,0.1945,0.853,-29.958,0.23752969121140144,0.0695738184818181,0.0838552984545454,-0.0311724822968244,0.3100248575210571,-0.0679687038064003,0.0218500215560197
Bochum_11,-0.0628052024,0.0083935648,0.0195464241255291,-0.0111528593255291,-0.3420311446170723,False,0.0063095762158615,<0.1,0.0624,161.769,-60.096,2.570694087403599,0.0306482182999999,0.0328575038,0.1473435461521148,0.1149384230375289,-0.0378608144819736,0.0105694513767957
Bochum_13,-0.0333268021999999,-0.0905264992,0.0153022243524391,-0.1058287235524391,-3.2455102672324934,True,0.0089125054671134,<0.1,0.1884,259.333,-35.529,1.7636684303350971,0.01061990767,0.03376797955,0.1931499689817428,0.1165007203817367,-0.1575940251350402,-0.0099393855780363
Bochum_6,-0.100915296090909,-0.0110932875454545,0.0255762519674482,-0.0366695395129027,-1.124565836087423,False,0.006456541439665,<0.1,0.084,112.992,-19.416,4.016064257028113,0.0514932404090909,0.0647818870336363,0.2600822150707245,0.2496100515127182,-0.0346209406852722,-0.0105441147461533
Collinder_115,-0.2114260047058823,0.0110138016764705,0.0465228950623634,-0.0355090933858928,-1.0889777679962995,False,0.0954992627963111,<0.1,0.077,101.659,1.776,2.1052631578947367,0.0774008514470588,0.0677355797647058,0.1912555396556854,0.2671793401241302,-0.0600462183356285,0.0135593870654702
Collinder_135,-0.2100776957290323,0.0548133696645161,0.0462363111172972,0.0085770585472188,0.2630375822671585,False,0.0263026845396328,<0.1,0.0777,109.362,-37.044,0.3050640634533252,0.0791735637432258,0.0608191156612903,0.0472886525094509,0.0913082212209701,-0.0422356203198432,0.0356966406106948
Collinder_140,-0.2004727588571428,0.0144495078071428,0.0442169482113339,-0.0297674404041911,-0.912895197239738,False,0.0269153374005781,<0.1,0.1141,110.882,-31.966,0.3855050115651504,0.0831224826428571,0.02075765905,0.1230798438191413,0.2023080289363861,-0.0577366016805172,0.0313596613705158
Collinder_185,-0.1427019785454545,0.025139241990909,0.0328914289658947,-0.0077521869749856,-0.2377407718458878,False,0.0616594947701844,<0.1,0.0854,125.833,-36.349,1.597444089456869,0.0785211796363636,0.090458813840909,0.1925358325242996,0.1885575056076049,-0.0095145348459482,0.0330716967582702
Collinder_205,0.0672521433333333,0.0165443690333333,0.0035781161270506,0.0129662529062826,0.3976435274117379,False,0.0045708802901852,<0.1,0.0435,135.119,-48.984,2.070393374741201,0.0096627695833333,0.0576960158333333,0.2244955599308014,0.235611155629158,0.0123322578147053,0.024806436151266
Collinder_220,0.0935172696666666,-0.0778435656666666,0.0012186391023414,-0.0790622047690081,-2.424646057463855,True,0.2344228197592381,0.1-0.3,0.0742,156.429,-57.922,2.7472527472527473,-0.0483045994666666,0.0788413791999999,0.0663745328783989,0.0915494412183761,-0.0575672090053558,0.0259836670011281
Collinder_258,-0.0942865059999999,0.0371823706666666,0.0244834551159114,0.0126989155507552,0.389444939135757,False,0.097723670593248,<0.1,0.0836,186.798,-60.767,1.3089005235602094,0.061371575,0.117446741,-0.0085871098563075,0.2334485501050949,-0.0626794397830963,0.0751197785139083
Collinder_261,-0.0493455851604687,0.0211616335375,0.0175631138152521,0.0035985197222478,0.1103578717890035,False,6.309576215861531,>5,0.0815,189.519,-68.377,3.1746031746031744,0.0496971441859375,0.0188172056875,-0.0021320912055671,0.0946700200438499,-0.0450465194880962,0.0464032143354415
Collinder_268,0.0138464833333333,-0.0305058483333333,0.0092724504379893,-0.0397782987713227,-1.219903942348873,False,0.239883355113592,0.1-0.3,0.0262,199.543,-67.079,2.801120448179272,0.0486729153333333,0.0078481033333333,0.170590654015541,0.2067168205976486,-0.0595016181468963,0.0362376682460308
Collinder_269,-0.0830650780666666,0.0812746854466666,0.0226757491191287,0.0585989363275379,1.7970872473548232,False,0.4168692736211187,0.3-0.5,0.1092,200.992,-66.204,1.7605633802816902,0.1335219986866666,0.13123558,0.0768192112445831,0.0703025162220001,-0.0322018936276435,0.0745152905583381
Collinder_271,0.0238326223354838,0.0215096323,0.0081163042088433,0.0133933280911566,0.4107408874748778,False,0.0616594947701844,<0.1,0.1039,202.453,-64.199,2.8328611898017,0.079059539516129,0.0732755067419354,0.0663933604955673,0.1158525049686431,0.0247855708003044,0.0621076263487339
Collinder_272,-0.1243964589625,0.2188206345,0.0295962742496457,0.1892243602503542,5.803052171357974,True,0.045708802901852,<0.1,0.1226,202.586,-61.319,2.4154589371980677,0.0911014305,0.178080015,-0.3767052888870239,0.2164707630872726,-0.0245241820812225,0.1284383833408355
Collinder_277,-0.0623028497435897,0.0208134246107692,0.0194710292932576,0.0013423953175116,0.0411680084519769,False,0.9772367059324804,0.5-1,0.1335,207.058,-66.066,1.7361111111111112,0.0743755271787179,0.0460101611030769,0.0391428396105766,0.1562800109386444,-0.0313890539109706,0.0456305034458637
Collinder_338,0.08415337285,0.002442897095,0.0020264721945961,0.0004164249004038,0.0127707416703577,False,0.1445439262895664,0.1-0.3,0.1083,264.483,-37.657,0.6574621959237344,0.06906466974,0.0787201225999999,0.0450468584895134,0.1538794338703155,0.0199026726186275,0.054040540009737
Collinder_359,-0.0491685563999999,0.0206435278,0.0175375369393411,0.0031059908606588,0.0952532062167748,False,0.0371535375952047,<0.1,0.1085,270.598,3.26,0.5599104143337066,0.0538118555999999,0.010271592,0.0231492780148983,0.1313312202692031,-0.0371714159846305,0.0372766368091106
Collinder_69,0.101959805,0.049440054,0.0005219760778688,0.0489180779221311,1.500198800667634,False,0.0125892513534471,<0.1,0.0707,83.792,9.813,0.4061738424045491,0.101699406,0.067976461,0.0083971126005053,,0.1282704323530197,0.0726568102836608
Collinder_74,-0.1484062814354838,0.0171626386451612,0.0339471187150837,-0.0167844800699224,-0.5147392935349923,False,1.9054595463785964,1-2,0.1202,87.17,7.374,2.638522427440633,0.0620861136451613,0.0376885045893548,0.1794003993272781,0.1514641195535659,-0.0531240664422512,0.0217979308217763
Czernik_25,-0.2377769599999999,0.040406774,0.0522776389208367,-0.0118708649208367,-0.3640506347259782,False,0.7413100459583173,0.5-1,0.039,93.432,6.953,2.2831050228310503,0.09930786875,0.0109440114999999,0.1980837732553482,0.3226351737976074,0.0270146150141954,0.0185396708548069
Czernik_26,-0.1383420722121212,0.0184701807763636,0.0320937931368933,-0.0136236123605297,-0.4178031474695581,False,0.5248077829311784,0.5-1,0.0935,97.754,-4.183,16.666666666666668,0.0697484563333333,0.0665265563818181,0.1668086498975753,0.1708142459392547,-0.0003591319837141,0.0270272903144359
Czernik_30,-0.317944376,0.091980851,0.0715849849135027,0.0203958660864972,0.6254917433642244,False,2.8840317564502844,2-5,0.0746,112.796,-9.945,9.090909090909092,0.1342279974,0.0644666324,0.0526473335921764,0.1063496991991996,-0.0893789380788803,0.0371865406632423
Czernik_39,0.0620248984555555,-0.0013634628333333,0.0040823899083904,-0.0054458527417238,-0.1670110948502832,False,0.1380385355838289,0.1-0.3,0.0872,286.926,4.337,3.952569169960474,0.0691109658888888,0.1131117133333333,0.092580609023571,0.1275368928909301,0.0879368185997009,0.0570836402475833
DBSB_101,-0.00902199,0.0714722351166666,0.0120783985461552,0.0593938365705114,1.8214649098021825,False,0.0112201894707378,<0.1,0.0367,242.631,-49.014,1.923076923076923,0.1142132636666666,0.1530956916666666,-0.0238286610692739,0.2247037440538406,-0.0168267209082841,0.0981947481632232
DBSB_104,0.0322153966,0.01370421962,0.007178240422026,0.0065259791979739,0.2001359534519474,False,0.0269153374005781,<0.1,0.0965,255.997,-51.088,1.1013215859030836,0.0632541836,0.1141044257999999,0.0154144968837499,0.1031075567007064,0.0183437261730432,0.0702961608767509
DBSB_43,-0.0470618583636363,-0.0126237651818181,0.0172341780291622,-0.0298579432109803,-0.9156706988123562,False,0.0245470816103821,<0.1,0.0514,150.962,-59.232,5.347593582887701,0.0738082324545454,0.0691276325454545,0.0648297518491745,0.1939286291599273,-0.0237623937427997,0.0357210598886013
DBSB_6,-0.0647741166666666,-0.039080854,0.019842951098663,-0.058923805098663,-1.807050184606612,False,0.0316227766016837,<0.1,0.084,112.493,-19.102,3.9215686274509802,0.0503974605,0.1112218099999999,0.2922016680240631,0.1940297484397888,0.0274961087852716,0.0062239910475909
DBSB_60,-0.08100832025,-0.003787721,0.0223501732897738,-0.0261378942897738,-0.8015858212564015,False,,,0.0643,166.385,-62.482,4.9504950495049505,0.01813024625,0.0129698317,-0.0665935724973678,0.21101014316082,-0.0471922606229782,0.0170634724199771
DC_5,-0.0544804655882353,-0.0025138737941176,0.0183107429809383,-0.020824616775056,-0.6386404870614977,False,,,0.0925,159.996,-59.192,5.05050505050505,0.0548989065294117,0.0485801306470588,0.1476644426584243,0.1030323654413223,0.0130215864628553,0.0379596389830112
Danks_1,0.0046466669999999,-0.0099979083999999,0.0103747600540514,-0.0203726684540514,-0.6247803282422133,False,,,0.0938,198.121,-62.699,6.289308176100628,0.0277115184,0.0202430267999999,0.2610118389129638,0.242202877998352,0.0076034255325794,0.0028364518657326
Danks_2,-0.002248415,0.0100519069999999,0.0112243082897506,-0.0011724012897506,-0.0359547039355246,False,,,0.0962,198.222,-62.681,7.751937984496124,0.0525280805,0.0415276985,0.2355160117149353,0.2798267006874084,0.0430681034922599,0.0040015056729316
Dias_2,-0.1608884594777777,0.0135785351888888,0.0363050262535032,-0.0227264910646143,-0.6969663585881309,False,1.7377999128939918,1-2,0.1764,92.291,4.573,4.761904761904762,0.0539456169,0.0682752825925925,0.1848471313714981,0.1909848749637603,-0.0636803954839706,0.0268210489302873
Dias_6,-0.0098468298,0.0049706333624999,0.0121837247449298,-0.0072130913824298,-0.2212080175809971,False,1.096478099832217,1-2,0.1172,277.617,-12.33,3.021148036253776,0.07647524215625,0.0475026686875,0.0556271448731422,0.1425644010305404,-0.0165128298103809,0.050692118704319
Dolidze_32,0.0876207174906666,-0.0041489708533333,0.001723031788561,-0.0058720026418943,-0.1800800786758165,False,0.102329353157667,0.1-0.3,0.0733,280.26,-4.054,2.155172413793103,0.0587991855866666,0.0613771071333333,0.0328595265746116,0.0977333113551139,6.928344373591244e-05,0.0221468396484851
ESO_092_05,-0.1385569883157894,0.0628160057631578,0.0321329238459288,0.030683081917229,0.9409757015859552,False,4.466831997992294,2-5,0.1718,150.801,-64.755,16.39344262295082,0.1152354845789473,0.0946122837894737,0.038892425596714,0.1255149394273758,-0.0522221438586711,0.0529214963316917
ESO_130_06,-0.0110911833333333,-0.0370016923333333,0.0123431625316863,-0.0493448548650197,-1.5132870143724564,False,0.1412536303897631,0.1-0.3,0.0712,181.97,-59.31,0.8136696501220504,0.0532903523333333,0.0649874923333333,0.0047290869988501,,-0.0165720842778682,0.1016908958554267
ESO_130_08,-0.0708984807777777,0.0234786294,0.0207757530976887,0.0027028763023112,0.0828906604534822,False,0.1778279410038923,0.1-0.3,0.096,182.619,-59.479,1.3869625520110958,0.0797328027777777,0.0873027839444444,0.0399167388677597,0.2373779863119125,0.0020494717173278,0.0683463886380195
ESO_130_13,-0.2143442756666666,0.1018690035,0.0471457995735702,0.0547232039264297,1.678227935075495,False,0.0338844319835388,<0.1,0.1092,185.782,-59.644,2.5906735751295336,0.148472668,0.0645949051666666,-0.0240843445062637,0.1337431669235229,-0.0200981814414262,0.0596180371940135
ESO_134_12,0.02111338775,0.02639081025,0.0084269592341841,0.0179638510158158,0.5509077399197391,False,0.1513562312005786,0.1-0.3,0.0791,221.22,-59.158,2.4096385542168677,0.10111763225,-0.0582677275,0.0655119866132736,0.1750441193580627,-0.0619749501347541,0.0217320788651704
ESO_166_04,-0.1500743838,0.0648450821999999,0.0342584246482509,0.030586657551749,0.9380186001708392,False,0.1995263191254866,0.1-0.3,0.0779,137.602,-53.884,1.1547344110854503,0.1314852788,0.0821719851999999,0.0554406754672527,0.195926696062088,-0.0636210888624191,0.056219108402729
ESO_211_03,-0.0535234114388888,0.0009472257961111,0.018170554965184,-0.0172233291690729,-0.5281977309917462,False,1.288248533293805,1-2,0.099,132.897,-50.253,6.289308176100628,0.04425196385,0.03514076345,0.2520290613174438,0.2153277397155761,-0.0136274080723524,0.0012272374005988
ESO_226_06,-0.0610169304,0.02265118596,0.0192785186988088,0.0033726672611911,0.1034315246061797,False,0.0323593827469971,<0.1,0.0532,246.04,-51.151,2.570694087403599,0.0596349116199999,0.0345758016,0.0276071317493915,0.1870155334472656,0.0488152205944061,0.0347154252231121
ESO_312_03,0.01091251632,-0.0357904088599999,0.0096201199225004,-0.0454105287825004,-1.3926307760013126,False,0.0870963704709874,<0.1,0.134,126.123,-41.287,4.385964912280701,0.0291919320066666,0.0524174708,0.128100499510765,0.1479691416025161,0.0195882935076951,0.0253670588135719
ESO_312_04,-0.0064548440153846,-0.0406996356923076,0.0117524273963169,-0.0524520630886246,-1.6085775541581138,False,0.044668369023895,<0.1,0.073,126.722,-41.251,6.666666666666667,0.032544810276923,0.0783246747692307,0.2247069627046585,0.1962695121765136,0.0271536745131015,0.0073030646890401
ESO_313_03,0.0027375826,-0.0213724299999999,0.0106079736564587,-0.0319804036564587,-0.9807614127165204,False,,,0.1004,127.907,-41.784,6.134969325153374,0.032180290925,0.02721077925,0.0624124705791473,0.1392376273870468,-0.0190745387226343,0.0358750894665718
ESO_371_25,-0.0643287514375,0.0202887769,0.0197757341704452,0.0005130427295547,0.0157337761470201,False,2.041739917404129,2-5,0.0784,133.248,-35.476,7.462686567164178,0.0801740552499999,0.052082637125,0.1204665377736091,0.1712240427732467,-0.0134035740047693,0.0340344421565532
ESO_518_03,-0.0317382321111111,0.0138765824888888,0.0150839086799558,-0.0012073261910669,-0.037025765949685,False,1.4125363038976315,1-2,0.1429,251.76,-25.81,1.76678445229682,0.0647725,0.0007383346666666,0.1270004659891128,0.2021362036466598,-0.0013482248177751,0.0494389235973358
ESO_559_13,-0.24401681125,0.018585531625,0.0536832099867668,-0.0350976783617668,-1.076360667080093,False,0.6165949477018448,0.5-1,0.1186,112.176,-20.807,2.5,0.081277979375,0.0920803963749999,0.1675177216529846,0.2628841400146484,-0.0602942258119583,0.0174596831202507
FSR_0088,0.0404262145,-0.0055904945789473,0.0062881340653709,-0.0118786286443183,-0.3642887292945008,False,0.1659587927845761,0.1-0.3,0.0713,282.667,-4.158,4.291845493562231,0.0391049306842105,0.0718870701057894,0.1809085458517074,0.2648336589336395,0.0200273673981428,0.0172225795686244
FSR_0985,-0.17671138,0.038667324,0.0393883976617665,-0.0007210736617665,-0.0221135802657085,False,0.2570394879669198,0.1-0.3,0.1029,92.953,7.02,2.1645021645021645,0.1021394745555555,0.0365952615555555,0.0411109440028667,0.1450330764055252,-0.069144032895565,0.0376042798161506
FSR_1032,-0.1331388735,0.03624823625,0.0311523656686044,0.0050958705813955,0.1562779908633416,False,,,0.0932,99.072,4.011,2.1929824561403506,0.0639380762333333,0.0402196516666666,0.2003407478332519,0.3721387386322021,-0.0494885630905628,0.0171342361718416
FSR_1063,-0.1078260839733333,0.0047280636419999,0.026735258154257,-0.022007194512257,-0.6749072779576837,False,0.1096478099832217,0.1-0.3,0.1367,98.654,-0.265,2.544529262086514,0.0559461107066666,0.0306115944466666,0.2855986654758453,0.230410948395729,0.0015883923042565,-0.00081804493675
FSR_1085,-0.20461893,0.0179905593333333,0.0450838782515037,-0.0270933189181703,-0.8308863772580168,False,0.0575440240605537,<0.1,0.0291,103.29,-0.192,1.6778523489932886,0.094907428,0.0090744633333333,0.0917451679706573,,-0.0121748419478535,0.0180181935429573
FSR_1171,-0.1273411109999999,0.0040799020333333,0.0301168045424493,-0.0260369025091159,-0.7984886482958979,False,,,0.0594,105.058,-10.32,4.761904761904762,0.09410597,0.0741662956666666,0.0766133964061737,0.1573531925678253,-0.0241226255893707,0.0432655960321426
FSR_1211,-0.1855238820882353,0.035529427117647,0.0411514221204726,-0.0056219950028255,-0.1724129507709583,False,1.2022642234116694,1-2,0.1679,115.336,-9.607,3.4722222222222223,0.0920469157941176,0.0468627545294117,0.1302124410867691,0.2292288392782211,-0.0412595197558403,0.0093928351998329
FSR_1252,-0.1972174863999999,-0.023618072896,0.0435413756023442,-0.0671594484983442,-2.059617392390107,True,0.8511386362915022,0.5-1,0.0881,110.659,-18.703,3.8022813688212924,0.0739574641,0.0272575577,0.2923564314842224,0.1797388792037964,-0.027329022064805,-0.0038123466074466
FSR_1253,-0.16543386548,0.0366336979744,0.0371799741701493,-0.0005462761957493,-0.0167529659485195,False,0.2951211041237279,0.1-0.3,0.1017,111.583,-18.433,4.484304932735426,0.0769965189599999,0.07734275028,0.1462517976760864,0.2098210006952285,-0.0247108582407236,0.0316384807229042
FSR_1260,-0.1416352686428571,0.0047985622857142,0.0326955362379025,-0.0278969739521882,-0.8555325279122439,False,0.1412536303897631,0.1-0.3,0.0744,112.088,-19.679,3.115264797507788,0.0473576720357142,0.0191751156342857,0.1770820319652557,0.1816741675138473,-0.0388432629406452,-0.0088824061676859
FSR_1297,-0.1500733709004347,0.0289420079434782,0.034258235262217,-0.0053162273187387,-0.1630357975295732,False,,,0.0769,110.984,-25.879,1.3262599469496021,0.0752939745652173,0.0884366585652174,0.1198635995388031,0.1907544732093811,-0.0444664321839809,0.030142368748784
FSR_1335,-0.2328937031428571,0.0373771181428571,0.051189098066513,-0.0138119799236559,-0.4235799237512506,False,0.0112201894707378,<0.1,0.0853,123.012,-28.986,7.633587786259541,0.0835139045142857,0.0854255074857142,0.1541129052639007,0.1898391097784042,-0.0844894871115684,0.0183012913912534
FSR_1361,-0.0830529330999999,0.0374539686999999,0.0226738213902118,0.0147801473097881,0.4532712692254755,False,0.2884031756450284,0.1-0.3,0.0622,117.656,-36.401,2.785515320334262,0.0656744974,0.1192893242,0.0968915149569511,0.1048718318343162,0.0268548242747783,0.0280343852937221
FSR_1363,-0.1272362751190476,0.0015459818857142,0.0300982098107935,-0.0285522279250792,-0.8756275779636516,False,0.2238723104986867,0.1-0.3,0.0743,122.655,-34.616,4.166666666666667,0.0655654559523809,0.0160859400761904,0.271262377500534,0.2370043247938156,-0.0219859834760427,0.0016027431702241
FSR_1380,-0.01464746635,-0.00494100139375,0.0128024236711849,-0.0177434250649349,-0.5441478106421832,False,1.0232935315766702,1-2,0.1319,122.764,-39.994,3.846153846153846,0.0673023742499999,0.0695812584375,0.1990708261728286,0.1659015864133834,0.0509843602776527,0.03669985383749
FSR_1402,-0.163474392067647,0.0451888935794117,0.0368017260477024,0.0083871675317093,0.2572140853959508,False,3.0199485372543653,2-5,0.1109,136.441,-37.874,5.154639175257731,0.0811938248529411,0.0809514598867646,0.0858861207962036,0.0873959809541702,-0.0301150009036064,0.038319855928421
FSR_1407,-0.1396372827985714,0.0449801816228571,0.032329912649156,0.0126502689737011,0.3879530666081942,False,4.07379955757968,2-5,0.1789,142.445,-33.848,3.6363636363636362,0.0741761434142857,0.1256624236571428,0.0709172710776329,0.1968394517898559,-0.0414030067622661,0.0501404702663421
FSR_1419,-0.070063551,0.0331034187125,0.020647654166235,0.0124557645462649,0.3819880875828775,False,1.621810239813303,1-2,0.0897,124.711,-47.786,27.77777777777778,0.0859181984,0.08722199535,0.0460807643830776,0.1811167448759079,0.0140232592821121,0.0434717647731304
FSR_1435,-0.0719144718333333,-0.005021695,0.0209320276496165,-0.0259537226496165,-0.7959377237550901,False,,,0.1472,134.218,-43.757,2.293577981651376,0.0470157475166666,0.0779687676666666,0.2263347655534744,,0.0212244186550378,0.0034300431143492
FSR_1452,-0.06879602385,0.009274783179,0.0204537457191112,-0.0111789625401112,-0.3428316668958082,False,0.2344228197592381,0.1-0.3,0.1141,133.332,-47.871,2.7548209366391188,0.06051128128,0.07142585445,0.1547172367572784,0.1724455505609512,0.0051126861944794,0.0123243825510144
FSR_1509,0.0120687354999999,-0.0157536427499999,0.0094826769572136,-0.0252363197072136,-0.7739367155490552,False,0.0616594947701844,<0.1,0.0649,147.006,-55.073,4.291845493562231,0.0610576143,0.0462137662499999,0.0495721586048603,0.3470617532730102,0.031379796564579,0.0238579921424388
FSR_1580,-0.01064319371,-0.0029749873812499,0.012285686874693,-0.015260674255943,-0.4680078651615955,False,,,0.1417,171.917,-58.471,8.0,0.0733792063125,0.090982841375,0.0406665056943893,0.2310365736484527,0.0300797745585441,0.0494703762233257
FSR_1586,-0.0292506636315789,-0.0074236302263157,0.0147441815133763,-0.0221678117396921,-0.6798330187512662,False,,,0.0885,170.679,-62.302,4.739336492890995,0.0348320898421052,0.0934659831578947,0.1281362324953079,0.1577335745096206,-0.0152730252593755,0.0300374180078506
FSR_1591,-0.0847511823333333,0.0175999496283333,0.0229439821522984,-0.0053440325239651,-0.1638885157332459,False,,,0.0388,174.222,-62.731,3.9215686274509802,0.0816520766666666,0.0871168682666666,0.1003338918089866,0.2908812463283539,-0.0676891505718231,0.0609604679048061
FSR_1595,0.04807890425,-0.0415191176749999,0.0054841179173063,-0.0470032355923063,-1.4414752307995888,False,0.6918312139914402,0.5-1,0.0833,176.771,-62.639,5.58659217877095,0.02302457075,0.0221862588749999,0.1324731409549713,0.1792774945497512,-0.0579027011990547,0.0403074063360691
FSR_1663,0.0133827648235294,0.0315531117117647,0.0093271587742435,0.0222259529375211,0.6816160682690992,False,1.288248533293805,1-2,0.1066,205.251,-60.203,3.7037037037037033,0.0839190508117647,0.1323242749411764,0.03105990588665,0.1000873520970344,0.025441849604249,0.0698286518454551
FSR_1750,0.1858344999999999,-0.0112786137528571,-0.0047673140693147,-0.0065112996835424,-0.1996857683490179,False,,,0.0858,255.523,-38.875,3.952569169960474,0.0709939021428571,0.23671176,-0.1000284999608993,-0.0893532708287239,0.0883106812834739,0.0936713889241218
Ferrero_1,-0.17398018565,0.0840811772499999,0.038848641112397,0.0452325361376029,1.3871721732976676,False,0.2511884225153641,0.1-0.3,0.1306,275.063,-32.338,0.8733624454148472,0.1170928334545454,0.1101405899545454,-0.0957786068320274,0.1240728497505188,0.0384728051722049,0.0608513914048671
Ferrero_11,-0.15703903325,0.0457373407166666,0.0355708585412624,0.0101664821754042,0.3117813498483799,False,0.2818381693478142,0.1-0.3,0.0653,93.646,0.637,0.8064516129032259,0.0782377560833333,0.0350476976666666,0.0871050432324409,0.1456944942474365,-0.0306215602904558,0.0410947352647781
Graham_1,-0.0864863401416666,-0.0295589544999999,0.0232212699813765,-0.0527802244813765,-1.6186414681290502,False,0.0154881682297679,<0.1,0.1163,164.134,-63.018,4.587155963302752,0.0571949323333333,0.0152430190833333,0.1317408829927444,0.0872289314866066,-0.0393038392066955,0.0315585285425186
Gulliver_1,-0.0713862881,0.003488739923,0.0208507308253546,-0.0173619909023546,-0.5324501500319806,False,1.380385355838289,1-2,0.097,161.582,-57.034,3.095975232198142,0.07032479765,0.025241519915,0.0737156644463539,0.0647121518850326,-0.05093265324831,0.0379979833960533
Gulliver_13,-0.0622086405454545,0.021383936090909,0.0194569018942685,0.0019270341966405,0.0590974648523097,False,1.0,0.5-1,0.1178,104.858,-13.254,1.6129032258064517,0.0980654918181818,0.0720829102727272,0.091712050139904,0.2332827448844909,0.0182957425713539,0.0428641401231288
Gulliver_14,0.0965217228,0.0047542485999999,0.0009672735350054,0.0037869750649945,0.1161373400587525,False,0.602559215586761,0.5-1,0.1129,259.928,-36.785,1.342281879194631,0.0582696073,0.0351642522,0.1426061391830444,0.1693930625915527,0.0125147402286529,0.036546804010868
Gulliver_27,-0.0434286151947368,-0.0043117056578947,0.0167153959161426,-0.0210271015740374,-0.6448502047259744,False,0.602559215586761,0.5-1,0.0918,146.088,-54.117,3.1055900621118013,0.047702890198421,0.0561724250052631,0.1828629821538925,0.1501372009515762,-0.0123222768306732,0.0369363203644752
Gulliver_32,-0.1210783751111111,0.0101432765555555,0.0290141114585735,-0.0188708349030179,-0.5787227358803632,False,1.288248533293805,1-2,0.1118,98.383,7.478,1.733102253032929,0.0449097232222222,0.0424290003333333,0.1460175365209579,0.2232241183519363,-0.0880357101559639,0.0199755989015102
Gulliver_34,-0.0755200026153846,0.0104216057692307,0.0214901238044908,-0.01106851803526,-0.3394446018115722,False,,,0.117,167.722,-59.158,4.484304932735426,0.0692023221538461,0.0592444253846153,0.1109234988689422,0.1373135298490524,-0.0170419719070196,0.0299899447709321
Gulliver_35,0.0045067266190476,-0.0133669200904761,0.0103918029822875,-0.0237587230727637,-0.7286224106329681,False,0.1548815122441698,0.1-0.3,0.1197,150.379,-58.198,2.4691358024691357,0.0353682322238095,0.052214488,0.1097492724657058,0.1433215588331222,0.004040693398565,0.0286522060632705
Gulliver_36,-0.110761245875,0.0293893814999999,0.0272336040214855,0.0021557774785144,0.066112466498004,False,0.7413100459583173,0.5-1,0.1144,123.185,-35.111,1.3793103448275863,0.068086794125,0.07206757575,0.1505896896123886,0.1296468675136566,0.0077172433957457,0.0445619970560073
Gulliver_39,-0.0190719758888888,0.0375058746666666,0.0133812502812649,0.0241246243854016,0.739843716409863,False,0.6165949477018448,0.5-1,0.084,163.697,-58.05,2.9850746268656714,0.0288773979555555,0.1255125754444444,0.1054190099239349,0.1237004995346069,-0.0179742444306612,0.0404267497360706
Gulliver_40,-0.0134239069333333,0.0205277667946666,0.0126438107163713,0.0078839560782953,0.2417818106427291,False,0.0416869273621118,<0.1,0.106,163.095,-58.394,1.697792869269949,0.0155963145066666,0.0740193462666666,0.1904459297657013,0.0845262333750724,-0.0283523481339216,0.0343094542622566
Gulliver_41,0.0090920146222222,-0.0051603992333333,0.0098376700975976,-0.0149980693309309,-0.4599544090511641,False,,,0.1152,277.718,-12.429,5.847953216374268,0.0691517233055555,0.0269895588333333,0.040762823075056,0.1231732591986656,-0.0231242887675762,0.0490083508193492
Gulliver_46,0.0448548899,0.0265399120619999,0.0058198340145687,0.0207200780474312,0.6354345378405242,False,0.0117489801933541,<0.1,0.0716,186.234,-61.973,5.524861878453039,0.0764924068999999,0.0724342132,0.1157547086477279,0.2324058711528778,0.0453239157795906,0.0647593215107917
Gulliver_50,-0.0373471009999999,0.0209874392,0.0158594825900018,0.0051279566099981,0.157261991536967,False,0.0407380403044348,<0.1,0.0722,181.362,-62.678,1.9455252918287937,0.0075895585999999,0.0707992486,0.169365257024765,,-0.0375170856714248,0.0268905460834503
Gulliver_52,-0.0037622738333333,-0.0202735294999999,0.0114135148881171,-0.0316870443881171,-0.9717647954898306,False,0.4786304286528699,0.3-0.5,0.0836,161.669,-59.508,2.525252525252525,0.0447739095,0.098682896,0.0682123228907585,0.1175423860549926,0.0315937139093875,0.0299701299518346
Gulliver_58,0.0038802275384615,0.0150211951384615,0.0104682036658686,0.0045529914725928,0.1396292053319541,False,0.6606929837429628,0.5-1,0.1276,191.515,-61.965,2.5125628140703515,0.0501002606153846,0.047315961076923,0.0472426563501358,0.1217230334877967,0.0028709627222269,0.0400818660855293
Gulliver_7,-0.0997109731428571,0.0070292796,0.0253763350867789,-0.0183470554867789,-0.5626596915942188,False,0.4786304286528699,0.3-0.5,0.0543,141.746,-55.127,11.904761904761903,0.0750828941428571,0.0517080772857142,0.2843574583530426,0.186446338891983,-0.0003517312579788,0.043995413929224
Gulliver_9,-0.1791777513,0.0279328845,0.0398785198505816,-0.0119456353505816,-0.3663436624530152,False,0.0177827941003892,<0.1,0.1018,126.998,-47.929,0.5037783375314862,0.0804386971222222,0.0321219139444444,0.2026925086975097,0.1548961997032165,-0.0158053897321224,0.0240494851022958
Haffner_21,-0.0749294424285714,0.0296624268571428,0.021398336385281,0.0082640904718617,0.253439610489826,False,0.2691536695250797,0.1-0.3,0.1124,120.288,-27.212,3.4965034965034967,0.066290795,0.0825569457142857,0.0946312993764877,0.1311593800783157,0.0079121440649032,0.0434502176940441
Haffner_26,-0.1003260243125,0.000991233375,0.0254783568239925,-0.0244871234489925,-0.7509606834605279,False,0.5370312303176601,0.5-1,0.0891,123.911,-30.851,3.3003300330033003,0.04956899551875,0.082041367625,0.1726607978343963,0.2259759753942489,-0.0077356863766908,0.0295504182577133
Haffner_4,0.020649505,-0.067223172,0.0084802660494822,-0.0757034380494822,-2.321640828755237,True,0.4570880290185208,0.3-0.5,0.0474,106.512,-15.002,4.484304932735426,0.0280236735,0.01760355375,-0.006791315972805,0.1364471763372421,0.0678934678435325,-0.0012905825860798
Haffner_9,-0.1500892475833333,0.0258792858083333,0.0342612038412219,-0.0083819180328886,-0.2570530959996087,False,0.3801893295314407,0.3-0.5,0.0973,111.175,-17.001,2.9673590504451037,0.0759759881916666,0.0651716585516666,0.1499543339014053,0.2308430224657058,-0.0113764209672808,0.036703947931528
Harvard_13,0.0014249285607142,0.0048062323999999,0.0107692186653788,-0.0059629862653788,-0.1828703257302725,False,0.8511386362915022,0.5-1,0.1319,255.999,-48.09,1.2391573729863692,0.1014451348928571,0.1015256879535714,-0.0287984460592269,0.1101644039154052,0.008925057016313,0.0569586455821991
Hogg_10,-0.0634364640071428,0.0188343750089285,0.0196413168795939,-0.0008069418706653,-0.0247469499620921,False,,,0.1092,167.663,-60.385,2.6178010471204187,0.0693909788214285,0.0709696833035714,0.088907204568386,0.1851539462804794,0.0598250739276409,0.028612196445465
Hogg_15,-0.1501165956666666,0.0569818573333333,0.0342663175606309,0.0227155397727024,0.6966305090271924,False,0.0021877623926123,<0.1,0.0588,190.906,-63.101,3.7593984962406015,0.0462530843333333,0.0402793266666666,0.1804671138525009,0.1653678268194198,,0.0276188198477029
Hogg_17,0.03247318833125,0.017388185575,0.0071498620153135,0.0102383235596864,0.3139845508553807,False,0.1479108648008083,0.1-0.3,0.1332,218.459,-61.326,2.4570024570024573,0.0614649556062499,0.09318099339375,0.1422285735607147,0.1787465810775756,-0.0020271409302949,0.0255697388201951
Hogg_18,-0.0997865620666666,0.0846431361533333,0.0253888648207334,0.0592542713325998,1.817184782466372,False,0.2630268453963283,0.1-0.3,0.1381,222.716,-52.271,1.773049645390071,0.1212100436,0.1077171681999999,0.0058687585406005,0.2129175066947937,-0.0376850292086601,0.0698883980512619
Hogg_21,0.1252984354285714,0.0264047422857142,-0.001247562424163,0.0276523047098773,0.8480291156878448,False,0.0891250546711345,<0.1,0.1391,251.414,-47.747,2.73224043715847,0.0820299736428571,0.0622515594285714,0.1095782667398452,0.1173500046133995,0.0587922930717468,0.0516686029732227
Hogg_4,-0.0641130493181818,0.0171104648545454,0.019743209292889,-0.0026327444383436,-0.0807398862881448,False,1.4791086480080835,1-2,0.0889,149.424,-54.612,4.761904761904762,0.053065722990909,0.0773130337727272,0.206065759062767,0.1282224208116531,-0.0112714804708957,0.0066248760558664
IC_2391,-0.0470620802444444,0.0490364962666666,0.0172342098809034,0.0318022863857631,0.9752989880419256,False,0.0288403175645028,<0.1,0.0942,130.292,-52.991,0.15192950470981464,0.0589500374444444,0.1454981116666666,0.0786501169204711,0.2559814155101776,-0.0085239754989743,0.0417824536561965
IC_2395,-0.1267402691333333,0.0360615385133333,0.0300102960793127,0.0060512424340205,0.1855769283600522,False,0.0204173767566041,<0.1,0.1385,130.531,-48.09,0.7251631617113851,0.0983415740666666,0.1128692964,0.3010694682598114,0.3990612924098968,-0.0406695939600467,0.0313875749707222
IC_2488,-0.03806618,0.0265673639999999,0.0159598732105358,0.0106074907894641,0.3253060143895736,False,0.1621810239813303,0.1-0.3,0.1515,141.857,-57.004,1.392757660167131,0.0660058483333333,0.1111743193333333,0.1809343844652176,0.0623805858194828,-0.0244798213243484,0.0355175398290157
IC_2581,0.0279379848181818,-0.0264194897272727,0.0076531978507345,-0.0340726875780072,-1.044926685823934,False,0.0102329353157667,<0.1,0.076,156.867,-57.626,2.8409090909090913,0.0015489982727272,0.1159285594272727,0.0724366456270217,0.1081947162747383,-0.0240607783198356,0.0260462164878845
IC_2602,-0.0825082938733333,0.0261892941149999,0.0225874365842307,0.0036018575307692,0.1104602342806108,False,0.0363078006932764,<0.1,0.0937,160.613,-64.426,0.15241579027587257,0.0758266656883333,0.03164661452,0.161877229809761,0.2051895707845688,-0.0177978686988353,0.0391684398055076
IC_2714,-0.0794185343854545,0.0048187837272727,0.0220997388921269,-0.0172809551648542,-0.5299649805123835,False,0.5248077829311784,0.5-1,0.0677,169.373,-62.719,1.3908205841446455,0.0939957551818181,-0.0081532048181818,0.1067507937550544,0.0854666009545326,-0.0719615891575813,0.0099309338256716
IC_2948,-0.1090182953555555,0.0678862174111111,0.0269372395778422,0.0409489778332688,1.25580582973484,False,0.006456541439665,<0.1,0.1311,174.822,-63.44,2.5773195876288657,0.1100861932222222,0.1069191411111111,0.0525654666125774,0.1478709727525711,0.0023993765935301,0.0333791710436344
IC_4651,-0.0460668532777777,0.0602411422555555,0.0170915503825088,0.0431495918730466,1.3232933248171734,False,1.6595879278457617,1-2,0.1392,261.212,-49.917,0.9469696969696969,0.1084787457777777,0.1253608414444444,-0.012192653492093,0.1176893562078476,-0.0089973788708448,0.0732973739504814
IC_4665,-0.230802941832653,0.1080369584408163,0.0507261134748405,0.0573108449659757,1.75758460951934,False,0.0331131106939867,<0.1,0.1612,266.554,5.615,0.3486750348675035,0.1410874892816326,0.1265844831653061,-0.0080817453563213,0.2856786251068115,-0.0659506395459175,0.0646368339657783
IC_4756,-0.0837122904736842,0.0514712025526315,0.0227785688642928,0.0286926336883386,0.8799334821732132,False,1.288248533293805,1-2,0.1374,279.649,5.435,0.4777830864787387,0.1150317952947368,0.025357355768421,0.0296002719551324,0.1510235369205474,-0.0125376060605049,0.0629978254437446
Ivanov_8,-0.2055368125833333,0.0378481383125,0.0452767795338005,-0.0074286412213004,-0.2278184083300475,False,,,0.1327,124.794,-35.658,11.363636363636365,0.0877195426666666,0.0850922479166666,0.137273758649826,0.1361689567565918,-0.0474710427224636,0.0400728993117809
Juchert_10,0.1032212825,-0.0228923564375,0.0004204611421907,-0.0233128175796907,-0.7149475706896655,False,,,0.1109,220.049,-60.375,9.345794392523365,0.07493224284375,0.05179895801875,0.1881489306688308,0.100151278078556,0.1259645521640777,0.0451916866004467
Juchert_13,0.0113288231818181,-0.0155075448818181,0.0095705674574558,-0.025078112339274,-0.769084879301163,False,2.290865841769215,2-5,0.0789,180.431,-64.099,3.64963503649635,0.0977972421818181,0.0573419055454545,0.1963933855295181,0.1617458313703537,0.052967932075262,0.0466043129563331
Kronberger_25,0.0811730381,-0.021588561,0.0022913424676095,-0.0238799034676095,-0.7323387194237917,False,,,0.1245,275.667,-14.727,3.731343283582089,0.0593268326,0.0402299315,-0.0354172624647617,0.1910340934991836,0.0482054464519023,0.040290355682373
LP_1540,-0.038334866125,-0.036042662375,0.0159974404153449,-0.0520401027903449,-1.5959437310061562,False,1.621810239813303,1-2,0.1447,170.219,-59.302,2.8901734104046244,0.066851355625,0.0752317795,0.0846671909093856,0.1830440610647201,0.0111148357391357,0.0294448398053646
LP_198,-0.1878900492727273,0.020670056090909,0.0416303708867019,-0.0209603147957928,-0.6428020162263683,False,0.2570394879669198,0.1-0.3,0.1063,112.127,-20.107,3.597122302158273,0.0726669380454545,0.0683524159036363,0.2453957498073578,0.2387646436691284,-0.042861308902502,0.0005841782549396
LP_1994,-0.0860479440555555,0.0264690929238888,0.0231510920446643,0.0033180008792245,0.1017550392627936,False,0.7244353873869618,0.5-1,0.1162,191.005,-58.096,1.996007984031936,0.0690768263333333,0.0865689008333333,0.085931658744812,0.1511164605617523,-0.0324069708585739,0.0546257495880126
LP_2059,-0.0403252599047619,0.0124871636095238,0.016276681305572,-0.0037895176960482,-0.1162153163861002,False,0.2691536695250797,0.1-0.3,0.0799,153.233,-60.885,2.1186440677966103,0.0515829097904761,0.0892477700952381,0.1561353802680969,0.1761445105075836,-0.0072096781805157,0.040519792586565
LP_2068,0.0507446484166666,0.0008365746666666,0.0052098433986968,-0.0043732687320301,-0.1341175447905465,False,0.2238723104986867,0.1-0.3,0.0864,283.967,-5.094,1.9880715705765408,0.0550536918333333,0.1324424833333333,-0.0185120590031147,0.1066844910383224,-0.0272862315177917,0.0966228246688842
LP_2094,-0.0213459244285714,-0.0362208806,0.0136819447616311,-0.0499028253616311,-1.530398616164271,False,0.1479108648008083,0.1-0.3,0.099,175.495,-61.961,1.8348623853211008,0.1081329087142857,0.0168470698571428,0.1165899708867073,0.0596554651856422,-0.0394980385899543,0.0625137016177177
LP_2100,0.0823550115222222,0.0457684014277777,0.0021858493608246,0.043582552066953,1.33657116383344,False,0.2511884225153641,0.1-0.3,0.1296,227.612,-60.495,2.079002079002079,0.0979719052222222,0.1274464205,0.0455819703638553,0.1475503295660019,0.0770054683089256,0.0899792686104774
LP_2117,-0.0017817855526315,0.0037970938947368,0.0111661823188223,-0.0073690884240855,-0.2259920684828335,False,0.6309576215861531,0.5-1,0.0917,282.302,-4.466,1.6474464579901154,0.0448536398421052,0.0733472045794736,0.2006483525037765,0.2955528497695923,-0.0216834284365177,-0.0032819577027112
LP_2210,-0.1156723025714285,0.0312419083,0.0280755478946872,0.0031663604053127,0.097104593726948,False,0.1288248533293804,0.1-0.3,0.0611,247.197,-54.963,1.461988304093567,0.1201580447142857,0.008984848,0.0328788645565509,0.154153361916542,-0.1050835475325584,0.0714907869696617
LP_2220,-0.1204562708888889,-0.021055537,0.028905478946017,-0.049961015946017,-1.5321831802480184,False,0.4570880290185208,0.3-0.5,0.0736,127.45,-41.343,1.3966480446927374,0.0636699505222222,0.0606470831111111,0.2296504974365234,0.2710976600646972,-0.0052403667941689,0.0233525950461626
LP_2238,-0.0171212874071428,0.0267634986714285,0.0131250387677254,0.0136384599037031,0.4182584856064538,False,0.2951211041237279,0.1-0.3,0.1373,167.713,-56.821,1.2285012285012287,0.0524660867857142,0.0767461077392857,0.0392058081924915,0.1625716686248779,-0.0221864078193902,0.0501145906746387
LP_403,-0.0471198114499999,0.0092753835099999,0.0172424980960597,-0.0079671145860597,-0.2443320803776109,False,0.0263026845396328,<0.1,0.1368,161.024,-58.095,2.7027027027027026,0.053863425315,0.048944380595,0.0648140683770179,0.1784873455762863,-0.0020031866151839,0.0368063002824783
LP_5,-0.1322339684575342,0.0584350620109589,0.0309898038882916,0.0274452581226672,0.8416794990428629,False,2.691536695250797,2-5,0.1706,156.138,-72.51,1.9607843137254901,0.0768503977338356,0.0949905794109589,0.0085151484236121,0.1242273598909378,-0.0508998781442642,0.050786443054676
LP_597,0.0527367865714285,0.0355414601714285,0.0050068308533283,0.0305346293181002,0.936423020437616,False,0.5370312303176601,0.5-1,0.0748,282.104,8.714,2.3923444976076556,0.0465058650428571,0.0759479078571428,-0.0168419685214757,0.1560116708278656,0.0471389852464199,0.0753308683633804
LP_658,-0.1291735602499999,0.053269473375,0.0304425740955099,0.02282689927949,0.7000456350015148,False,0.9332548746146908,0.5-1,0.1339,95.274,-3.431,1.4858841010401187,0.0794713765,0.109699101,0.2574808001518249,0.1719286888837814,-0.0150340804830193,0.0117430724203586
LP_866,0.0646780400499999,-0.0157714441857142,0.0038250012436651,-0.0195964454293794,-0.6009754507791791,False,1.9054595463785964,1-2,0.1028,261.768,-39.405,2.557544757033248,0.0523005472142857,0.0465915858571428,0.026633333414793,0.1276652961969375,0.0708282738924026,0.0466695725917816
LP_930,-0.0603625583333333,-0.01189645125,0.0191808224820563,-0.0310772737320563,-0.9530646084473068,False,2.290865841769215,2-5,0.0979,102.845,-1.801,2.557544757033248,0.1010481775,0.008005979,0.1062206029891967,0.0522347465157508,-0.0253060385584831,0.0679961144924163
Loden_372,-0.0189668126243478,-0.0285707247521739,0.013367396798212,-0.0419381215503859,-1.2861404684029651,False,0.0954992627963111,<0.1,0.1317,172.769,-58.507,1.8148820326678765,0.0663629026413043,0.0499628530460869,0.0398825332522392,0.1409597843885421,0.0028671084437519,0.0476243868470191
Loden_46,-0.086318419348,0.0171306387759999,0.0231943798433887,-0.0060637410673887,-0.1859602311304249,False,0.8317639172213713,0.5-1,0.1102,155.884,-54.667,1.1428571428571428,0.064419571908,0.06435590716,0.178360179066658,0.1463748812675476,-0.0444913581013679,0.0415092930197715
Lynga_1,0.0961312788699999,-0.0222072495699999,0.0009997246632965,-0.0232069742332965,-0.7117016119753415,False,0.1659587927845761,0.1-0.3,0.1403,209.994,-62.152,2.3696682464454977,0.0315662725499999,0.11183990027035,0.0446500778198242,0.1903823316097259,0.0597543306648731,0.0467058718204498
Lynga_14,0.0257501657857142,-0.0136798813285714,0.0078991111076225,-0.021578992436194,-0.6617753588750134,False,,,0.092,253.764,-45.239,3.2467532467532467,0.05520439585,0.0848165885,0.174849197268486,0.174236461520195,0.0066727036610245,0.0582304932177066
Lynga_2,-0.0038359621666666,0.0124947156,0.0114227493311207,0.0010719662688792,0.0328746054472684,False,0.102329353157667,0.1-0.3,0.1472,216.085,-61.328,0.9671179883945841,0.0922226234999999,0.0901860548333333,0.1207563802599906,0.1791222095489502,0.0366266183555126,0.0783471688628196
Lynga_3,0.0258008242,0.03955581629,0.0078933942288024,0.0316624220611975,0.971009688443858,False,,,0.1252,229.194,-58.373,9.25925925925926,0.0713888091826666,0.1043895648,0.0615990497171878,0.1745722889900207,0.0817020386457443,0.0391230732202529
Lynga_6,0.1241633954,-0.0363777644,-0.0011668149828981,-0.0352109494171018,-1.079834415611963,False,0.0030902938038668,<0.1,0.1059,241.218,-51.96,2.6109660574412534,0.0012904701999999,0.058240143,0.1351224184036255,0.0549188405275344,0.0176996830850839,0.0258719176054
Lynga_9,0.1496396756666666,0.0037839013285714,-0.0028485181993246,0.006632419527896,0.2034002202031087,False,0.6309576215861531,0.5-1,0.1155,245.17,-48.523,2.785515320334262,0.0649256212142857,0.0708032795523809,0.0134801371023058,0.171397179365158,0.0926234498620033,0.0590061172842979
Mamajek_4,-0.1179443644285714,0.0948551524609523,0.0284685062649328,0.0663866461960195,2.03591742018461,True,0.3715349680219835,0.3-0.5,0.1491,276.635,-50.772,0.44964028776978415,0.1097141763523809,0.1816206006825396,-0.0623471513390541,0.222611591219902,-0.0530824139714241,0.072328582406044
Mayer_3,-0.2468639236666666,0.0323951668333333,0.0543299949931774,-0.021934828159844,-0.6726879774514073,False,,,0.1205,112.523,-18.553,4.784688995215311,0.1264914456666666,0.0411803011999999,0.1283857375383377,0.1078822240233421,-0.0769934728741645,0.0176411028951406
Melotte_101,-0.0248944394299999,0.0253942703933333,0.0141555353702,0.0112387350231333,0.3446647439738857,False,0.1659587927845761,0.1-0.3,0.0861,160.535,-65.11,2.277904328018223,0.0654036267233333,0.0302638924333333,0.088166207075119,0.1375583559274673,0.0096090175211429,0.0361347198486328
Melotte_105,1.5983972999999984e-05,0.020688688295,0.0109431000628264,0.0097455882321735,0.298873553474042,False,0.3019948537254365,0.3-0.5,0.1205,169.92,-63.486,2.4570024570024573,0.045196093905,0.061086396155,0.0887434035539627,0.1176200583577156,0.0343054868280887,0.0385726429522037
Melotte_22,-0.1712864117764705,0.0174365444705882,0.0383193597554841,-0.0208828152848959,-0.6404252941996984,False,0.0776246877988414,<0.1,0.1223,56.601,24.114,0.13612850530901172,0.0526436367235294,0.0427426909435294,0.097174122929573,0.1446223109960556,-0.0351248420774936,0.0478235520422458
Melotte_25,-0.1593751816666666,0.047788291,0.0360156668144276,0.0117726241855723,0.3610378296551244,False,0.794327537013272,0.5-1,0.0229,67.447,16.948,0.04748563559523244,0.0974911713333333,0.0664703113333333,0.2340174913406372,0.3396624326705932,0.1073380336165428,0.0273894872516393
Muzzio_1,-0.0383332146470588,0.0121678463235294,0.0159972094157621,-0.0038293630922327,-0.1174372780433693,False,0.0077624687798841,<0.1,0.0944,134.478,-47.761,1.9267822736030829,0.0598489842,0.0783292780352941,0.069265604019165,0.1522659808397293,0.0025136887561529,0.0247132740914821
NGC_1817,-0.155799903,0.0260376668039215,0.0353358588625394,-0.0092981920586178,-0.2851529979759289,False,1.1220189470737862,1-2,0.1043,78.139,16.696,1.8148820326678765,0.0668304817843137,0.0360583323196078,0.1972694993019104,0.2573398053646087,-0.0535446144640445,0.0185338053852319
NGC_1901,-0.2465338599736842,0.1005073253157894,0.0542548385797218,0.0462524867360676,1.4184515842956358,False,0.8912505467113453,0.5-1,0.1391,79.561,-68.294,0.4240882103477523,0.1435716786315789,0.1262353489473684,-0.0084973825141787,0.3106952309608459,-0.0732429400086402,0.0519565530121326
NGC_2112,-0.1152788324137931,0.0215163012068965,0.0280077173603923,-0.0064914161534957,-0.1990759887093421,False,2.089294662720361,2-5,0.08,88.452,0.403,1.1402508551881414,0.0731701369310344,0.0676466320193103,0.1316886395215988,0.2085426896810531,-0.0160252936184406,0.0348883047699928
NGC_2184,-0.1238958613333333,0.0525353125916666,0.0295081463883897,0.0230271662032769,0.7061873358131602,False,0.645654852868111,0.5-1,0.1416,91.69,-2.0,0.5851375073142188,0.1017042734166666,0.0898877687875,0.0505583062767982,0.1409635096788406,-0.0012082929024472,0.0498795285820961
NGC_2186,-0.0679421417777777,0.0193285757333333,0.0203234991660691,-0.0009949234327358,-0.0305118885276384,False,0.2511884225153641,0.1-0.3,0.1175,93.031,5.453,2.4213075060532687,0.0285142755,0.0680993447777777,0.0690873265266418,0.1465442478656768,0.0296493396162986,0.0461320467293262
NGC_2204,-0.2694118963703704,0.0802433668907407,0.0595729497871774,0.0206704171035632,0.6339115571430936,False,2.089294662720361,2-5,0.1193,93.882,-18.67,4.784688995215311,0.1045088924259259,0.047086028037037,0.1556248962879181,0.2575696408748626,-0.0658547133207321,0.0429063737392425
NGC_2215,-0.293052472,0.0833734856,0.0653000910144272,0.0180733945855727,0.5542671755098261,False,0.6918312139914402,0.5-1,0.1048,95.199,-7.277,0.9794319294809012,0.13625189,0.1599940219999999,0.1242166981101036,,-0.0368675962090492,0.0390729531645774
NGC_2225,-0.1492745843846153,0.048622542,0.034109017478927,0.0145135245210729,0.4450945949804684,False,1.380385355838289,1-2,0.1054,96.652,-9.643,3.4482758620689657,0.0833435142307692,0.0997027199230769,0.1049713715910911,0.278353214263916,-0.005367818288505,0.0328279957175254
NGC_2232,-0.1899168871904761,0.045067794597619,0.0420425107235239,0.003025283874095,0.0927781186910308,False,0.0177827941003892,<0.1,0.0867,96.888,-4.749,0.32605151613955,0.0814925107285714,0.0341119432611904,0.1415567100048065,0.1926819235086441,-0.0540170110762119,0.026120776310563
NGC_2243,-0.2485732005707142,0.0727956472142857,0.0547199367126208,0.0180757105016649,0.554338199039192,False,4.365161773191001,2-5,0.1549,97.395,-31.282,4.739336492890995,0.0770424633928571,0.0788219177928571,0.1104427129030227,0.3165886402130127,-0.03360091522336,0.0571304969489574
NGC_2244,0.034973074175,0.0010854858249999,0.0068761207886522,-0.0057906349636522,-0.177584729338782,False,0.0125892513534471,<0.1,0.0874,98.045,4.914,1.6207455429497568,0.0470863565,0.1191299756,-0.01453747600317,0.1146601215004921,0.0094709433615207,0.0512271672487258
NGC_2251,-0.23023985132,-0.0197333074,0.0506017359312605,-0.0703350433312605,-2.157005183613852,True,0.2754226042194985,0.1-0.3,0.1058,98.68,8.337,1.519756838905775,0.1254339767999999,-0.0656962746,0.1231487765908241,0.1047460511326789,-0.0238003190606832,0.0283698979765176
NGC_2254,-0.079190994075,0.0068247155999999,0.0220639822718249,-0.0152392666718249,-0.4673513464800907,False,0.3467368199963294,0.3-0.5,0.0619,98.949,7.671,2.7472527472527473,0.0505049363916666,0.0336337257999999,0.0440063215792179,0.1861456930637359,-0.0111715504899621,0.0017148045590147
NGC_2262,-0.1790243086,0.0154013291999999,0.0398479526156391,-0.0244466234156391,-0.7497186456690904,False,0.645654852868111,0.5-1,0.1015,99.905,1.147,4.484304932735426,0.08376334244,0.028826708,0.1201102510094642,0.1211303025484085,-0.0406942144036293,0.044254831969738
NGC_2287,-0.1393634122222222,0.0289474514333333,0.0322799265369747,-0.0033324751036413,-0.1021989286188977,False,0.1698241862446276,0.1-0.3,0.0902,101.499,-20.716,0.7352941176470588,0.0882870362222222,0.0399374388888889,0.0790849328041076,0.1770498901605606,-0.0599867105484008,0.0425264239311218
NGC_2301,-0.1837504475,0.0101612359999999,0.0407939988081503,-0.0306327628081503,-0.9394325365578712,False,0.2137961713919407,0.1-0.3,0.0441,102.943,0.465,0.8810572687224669,0.079443578,0.10457945625,0.1552987992763519,0.3099034130573272,-0.0002271262928843,0.028372399508953
NGC_2318,-0.1041604794444444,0.0402416034444444,0.0261179936446997,0.0141236097997446,0.4331368562027816,False,0.4365161773191,0.3-0.5,0.0947,104.854,-13.822,1.3966480446927374,0.0829759548888889,0.0936429595555555,0.0604771524667739,0.2494960129261016,-0.0457922667264938,0.0388796851038932
NGC_2335,-0.1088538325,-0.0062542245,0.0269093410753227,-0.0331635655753227,-1.0170461190473958,False,0.323593827469971,0.3-0.5,0.0384,106.69,-10.023,1.7094017094017095,0.0580147684,0.11906355275,0.1871092617511749,0.1032835319638252,0.068040445446968,0.044857021421194
NGC_2354,-0.0630131140714285,0.0037053179714285,0.0195776593544545,-0.015872341383026,-0.4867662123705434,False,1.4125363038976315,1-2,0.1569,108.503,-25.724,1.3280212483399734,0.0492691840357142,0.0342654552857142,0.0643376782536506,0.1444597840309143,-0.0337495431303978,0.0331124737858772
NGC_2360,-0.20415083578,0.00707789606,0.0449856407718401,-0.0379077447118401,-1.162538586312467,False,1.0232935315766702,1-2,0.124,109.443,-15.631,1.1086474501108647,0.11121095635,0.02638625885,0.1955995857715606,0.1203659325838089,-0.0222334079444408,0.0427615568041801
NGC_2362,-0.00100072,-0.008369298,0.0110690938183454,-0.0194383918183454,-0.5961283298826507,False,0.0057544024060553,<0.1,0.003,109.671,-24.954,1.3477088948787062,0.040735143,0.152946184,-0.0092581510543823,,0.044745534658432,0.0730675458908081
NGC_2506,-0.2045018323774193,0.0512786647451612,0.0450592946749989,0.0062193700701623,0.1907329951724159,False,1.6595879278457617,1-2,0.11,120.01,-10.773,3.4246575342465757,0.0929483793667741,0.0378048916193548,0.0756220519542694,0.2192150950431823,-0.06388421356678,0.0369608551263809
NGC_2516,-0.1808280755333333,0.0502371953133333,0.0402079074020394,0.0100292879112938,0.3075739345283325,False,0.239883355113592,0.1-0.3,0.07,119.527,-60.8,0.4137360364087712,0.0746072497333333,0.1085446802,0.0668259784579277,0.2434425354003906,-0.0453556217253208,0.0503105148673057
NGC_2527,-0.1981758625555555,0.0142893955955555,0.0437398052123176,-0.029450409616762,-0.9031726319371346,False,0.6918312139914402,0.5-1,0.0967,121.246,-28.122,0.6510416666666666,0.0671432947555555,0.0607438593333333,0.3408203721046448,0.2078122347593307,-0.0308389291167259,0.0100450348109006
NGC_2533,-0.1922828157166666,0.0286603842916666,0.0425257920635569,-0.0138654077718902,-0.4252184262690934,False,1.047129651766654,1-2,0.0803,121.773,-29.872,3.03951367781155,0.0673377193404166,0.0158232352083333,0.1911250501871109,0.1447076052427292,-0.0473565459251403,0.0081064943224191
NGC_2539,0.0329872041090909,-0.0349358150972727,0.0070933613882248,-0.0420291764854975,-1.2889329024120584,False,0.6918312139914402,0.5-1,0.0703,122.658,-12.834,1.3262599469496021,-0.0049896648590909,0.0451549643181818,0.044223241508007,0.0841657221317291,-0.0182603821158409,0.0237502865493297
NGC_2547,-0.0223774454285714,0.0153937651428571,0.0138190660465984,0.0015746990962586,0.0482922019009024,False,0.0323593827469971,<0.1,0.0347,122.525,-49.198,0.39169604386995693,0.0271484046428571,0.1082490661428571,0.1127821132540702,0.1783153265714645,0.0142342085018754,0.036750640720129
NGC_2548,-0.1085126601578947,0.0468362094368421,0.0268515029817603,0.0199847064550817,0.6128824747230015,False,0.3890452816839944,0.3-0.5,0.0988,123.412,-5.726,0.7757951900698216,0.0849855274789473,0.0301409533842105,0.1438952684402465,0.2126799821853637,-0.0356844365596771,0.0504424273967742
NGC_2567,-0.21050472748,0.0322504532114285,0.0463269940776466,-0.014076540866218,-0.4316933661756845,False,0.3162277660168379,0.3-0.5,0.1007,124.645,-30.631,1.8450184501845017,0.0767861092942857,0.0853528288171428,0.2080911099910736,0.1574381440877914,-0.0490247681736946,0.0255573354661464
NGC_2571,-0.1756363943681463,0.0435418636536585,0.039175576717045,0.0043662869366135,0.1339034300592363,False,0.0269153374005781,<0.1,0.1596,124.723,-29.775,1.366120218579235,0.0762571323121951,0.0853593765487805,0.2114385068416595,0.1908485144376754,-0.0383761189877986,0.0242346953600645
NGC_2580,-0.2273213497272727,0.0296049314696969,0.0499592278562284,-0.0203542963865314,-0.6242169014922282,False,0.5370312303176601,0.5-1,0.1439,125.371,-30.306,5.154639175257731,0.0660428170484848,0.0364210035727272,0.2403147220611572,0.2209252119064331,-0.0715553984045982,0.0251943264156579
NGC_2587,-0.2050864087142857,0.1082579882857143,0.0451820787332463,0.0630759095524679,1.9343851574107425,False,0.3162277660168379,0.3-0.5,0.0958,125.861,-29.503,3.3898305084745766,0.1031106121428571,0.1379592550857143,-0.0365387126803398,0.190152496099472,-0.057546030730009,0.0655615776777267
NGC_2588,-0.1248368890999999,0.02068885707,0.0296738972559188,-0.0089850401859188,-0.2755493895799148,False,0.5495405842387225,0.5-1,0.088,125.797,-32.972,5.025125628140703,0.04807968503,0.00888423561,0.1956990212202072,0.1378504335880279,-0.0401629135012626,0.0288386791944503
NGC_2632,-0.1464028181333333,0.0526731948499999,0.0335747770740532,0.0190984177759467,0.585702150598244,False,0.6760828566222641,0.5-1,0.0977,130.054,19.621,0.18653236336504384,0.0679220452466666,0.0988585407733333,0.0113910343497991,0.3505620956420898,-0.0448500365018844,0.0375302657485008
NGC_2658,-0.1868716227499999,0.056851066,0.0414239363579464,0.0154271296420535,0.4731126481214884,False,0.5011870135142811,0.5-1,0.0362,130.868,-32.662,5.0761421319796955,0.068483283,-0.06343600825,0.0274878237396478,0.1115271523594856,-0.0512712448835372,0.0107404021546244
NGC_2660,-0.1541036711666666,0.0797370731666666,0.0350152197409039,0.0447218534257627,1.3715107731698075,False,0.9332548746146908,0.5-1,0.0336,130.667,-47.201,3.2467532467532467,0.0721648065833333,0.071176843,0.1622745245695114,0.2731241881847381,-0.0001829067914513,0.073408342897892
NGC_2670,-0.120334336,0.0523458191699999,0.0288842056644546,0.0234616135055453,0.7195107808359561,False,0.102329353157667,0.1-0.3,0.0988,131.386,-48.801,1.5455950540958268,0.0803130001111111,0.1003639146666666,0.2170244008302688,0.1382596343755722,-0.0108673488721251,0.0050729122012853
NGC_2671,-0.0839140305411764,0.0257085877058823,0.0228106545037115,0.0028979332021707,0.0888725824680179,False,0.3311314705081584,0.3-0.5,0.1093,131.557,-41.886,1.455604075691412,0.0727652884117646,0.1282415954117647,0.0624083988368511,0.1830877065658569,0.021153325214982,0.0172772742807865
NGC_2682,-0.0373160533887804,0.0117801833321951,0.0158551529413735,-0.0040749696091784,-0.1249694342074878,False,4.265796312095559,2-5,0.0698,132.846,11.814,0.8810572687224669,0.0364814759268292,0.0840759800731707,0.0051053282804787,0.1637329459190368,0.0087311053648591,0.060478925704956
NGC_2849,-0.1510009303,0.0389114290999999,0.034431846020726,0.0044795830792739,0.1373779479585298,False,1.047129651766654,1-2,0.1029,139.85,-40.52,7.042253521126761,0.082178994177,0.1233999385,0.1659502685070037,0.2800206840038299,-0.0366390608251094,0.0396135374903678
NGC_2910,-0.0832153084528571,-0.0224636932142857,0.0226995998143475,-0.0451632930286332,-1.3850486550924728,False,0.1288248533293804,0.1-0.3,0.0617,142.643,-52.913,1.3404825737265416,0.0734509043857142,0.0146488297142857,0.1408393532037735,0.15239779651165,0.0058343154378235,0.0279537942260503
NGC_2925,-0.0380322539559999,-0.0104394679133333,0.0159551318965447,-0.026394599809878,-0.809458356927123,False,0.1288248533293804,0.1-0.3,0.0606,143.321,-53.413,0.7722007722007722,0.0651184943333333,0.0491180825333333,0.1169584468007087,0.2327820211648941,0.001845232094638,0.0370567329227924
NGC_2972,0.0020230681666666,-0.0228164454999999,0.0106956537673848,-0.0335120992673848,-1.027734802025828,False,0.4897783461428336,0.3-0.5,0.0916,145.058,-50.326,2.070393374741201,0.0782567408333333,0.0104319287999999,0.0355846285820007,0.1711727231740951,-0.0269050449132919,0.0309526268392801
NGC_3033,0.05118572875,0.0163769491666666,0.0051647500997579,0.0112121990669086,0.3438509505585737,False,0.6760828566222641,0.5-1,0.1144,147.145,-56.415,1.8796992481203008,0.0431677993333333,0.164707745,0.0344207100570201,0.3070729672908783,0.0640595108270645,0.0489888824522495
NGC_3105,-0.0146559135454545,0.0264247200727272,0.0128035208948197,0.0136211991779075,0.4177291410116316,False,0.021877623926123,<0.1,0.0963,150.169,-54.79,9.615384615384615,0.0488422627999999,0.0545878327272727,0.1659317463636398,0.0897479802370071,0.0321040786802768,0.0129914218559861
NGC_3114,-0.0784955204,0.014852542844,0.0219548279689465,-0.0071022851249465,-0.2178098584209505,False,0.1445439262895664,0.1-0.3,0.1415,150.553,-60.041,1.0482180293501049,0.070938781892,0.0384038898519999,0.077969491481781,0.168133869767189,-0.0058354353532195,0.0388449989259243
NGC_3228,-0.0700853195366666,0.0385805192416666,0.0206509902688864,0.0179295289727802,0.5498551661068345,False,0.0301995185303324,<0.1,0.0786,155.378,-51.814,0.4911591355599214,0.0699966392233333,0.0860564767,0.0919684320688247,0.1587795466184616,-0.0128978919237852,0.0339559465646743
NGC_3255,-0.03021889257,0.0161378645515,0.014876102479314,0.001261762072186,0.0386951823911499,False,0.2238723104986867,0.1-0.3,0.0959,156.635,-60.675,8.333333333333334,0.05912349585,0.06484258599,0.0653621479868888,0.0837410986423492,-0.0334449335932731,0.0445060022175312
NGC_3293,-0.0278917168931818,0.0305593012727272,0.0145596918563707,0.0159996094163565,0.4906692142683229,False,0.0102329353157667,<0.1,0.1696,158.97,-58.231,2.6595744680851063,0.056251177075,0.0514303447159091,0.1340827345848083,0.2045600116252899,-0.0159977208822965,0.0433861911296844
NGC_3324,-0.0337520029629629,0.0218266220329629,0.0153608397491397,0.0064657822838232,0.1982898601006008,False,0.0107151982289039,<0.1,0.101,159.341,-58.615,2.808988764044944,0.0493568056111111,0.0482094816,0.0807057693600654,0.2056055665016174,0.0023915369529277,0.0364095792174339
NGC_3330,-0.1021631005774193,0.0448179855548387,0.0257840316233714,0.0190339539314672,0.5837252008430135,False,0.0812830230578909,<0.1,0.1723,159.659,-54.148,1.8115942028985506,0.0927936241290322,0.0874678729516129,0.0543091520667076,0.1339267939329147,-0.0178761091083288,0.0549691319465637
NGC_3496,-0.0694747142,0.0357450589149999,0.0205574886906055,0.0151875702243944,0.4657659418254467,False,0.5011870135142811,0.5-1,0.1412,164.877,-60.335,2.557544757033248,0.09071276135,0.0637020031499999,0.1237117424607276,0.1930546164512634,0.0077229565940797,0.0407069250941276
NGC_3572,-0.0671251035555555,0.0189113822685185,0.0201991602999861,-0.0012877780314676,-0.0394930287614572,False,0.0047862990313698,<0.1,0.1111,167.64,-60.294,2.6595744680851063,0.0680578907037037,0.063094989137037,0.0747933909296989,0.1683878153562545,0.0331210196018219,0.0317917205393314
NGC_3590,-0.0891608664565,0.031698125205,0.0236511597190575,0.0080469654859424,0.2467809138012587,False,0.0263026845396328,<0.1,0.1085,168.262,-60.79,2.770083102493075,0.091251260495,0.03237028669,0.0552521161735057,0.1200843676924705,0.0238252449780702,0.0276389718055725
NGC_3603,-0.021673313,-0.0238940918333333,0.0137254163202801,-0.0376195081536135,-1.1536990701800365,False,,,0.107,168.795,-61.259,13.157894736842106,0.0750314148333333,0.07021907875,0.0446981526911258,0.1216828152537345,-0.0044319196604192,0.0742295309901237
NGC_3680,-0.1243603404,0.08749642925,0.0295899122106603,0.0579065170393396,1.775852427226205,False,2.1877623926123007,2-5,0.1317,171.392,-43.24,1.0718113612004287,0.1242873167,0.17807340043,0.0008861884707584,0.2601148784160614,-0.0124548804014921,0.0765771940350532
NGC_3766,0.10960270675,-0.00321475925,-8.279237937819893e-05,-0.0031319668706218,-0.0960498274383731,False,0.0229086835704537,<0.1,0.0806,174.061,-61.616,2.178649237472767,0.0329316338,0.114196259875,0.0049258396029472,0.2284399569034576,0.0411374941468238,0.048249565064907
NGC_3960,-0.0827275904332,0.058282583648,0.0226222040050598,0.0356603796429401,1.0936173505600535,False,0.8709627484287175,0.5-1,0.1093,177.644,-55.679,2.5,0.10141971508,0.081817039648,0.0685813874006271,0.1460090428590774,-0.0283213499933481,0.0589353516697883
NGC_4052,0.0118521330666666,0.0023817053999999,0.0095083821925648,-0.0071266767925648,-0.2185578917056095,False,0.3311314705081584,0.3-0.5,0.1006,180.446,-63.23,3.095975232198142,0.0627626895,0.104926254,0.0827201977372169,0.1468569189310073,0.0421747602522373,0.0601081661880016
NGC_4337,-0.00589923993,0.0131562869499999,0.0116822435463311,0.0014740434036688,0.0452053359462755,False,1.4454392628956645,1-2,0.1015,186.022,-58.125,2.801120448179272,0.0860390487,0.07360942039,0.0135832075029611,0.1798127889633178,0.0143236694857478,0.0650439709424972
NGC_4349,0.035012787625,0.027061756915,0.0068717933627367,0.0201899635522633,0.6191772120491583,False,0.3162277660168379,0.3-0.5,0.0724,186.048,-61.866,2.0408163265306123,0.0697964903749999,0.06538831025,0.0819688513875007,0.2540182173252105,0.0242204163223505,0.0580181144177913
NGC_4463,0.0001468586519999,-0.02489346438,0.0109269132367923,-0.0358203776167923,-1.0985241003482291,False,0.0288403175645028,<0.1,0.113,187.466,-64.8,1.9120458891013383,0.061998546,0.0292250086,0.1701992750167846,0.3022123277187347,0.0286131538450717,0.0316199995577335
NGC_4609,-0.1501165956666666,0.0569818573333333,0.0342663175606309,0.0227155397727024,0.6966305090271924,False,0.0812830230578909,<0.1,0.0588,190.582,-62.995,1.5151515151515151,0.0462530843333333,0.0402793266666666,0.1804671138525009,0.1653678268194198,,0.0276188198477029
NGC_4755,-0.0202486039962499,0.01673224324375,0.0135365690122468,0.0031956742315031,0.0980035776764756,False,0.0120226422341166,<0.1,0.1416,193.415,-60.371,2.1645021645021645,0.0809234756,0.067764247625,0.0680530071258544,0.2223266363143921,0.0092642437666654,0.0476197898387908
NGC_4852,-0.01011774775,0.0297309897178571,0.0122183816129215,0.0175126081049355,0.5370692143180198,False,0.0776246877988414,<0.1,0.1181,195.046,-59.607,1.3297872340425532,0.1021172594642857,0.0600521097499999,0.0344015099108219,0.0952960699796676,-0.0045875231735408,0.0622159726917743
NGC_5138,-0.2176374287499999,0.070256121,0.0478530336697874,0.0224030873302125,0.6870483504592473,False,0.0478629903136986,<0.1,0.0843,201.829,-59.023,1.9607843137254901,0.13990115875,0.1059868745,0.1005173474550247,0.2005350291728973,-0.0455034971237182,0.0545586496591568
NGC_5168,0.0094969114374999,0.04055062295625,0.0097891640788887,0.0307614588773612,0.9433793328524456,False,0.602559215586761,0.5-1,0.0666,202.791,-60.945,3.571428571428571,0.0597821979875,0.07914603525,-0.0142197273671627,0.0942336767911911,0.0190044306218624,0.0632408484816551
NGC_5269,0.06441380075,0.033064354,0.0038505027969913,0.0292138512030086,0.8959179591520431,False,0.1318256391182683,0.1-0.3,0.0369,206.147,-62.907,2.1739130434782608,0.0633714125,0.103791559875,-0.1391469538211822,0.148117333650589,0.0122945681214332,0.0893787667155265
NGC_5281,0.0700485973333333,-0.0103848283333333,0.0033130703482114,-0.0136978986815447,-0.4200813287560371,False,0.0398107083132505,<0.1,0.038,206.614,-62.916,1.658374792703151,0.071054112,0.1238925148333333,0.0328348763287067,0.1044351682066917,0.0808198079466819,0.0556796006858348
NGC_5288,0.0702059935714285,0.0336095497142857,0.0032982504384544,0.0303112992758312,0.9295740297209688,False,0.4677352234557817,0.3-0.5,0.1738,207.193,-64.68,2.8985507246376816,0.0757486599285714,0.0766546376428571,-0.022670317441225,0.0798052847385406,0.0203959643840789,0.0621403791010379
NGC_5316,0.0071963855391304,0.0032563228086956,0.0100656826554069,-0.0068093598467112,-0.2088265506181928,False,0.1659587927845761,0.1-0.3,0.1155,208.516,-61.883,1.5037593984962405,0.0595904255652173,0.0969157840434782,0.0254487469792366,0.1402535736560821,0.0229894705116748,0.0494159422814846
NGC_5381,0.0010278599999999,-0.0042916738,0.0108181372173189,-0.0151098110173189,-0.4633812555468658,False,0.3548135450617081,0.3-0.5,0.0397,210.205,-59.578,2.638522427440633,0.0502627551999999,0.0656822354,-0.0009683683747425,0.1353833526372909,0.0232604704797267,0.0548457317054271
NGC_5460,0.0570975847812499,0.0345455325749999,0.0045682743563253,0.0299772582186746,0.919329800703676,False,0.1584892496402718,0.1-0.3,0.0318,211.847,-48.285,0.7462686567164178,0.057266705375,0.07750142625,0.0593931004405021,0.2113496661186218,0.0283809043467044,0.0751218497753143
NGC_5593,-0.101491853,0.0765549214,0.0256721764652809,0.050882744934719,1.5604503727078791,False,0.0870963704709874,<0.1,0.1684,216.419,-54.795,1.0559662090813096,0.139305175,0.0947561265999999,0.0955008938908577,0.1507547795772552,0.0113703804090619,0.0588631927967071
NGC_5617,-0.0303745455999999,0.0070030921199999,0.014897347036912,-0.007894254916912,-0.2420976510436066,False,0.1047129651766653,0.1-0.3,0.0707,217.452,-60.719,2.5,0.0535197264,0.0312248392,0.0756592527031898,0.2306789606809616,0.0307726059108972,0.0329929664731025
NGC_5662,0.0505531246191666,-0.0007043789416666,0.0052294491307132,-0.0059338280723798,-0.1819761146732407,False,0.1995263191254866,0.1-0.3,0.0757,218.734,-56.64,0.7763975155279503,0.0551922434833333,0.05512410025,0.0756837055087089,0.1349367797374725,0.0064110574312508,0.0388426817953586
NGC_5715,0.0432312590625,0.0201471530625,0.005990561249015,0.0141565918134849,0.434148334567398,False,0.5370312303176601,0.5-1,0.1555,220.859,-57.578,2.2988505747126435,0.0746290046875,0.132062167,0.0284444335848093,0.1790630668401718,0.0517816469073295,0.0720686614513397
NGC_5749,-0.0098120704999999,0.02250103375,0.0121792804406584,0.0103217533093415,0.3165431389211612,False,0.0524807206714521,<0.1,0.095,222.204,-54.502,1.1235955056179776,0.110930546375,0.0636248945,0.0228815227746963,0.0527864694595336,0.0016154582845047,0.0633159726858139
NGC_5764,-0.0308509366518518,0.0467481198888888,0.0149624315050718,0.031785688383817,0.9747899675801504,False,1.3182563911826832,1-2,0.1497,223.389,-52.667,2.1141649048625792,0.0718769292703703,0.0754829829259259,0.0806185379624366,0.1239219456911087,-0.0416191555559635,0.0689071714878082
NGC_5822,0.0734393141666666,0.0277190944333333,0.0029961222300774,0.0247229722032559,0.7581935927103153,False,0.9120109194638908,0.5-1,0.0477,226.051,-54.366,0.8424599831508003,0.0585547033166666,0.0435860716666666,-0.0895841121673584,0.1927532404661178,0.0412893109023571,0.0541105419397354
NGC_5823,-0.0647987219999999,0.1130952540666666,0.0198466671057334,0.0932485869609332,2.859707990682418,True,0.0794328409152129,<0.1,0.112,226.365,-55.608,1.9193857965451055,0.1119510333333333,0.0443472413333333,0.0605222173035144,0.4056985378265381,0.1400525718927383,0.0624130964279174
NGC_5925,-0.021177288,0.0437233320666666,0.0136595703802261,0.0300637616864404,0.921982652248711,False,0.4897783461428336,0.3-0.5,0.0822,231.847,-54.515,1.4727540500736376,0.1240862806666666,0.121310439,0.1397659182548523,0.2445861548185348,0.0008488893508911,0.0326799787580966
NGC_6025,-0.0201905573715789,0.0696652609842105,0.0135288929849341,0.0561363679992763,1.7215662496062858,False,0.1047129651766653,0.1-0.3,0.1066,240.779,-60.43,0.7880220646178093,0.0793629205994736,0.0280116071842105,-0.0179556906223297,0.0896144360303878,0.0048367260023951,0.0832752287387847
NGC_6087,-0.0813858358,0.092696612596,0.0224097987549968,0.0702868138410031,2.1555261021267142,True,0.1,<0.1,0.1,244.721,-57.916,0.9756097560975611,0.1133103922,0.073703742468,-0.0511535666882991,0.0922484099864959,-0.0282004568725824,0.0797930210828781
NGC_6124,-0.050314654,0.0134163802857142,0.0177033576463439,-0.0042869773606296,-0.1314711977266041,False,0.1905459546378596,0.1-0.3,0.0893,246.332,-40.661,0.6422607578676943,0.0540511981428571,0.1073065704285714,0.0799851417541503,0.128691628575325,-0.0627079531550407,0.0696712657809257
NGC_6152,0.101423266,0.0222397287352941,0.0005653563225902,0.0216743724127038,0.6647004314135441,False,0.2238723104986867,0.1-0.3,0.0948,248.213,-52.629,1.6835016835016836,0.0431713089647058,0.0744861615882352,0.0911289453506469,0.1519805788993835,-0.0359715521335601,0.0615111589431762
NGC_6167,0.0938997463157894,0.0143446928947368,0.001186428093026,0.0131582648017108,0.4035320665259234,False,0.1548815122441698,0.1-0.3,0.0945,248.662,-49.759,1.5313935681470137,0.0577952239842105,0.0903623683157894,0.0327857360243797,0.117619976401329,0.0792464166879654,0.0643804147839546
NGC_6178,0.0822010644210526,0.0321296136736842,0.0021995560427385,0.0299300576309456,0.9178822731615144,False,0.016595861056887,<0.1,0.0942,248.939,-45.635,0.9099181073703367,0.0495310680526315,0.0763927882105263,-0.013133231550455,0.0892768055200576,0.0445517525076866,0.0563291683793067
NGC_6204,0.0698116125999999,-0.0213573125999999,0.0033354037454646,-0.0246927163454646,-0.7572657189364559,False,0.0933253849940474,<0.1,0.0865,251.538,-47.027,1.2422360248447204,0.0361696376,0.0825810132,0.1141233220696449,0.0100343823432922,0.0819752588868141,0.0604689605534076
NGC_6208,-0.0014758191249999,0.022607781653125,0.0111281192515063,0.0114796624016186,0.352053402310526,False,1.4125363038976315,1-2,0.1412,252.336,-53.714,1.2048192771084338,0.0947710252625,0.12105861396875,0.0293018594384193,0.1646435260772705,0.0346423871815204,0.0737308040261268
NGC_6231,0.0263870332272727,0.0068296176727272,0.007827318334851,-0.0009977006621238,-0.0305970594168886,False,0.0138038384023379,<0.1,0.1012,253.545,-41.812,1.697792869269949,0.0777309625454545,0.0664630444545454,-0.0576180703938007,0.0838498398661613,0.003366227261722,0.0772577300667762
NGC_6250,0.1137626645,-0.006322720475,-0.0004016140268398,-0.0059211064481601,-0.1815859733143064,False,0.0239883355113592,<0.1,0.0942,254.497,-45.951,1.0121457489878543,0.0990333200625,0.105153225875,0.1378408074378967,0.1102251708507537,0.0592437461018562,0.0481918305158615
NGC_6253,-0.032479125925,0.067206979641,0.015185596647473,0.0520213829935269,1.5953696402420068,False,3.2359382746997105,2-5,0.1825,254.778,-52.712,1.7761989342806397,0.11147088901875,0.11126744412,0.0180236771702766,0.2218759357929229,0.0227254573255777,0.065510869026184
NGC_6281,0.0786685569086956,0.0208816169173913,0.0025168174449495,0.0183647994724417,0.5632038565970396,False,0.512861429039393,0.5-1,0.1204,256.179,-37.948,0.5339028296849974,0.0812306426521739,0.1028871389130434,0.0650464072823524,0.1428933590650558,0.0525713860988616,0.0745409876108169
NGC_6318,0.0284441896,0.0070307008999999,0.0075965872923585,-0.0005658863923585,-0.0173543631146303,False,0.0097723670593248,<0.1,0.0748,259.044,-39.424,2.4390243902439024,0.0622941112999999,0.0662951358,0.0638885647058487,0.1182753294706344,0.0434891656041145,0.0426567867398262
NGC_6444,0.0252156299999999,0.0349507017749999,0.0079595002070922,0.0269912015679077,0.8277546858077683,False,0.1778279410038923,0.1-0.3,0.1023,267.408,-34.816,1.9083969465648853,0.0546113132499999,-0.0354176492499999,0.00118163600564,0.0877987444400787,-0.0098595358431339,0.0360608249902725
NGC_6469,-0.0059920595999999,-0.0057162744166666,0.0116939594642124,-0.0174102338808791,-0.5339296451715531,False,0.069183121399144,<0.1,0.1143,268.277,-22.3,1.7035775127768313,0.0482176956666666,0.0867084405777777,0.1623520255088806,0.2245884239673614,-0.0061587197706103,0.0405560582876205
NGC_6520,0.3094884133333333,0.0960324309999999,-0.0071567904142742,0.1031892214142742,3.1645631386814093,True,0.123026920306321,0.1-0.3,0.0728,270.856,-27.884,1.7985611510791366,0.0826426516666666,0.0786120175666666,-0.1599957793951034,0.1168871894478797,-0.0094000650569796,0.0989566221833229
NGC_6568,-0.0888755146899999,0.08798516325,0.0236051500454737,0.0643800132045262,1.9743788533584523,False,0.8709627484287175,0.5-1,0.1618,273.192,-21.612,1.0683760683760684,0.128817976,-0.085328004,0.2166725099086761,0.1365045756101608,0.000482365489006,-0.0093754613772034
NGC_6583,-0.0501712614482758,0.0628447800241379,0.0176825808957104,0.0451621991284274,1.3850151078263797,False,1.2022642234116694,1-2,0.2,273.962,-22.143,2.4213075060532687,0.1066007920968965,-0.0076134578862068,0.260604590177536,0.1426276415586471,-0.0329090878367424,-0.020974451676011
NGC_6631,0.0616955512142857,-0.0024521433285714,0.0041145478229694,-0.0065666911515408,-0.2013844903223303,False,0.1995263191254866,0.1-0.3,0.1401,276.79,-12.029,3.03951367781155,0.0822723949285714,0.0802668921428571,0.0797941535711288,0.1773802191019058,0.0821272134780883,0.039987988770008
NGC_6645,0.0119801568571428,0.0302710321428571,0.0094931866137522,0.0207778455291049,0.6372061263903112,False,0.512861429039393,0.5-1,0.0416,278.158,-16.918,1.8416206261510129,0.0947221722857142,0.0477899091428571,0.0100126964971423,0.1946821212768554,-0.0093441056087613,0.0718389004468917
NGC_6649,0.0172467829999999,0.0652968901249999,0.0088740607740157,0.0564228293509842,1.7303513244604911,False,0.0707945628925188,<0.1,0.0733,278.359,-10.399,2.141327623126338,0.098732901,0.058542561325,0.0765243992209434,0.1810414344072342,0.0766965150833129,0.017420370131731
NGC_6694,0.0522539922857142,0.0352019314285714,0.0050558773248635,0.0301460541037079,0.924506361088726,False,0.1412536303897631,0.1-0.3,0.0817,281.317,-9.386,1.9083969465648853,0.0606653959999999,0.1505821828571428,0.1585370153188705,0.0776058658957481,0.0396367684006691,0.0766371116042137
NGC_6704,0.03541932,0.0157132403636363,0.0068275332863027,0.0088857070773336,0.2725030840688257,False,0.1995263191254866,0.1-0.3,0.1252,282.687,-5.203,2.3041474654377883,0.0782180619090909,0.0676442357845454,0.034373365342617,0.1544130742549896,0.0814257115125656,0.0614696107804775
NGC_6705,0.0455815761666666,-0.0195713813333333,0.0057437818155731,-0.0253151631489065,-0.7763546526735762,False,0.3090293803866819,0.3-0.5,0.1028,282.766,-6.272,2.34192037470726,0.0855169701833333,0.0687695947222222,0.0120669091120362,0.0730809047818183,0.0224120877683162,0.0660351812839508
NGC_6716,-0.0120761757499999,0.00364031375,0.0124698314320705,-0.0088295176820705,-0.2707798916016544,False,0.097723670593248,<0.1,0.0625,283.616,-19.888,0.7117437722419929,0.03733344475,-0.0178658735,0.0829476118087768,0.0956694409251213,-0.0339763909578323,0.0250085368752479
NGC_6728,-0.021694269,-0.0011913395181818,0.0137282004543332,-0.0149195399725151,-0.4575461040989504,False,0.602559215586761,0.5-1,0.1404,284.715,-8.953,1.8656716417910446,0.1207761024545454,0.1165921345454545,0.0323532149195671,0.1776795983314514,0.0147389760240912,0.0808255970478057
NGC_6755,0.0605739768941176,-0.0088529755588235,0.0042244028385881,-0.0130773783974116,-0.4010514766934063,False,0.1445439262895664,0.1-0.3,0.1067,286.942,4.224,2.6595744680851063,0.0622827058823529,0.1130331568235294,0.0985837951302528,0.1486784964799881,0.0759529471397399,0.0579323656857013
NGC_6756,0.0439844980333333,0.0403571166666666,0.0059112188593353,0.0344458978073312,1.056372138348051,False,0.0478629903136986,<0.1,0.0433,287.181,4.711,3.558718861209964,0.0782949048333333,0.064586539,-0.0578672848641872,0.1115021929144859,0.0249936878681182,0.053440973162651
Patchick_90,-0.1231049526275862,0.0169272672327586,0.0293691259053427,-0.0124418586725841,-0.3815616281653327,False,1.096478099832217,1-2,0.0999,101.181,-0.532,7.936507936507937,0.0574919347275862,0.054654694275862,0.1612801849842071,0.2001038640737533,-0.0051719797775149,0.0292789470404386
Pismis_12,-0.0228591566666666,-0.0072629916666666,0.0138832541098485,-0.0211462457765151,-0.6485040684355868,False,1.23026920306321,1-2,0.0641,140.007,-45.131,2.320185614849188,0.0315368093333333,-0.0088446393333333,0.2149474471807479,0.270697683095932,0.0038040429353713,-0.0079178251326084
Pismis_15,-0.2157834662182353,0.0495576778294117,0.0474543162839514,0.0021033615454603,0.0645049969643737,False,0.8709627484287175,0.5-1,0.0909,143.684,-48.04,2.824858757062147,0.1088185279352941,0.0868407148235294,0.2040117979049682,0.1786073893308639,-0.050176452845335,0.0481240935623645
Pismis_17,-0.0601158562833333,0.0167776760833333,0.0191440372942652,-0.0023663612109319,-0.0725705588072666,False,,,0.1179,165.377,-59.873,2.73224043715847,0.0473004409416666,0.06290847025,0.1768274307250976,0.2222047299146652,0.0274931583553552,0.0310572683811187
Pismis_18,0.0002900739285714,0.1193564641785714,0.0109092083754693,0.1084472558031021,3.325814300195672,True,0.5754402406055371,0.5-1,0.1534,204.227,-62.091,3.012048192771084,0.0666302626714285,0.1078198255,-0.2221232801675796,0.1654264777898788,-0.0304415952414274,0.1200144961476326
Pismis_19,-0.00813254427,0.01889452166,0.0119651439810334,0.0069293776789665,0.2125072064341185,False,0.8317639172213713,0.5-1,0.1204,217.666,-60.889,3.9215686274509802,0.0676666317,0.05989746673,0.1005632653832435,0.1863732933998108,0.0207250788807868,0.0405215583741664
Pismis_2,-0.1075116991666666,0.0110175939999999,0.0266820957037973,-0.0156645017037973,-0.480392273516971,False,1.862089099377868,1-2,0.1368,124.477,-41.674,4.524886877828054,0.0213475651666666,0.0978169895,0.1416133493185043,0.1294355541467666,-0.0380508191883564,0.0168803911656141
Pismis_20,-0.0236846585714285,0.0809897755857142,0.0139934797368325,0.0669962958488817,2.0546138963525253,True,,,0.0398,228.848,-59.073,3.436426116838488,0.115856871,0.0987255605714285,0.0347370468080043,0.1508429497480392,0.0795540660619735,0.0444285497069358
Pismis_21,-0.0456659707272727,0.0591978646818181,0.017034204356525,0.0421636603252931,1.2930571955924188,False,,,0.0329,229.199,-59.659,3.4482758620689657,0.106085935090909,0.1284116359090909,0.061468482017517,0.2073909342288971,0.0541907548904418,0.0425445288419723
Pismis_23,-0.0362495533333333,0.0424084148666666,0.0157066741708331,0.0267017406958335,0.8188776229391657,False,,,0.0751,245.99,-48.891,6.024096385542168,0.0775107033333333,0.1004355211,0.0832987427711486,0.3632742464542389,-0.0240632444620132,0.0515125505626201
Platais_10,-0.0048970110999999,0.0019034623833333,0.0115559711597588,-0.0096525087764255,-0.296019032327437,False,0.1096478099832217,0.1-0.3,0.1535,205.22,-59.271,0.2405002405002405,0.0663211263333333,0.1113529601666666,0.0466013848781585,0.1230025887489318,0.0471727810800075,0.042725320905447
Platais_9,-0.1199598732454545,0.0528185958954545,0.0288189144686168,0.0239996814268376,0.7360120189157802,False,0.0501187013514281,<0.1,0.1013,139.241,-43.862,0.18304960644334614,0.0849097037272727,0.0685223251363636,-0.0122698210179805,0.1225164756178855,-0.0269988123327493,0.0378180593252182
Pozzo_1,-0.1803809410714285,0.0311898876428571,0.0401185506300861,-0.008928662987229,-0.2738204376371558,False,0.0095499262796311,<0.1,0.0546,122.374,-47.335,0.35050823694356814,0.0987129228785714,0.0425128377142857,0.1454257816076278,0.1919212490320205,-0.0498161613941192,0.0393885374069213
Ruprecht_1,-0.187132293,0.0469908209814814,0.0414767324531468,0.0055140885283346,0.1691037209219612,False,0.2884031756450284,0.1-0.3,0.0958,99.084,-14.157,1.5847860538827259,0.0856384052296296,0.0886830062592592,0.1655343621969223,0.1533779352903366,-0.0416438281536102,0.0337694324553012
Ruprecht_100,-0.0529747767499999,0.0099598665,0.0180903657873489,-0.0081304992873489,-0.2493426928818823,False,0.2041739917404129,0.1-0.3,0.0428,181.52,-62.624,3.952569169960474,0.0119506549999999,0.0821833005,0.1307056248188018,,-0.0428712591528892,0.0171519853174686
Ruprecht_101,0.014112841576923,0.0038718335,0.0092410671505156,-0.0053692336505156,-0.1646613731600391,False,1.047129651766654,1-2,0.1421,182.398,-62.995,3.676470588235294,0.059922164076923,0.0900052692307692,0.0994850769639015,0.1678938716650009,0.0107176760211586,0.0500005483627319
Ruprecht_102,0.0592619978571428,-0.0165796037142857,0.0043535803505861,-0.0209331840648718,-0.6419699825137258,False,0.4365161773191,0.3-0.5,0.1411,183.393,-62.719,3.278688524590164,0.0630219512857142,0.0737889234285714,-0.0306207574903965,0.1868425458669662,0.049245499074459,0.0682373717427253
Ruprecht_105,-0.0775271797571428,0.049717886,0.0218031868666802,0.0279146991333197,0.8560761162256998,False,0.3890452816839944,0.3-0.5,0.0576,188.694,-61.592,2.1739130434782608,0.0909415035714285,0.132630564,0.1358617097139358,0.0858882144093513,-0.0175206623971462,0.0715517550706863
Ruprecht_107,-0.008756606875,0.0026318715333333,0.0120445719785966,-0.0094127004452632,-0.288664692457984,False,0.2041739917404129,0.1-0.3,0.1177,199.937,-64.944,4.219409282700422,0.0648947563333333,0.0899762411666666,0.176839604973793,0.0598804764449596,-0.0944838300347328,0.053740307688713
Ruprecht_108,0.0101668639166666,0.0195262661299999,0.0097090565623469,0.009817209567653,0.3010700061179828,False,0.0831763917221371,<0.1,0.113,203.002,-58.509,1.0235414534288638,0.0850904110416666,0.0805248550833333,-0.0196866169571876,0.1349941343069076,0.0087045636028051,0.0754619166254997
Ruprecht_111,0.0700467102727273,0.0019904761363636,0.0033132480909518,-0.0013227719545882,-0.0405662075069451,False,0.9120109194638908,0.5-1,0.1046,219.01,-59.975,1.5015015015015014,0.0752417380454545,-0.0037118778454545,-0.1039650216698646,0.1029283329844474,0.0110837006941437,0.0662474930286407
Ruprecht_117,0.066163611090909,0.0067611528090909,0.0036821776564875,0.0030789751526033,0.0944246999764329,False,0.1318256391182683,0.1-0.3,0.1283,245.888,-51.879,3.623188405797101,0.0657306406060606,0.0782627847272727,-0.0047954092733561,0.1200628727674484,0.0675249397754669,0.0595864802598953
Ruprecht_119,0.0259282325,0.0233010232153846,0.007879020790532,0.0154220024248525,0.4729554088058337,False,0.0478629903136986,<0.1,0.0709,247.039,-51.5,2.3094688221709005,0.0696608900038461,0.0439039199615384,0.0332098938524723,0.107753537595272,0.0526083633303642,0.0513035133481025
Ruprecht_121,0.142440883275,-0.011558576607,-0.0024010523726272,-0.0091575242343728,-0.280839056991558,False,0.1778279410038923,0.1-0.3,0.0985,250.436,-46.159,2.1645021645021645,0.07126340675,0.0521302786,0.0683580785989761,0.0458987839519977,0.0278080943971872,0.0846994370222091
Ruprecht_135,0.0062118836923076,0.0584405565384615,0.0101846994026792,0.0482558571357823,1.4798900953452554,False,0.645654852868111,0.5-1,0.1273,269.511,-11.646,1.1098779134295227,0.0747043665923077,0.1481475973846154,0.064909890294075,0.158632755279541,0.0276442393660545,0.066004678606987
Ruprecht_143,0.0959947081304347,-0.0070473242391304,0.0010110906929368,-0.0080584149320672,-0.2471320405436483,False,0.3981075202376551,0.3-0.5,0.1179,278.174,-12.148,3.095975232198142,0.0516532354782608,0.0428136574782608,0.069282166659832,0.0808944776654243,-0.0035143091809004,0.0524551160633564
Ruprecht_144,0.0814203987142857,0.0184861302571428,0.0022692163947263,0.0162169138624165,0.4973334145641291,False,0.0301995185303324,<0.1,0.1096,278.437,-11.425,1.8018018018018016,0.0680763755714285,0.1034607319999999,0.0275795850902795,0.1688590347766876,0.0330031998455524,0.0312067102640867
Ruprecht_145,-0.070425067625,0.05163202716875,0.020703083710741,0.0309289434580089,0.9485156787125194,False,0.8128302305789092,0.5-1,0.1027,282.636,-18.27,0.6056935190793459,0.072854346625,0.0899672559,0.2104385495185852,0.2720037996768951,-0.023951718583703,0.0439151376485824
Ruprecht_147,-0.0953108217583333,0.0882673518558333,0.0246511099760815,0.0636162418797517,1.9509558393300808,False,3.0199485372543653,2-5,0.1466,289.087,-16.333,0.3076923076923077,0.1045852169383333,0.04046558435,0.0550664216279983,0.2165657579898834,-0.0231133755296468,0.0376369133591651
Ruprecht_161,-0.086115792,0.0053970441190476,0.0231619477662717,-0.0177649036472241,-0.5448065066653913,False,0.1047129651766653,0.1-0.3,0.0826,152.4,-61.259,0.9208103130755064,0.0591449280761904,0.0784892580714285,0.0994691029191017,0.184598907828331,-0.0222670920193195,0.0507115349173545
Ruprecht_164,0.0182233993666666,-0.0145896175333333,0.0087605382599093,-0.0233501557932427,-0.7160926431366834,False,1.698241862446276,1-2,0.1115,172.616,-60.752,5.154639175257731,0.0712541082199999,0.0853132461333333,0.0997001007199287,0.1581486612558365,0.0195329617708921,0.0523348972201347
Ruprecht_167,0.0167077641299999,0.03308837745,0.008936888852284,0.0241514885977159,0.7406675766432703,False,0.5370312303176601,0.5-1,0.1279,215.15,-58.858,1.6313213703099512,0.0844418982,0.1138359046,0.075092002749443,0.0444667637348175,0.004036923404783,0.0634554028511047
Ruprecht_171,0.0177697520999999,-0.0168842879133333,0.0088132205092333,-0.0256975084225667,-0.7880802548507306,False,2.7542260421949853,2-5,0.1591,278.012,-16.062,1.6129032258064517,0.0632100362,0.0769394333666666,0.0147101199254393,0.0824126824736595,0.0334398709237575,0.0685598030686378
Ruprecht_18,-0.1472171626682143,0.0286179036678571,0.0337259181012591,-0.0051080144334019,-0.1566504133498626,False,0.1288248533293804,0.1-0.3,0.0717,111.16,-26.213,2.7472527472527473,0.0774605662821428,0.0755366068107143,0.13482266664505,0.2429365962743759,-0.049173142760992,0.0327547080814838
Ruprecht_43,-0.1404861104374999,0.0291374839999999,0.0324850392052087,-0.0033475552052087,-0.1026613987576749,False,,,0.1305,119.697,-28.805,9.523809523809524,0.09321714423125,0.098324881,0.2069907039403915,0.2100508213043213,-0.0444565042853355,0.0279164239764213
Ruprecht_44,-0.1025803828333333,0.0213735498625,0.0258536623127541,-0.004480112450254,-0.1373941824825181,False,0.0144543926289566,<0.1,0.1129,119.708,-28.558,6.578947368421053,0.0757823633208333,0.095019166625,0.2500649392604828,0.1927448213100433,-0.0293672829866409,0.0245108623057603
Ruprecht_45,-0.2225901469230769,-0.0253791781076923,0.048925281387215,-0.0743044594949073,-2.278737549663325,True,3.1622776601683795,2-5,0.1017,119.894,-16.292,5.208333333333333,0.0293276816153846,0.0609820698438461,0.084464244544506,0.1242201030254364,-0.0747052505612373,0.0226570889353752
Ruprecht_54,-0.1457897381999999,0.0025448848114285,0.033461174868975,-0.0309162900575465,-0.9481276296107456,False,0.2754226042194985,0.1-0.3,0.0961,122.844,-31.947,5.181347150259067,0.0782779847942857,0.0662508968285714,0.2632696628570556,0.1937847435474395,-0.0412059314548969,0.0207882765680551
Ruprecht_58,-0.1431002999629629,0.0170199946481481,0.0329647004905813,-0.0159447058424332,-0.488985454822924,False,0.3311314705081584,0.3-0.5,0.0686,123.71,-31.938,3.7593984962406015,0.0527241319777777,0.0672096501851851,0.2055877596139907,0.1401228308677673,-0.0311187636107206,0.0171315353363752
Ruprecht_60,-0.0852879068461538,0.0220609516999999,0.0230296181381524,-0.0009686664381524,-0.0297066501892515,False,0.9772367059324804,0.5-1,0.1023,126.105,-47.207,5.376344086021505,0.0430893249230769,0.035193161076923,0.1219761744141578,0.1499277949333191,-0.0071943891234695,0.0448140874505043
Ruprecht_61,-0.1773217685294117,0.0394082560941176,0.0395094565197492,-0.0001012004256315,-0.0031035715957853,False,,,0.0958,126.327,-34.135,3.6900369003690034,0.0809949796647059,0.0712646529999999,0.1536225080490112,0.1725073754787445,-0.0542133636772632,0.0516375228762626
Ruprecht_71,-0.143311542,-0.0470113649999999,0.0330035857604502,-0.0800149507604502,-2.453864466167025,True,0.021379617139194,<0.1,0.1303,132.316,-46.875,2.05761316872428,0.1035149892857142,0.0720021105714285,0.1437582224607467,0.184124082326889,-0.0243279840797185,-0.0483490191400051
Ruprecht_77,-0.0997109731428571,0.0070292796,0.0253763350867789,-0.0183470554867789,-0.5626596915942188,False,0.0123026920306321,<0.1,0.0543,141.821,-55.119,4.132231404958678,0.0750828941428571,0.0517080772857142,0.2843574583530426,0.186446338891983,-0.0003517312579788,0.043995413929224
Ruprecht_78,-0.08002971675,0.03095576512,0.0221958906389828,0.0087598744810171,0.2686441035426615,False,,,0.0977,142.282,-53.696,10.309278350515463,0.0816777212,0.1355187389,0.0237052179872989,0.2215524762868881,-0.007084107492119,0.0619388036429882
Ruprecht_79,-0.0498657476666666,0.0015917324583333,0.017638342621973,-0.0160466101636396,-0.4921106131887157,False,0.0616594947701844,<0.1,0.1158,145.259,-53.846,4.524886877828054,0.0377930966666666,0.070583468775,0.1035534814000129,0.0986293852329254,-0.0118903033435344,0.0443150550127029
Ruprecht_8,-0.05890651125,0.0258845654999999,0.0189640856889849,0.006920479811015,0.212234330405537,False,0.3981075202376551,0.3-0.5,0.1414,105.424,-13.539,2.2522522522522523,0.06204153375,0.1009816407499999,0.0458676144480705,0.1898935437202453,0.0165379866957664,0.0288223791867494
Ruprecht_82,-0.07043856835625,0.00289053515625,0.0207051547777174,-0.0178146196214674,-0.5463311750109595,False,0.4570880290185208,0.3-0.5,0.0923,146.421,-54.004,2.3255813953488373,0.04401732475,0.03917881339375,0.1872543096542358,0.1143145561218261,-0.0245757438242435,0.0382788106799125
Ruprecht_83,-0.0013627632499999,0.01213278425,0.0111140647730303,0.0010187194769696,0.0312416554877616,False,0.1122018947073786,0.1-0.3,0.0959,147.307,-54.611,4.6082949308755765,0.033089009541,0.0582351049999999,0.0885528922080993,0.1218747720122337,0.0006367973983287,0.0439942106604576
Ruprecht_91,-0.0324852704,-0.0074033728930434,0.0151864409464883,-0.0225898138395318,-0.6927747996010044,False,0.1380385355838289,0.1-0.3,0.0819,161.964,-57.483,1.0787486515641855,0.0702800717260869,0.0518332722,0.0518407933413982,0.1010560765862464,-0.0032481020316481,0.0358480103313922
Ruprecht_94,-0.0525671557333333,0.047230436,0.0180308695064929,0.029199566493507,0.8954798817587243,False,0.0245470816103821,<0.1,0.1419,172.772,-63.426,2.710027100271003,0.0927081005466666,0.1166020900666666,0.23778036236763,0.1036539524793624,-0.0130993640050292,0.0503749288618564
Ruprecht_96,-0.0245093973076923,0.0179467580326923,0.0141038903039224,0.0038428677287698,0.117851432490905,False,0.0467735223455781,<0.1,0.1124,177.67,-62.14,3.7037037037037033,0.04696011255,0.057152999076923,0.1160371303558349,0.1846555918455124,-0.0344438105821609,0.0361773855984211
Ruprecht_97,-0.00047175381875,-0.012637957076875,0.0110034879781598,-0.0236414450550348,-0.7250257782832339,False,0.1778279410038923,0.1-0.3,0.0918,179.369,-62.708,5.025125628140703,0.04888881025,0.0546790009375,0.1521224379539489,0.1232569888234138,-0.0291760750114917,0.0378512106835842
Ruprecht_98,2.9841999999997056e-05,-0.0015899950666666,0.0109413857342605,-0.0125313808009271,-0.3843070547086071,False,0.4897783461428336,0.3-0.5,0.0663,179.715,-64.581,0.4892367906066536,0.0416203593999999,0.0577826525919999,0.1372213810682296,0.1449604928493499,0.0076789995655417,0.0495122447609901
SAI_108,-0.0147778151666666,-0.0427921943333333,0.0128193582966039,-0.0556115526299372,-1.7054714351512337,False,0.1202264223411669,0.1-0.3,0.0869,144.729,-52.947,3.875968992248062,0.074861345,-0.0475390863333333,0.1178041622042656,0.1248516663908958,-0.0930715203285217,0.0553041249513626
SAI_109,-0.0437199795,0.0027845762125,0.0167567939152418,-0.0139722177027418,-0.4284940277843026,False,1.047129651766654,1-2,0.1143,145.902,-50.797,10.526315789473685,0.0652312112125,0.0118794711412499,0.0811923220753669,0.1503800302743911,-0.0018862523138523,0.0379144772887229
SAI_113,0.02260934247,-0.0262686057,0.0082556703716787,-0.0345242760716787,-1.0587758096116613,False,0.0089125054671134,<0.1,0.082,155.685,-59.51,5.58659217877095,0.04679039177,0.0665793081,0.0802075639367103,0.0015801647678017,-0.0047665871679782,0.0462481491267681
SAI_116,-0.0222379075833333,0.0118290174870833,0.0138004908868778,-0.0019714733997945,-0.0604603074272019,False,0.1258926517592568,0.1-0.3,0.1226,177.324,-62.226,4.8543689320388355,0.0464297317625,0.0611960538333333,0.1255082339048385,0.190130665898323,-0.0279725268483161,0.0345386527478694
SAI_118,0.0152011925,0.0331251135,0.0091131444638532,0.0240119690361467,0.7363888500900939,False,0.0316227766016837,<0.1,0.159,205.811,-63.146,1.9455252918287937,0.0452245416666666,0.1093651340833333,-0.0130752697587013,0.1433041393756866,0.0560838468372821,0.0653206035494804
SAI_94,0.0040607192222222,-0.0643715487777777,0.0104461759923627,-0.0748177247701404,-2.294478150746525,True,1.4791086480080835,1-2,0.1478,131.171,-46.292,4.901960784313726,0.0553655142222222,0.0807384496666666,0.027523199096322,0.1725513786077499,0.0002451464533805,0.0249187555164098
Saurer_2,-0.1073915044,0.0584704081999999,0.0266617817852042,0.0318086264147957,0.9754934213548214,False,1.621810239813303,1-2,0.1175,126.366,-39.64,9.174311926605505,0.0454345164,0.0541077404399999,0.2420583069324493,0.2302800416946411,0.0244090612977743,0.0313487164676189
Sher_1,-0.1390565604171429,0.0545068962357142,0.0322239583365147,0.0222829378991995,0.6833636588286087,False,0.0131825639118268,<0.1,0.1388,165.262,-60.233,9.090909090909092,0.10086366605,0.0330544620714285,0.1379115730524063,0.2239290624856948,-0.0058466009795665,0.0417766571044921
Stock_14,-0.0140363496363636,-0.0259744128754545,0.0127231242588791,-0.0386975371343337,-1.1867596042945572,False,0.0363078006932764,<0.1,0.0978,175.925,-62.537,2.5974025974025974,0.0922476522727272,0.043733675,0.1165210232138633,0.1575047969818115,-0.0339802354574203,0.0620818771421909
Stock_16,0.06053998175,0.0099676408437499,0.0042277408455814,0.0057398999981685,0.1760288110034026,False,,,0.0966,199.86,-62.622,4.504504504504505,0.04893619060625,0.0720963189999999,0.1061227172613143,0.1137822419404983,-0.0039307600818574,0.0489351153373718
Teutsch_103,-0.1445197279699999,0.0447318773699999,0.033226349126535,0.0115055282434649,0.352846644943193,False,0.3630784055774333,0.3-0.5,0.0836,142.145,-46.607,2.808988764044944,0.07041663681,0.08154147053,0.1106374040246009,0.2530200779438019,0.0228512398898601,0.0298347529023885
Teutsch_106,-0.0409021730706666,-0.0011951458,0.016357931084457,-0.017553076884457,-0.5383102936302382,False,3.0199485372543653,2-5,0.1008,164.836,-59.557,10.0,0.0251280239533333,0.0737384886666666,0.1832264214754104,0.1673025041818618,0.0115476734936237,0.0073172817938029
Teutsch_13,-0.2195745077692307,-0.0052896431538461,0.0482711739727461,-0.0535608171265923,-1.6425803512557895,False,0.0079432840915212,<0.1,0.0709,100.984,1.404,6.451612903225807,0.0810611292,0.0293960053076923,0.2389979660511016,0.2227926552295684,-0.0178793538361787,0.0247630607336759
Teutsch_143a,-0.0360141674235294,0.0015972340764705,0.0156739681900635,-0.0140767341135929,-0.4316992926039591,False,1.096478099832217,1-2,0.1223,167.141,-60.741,4.566210045662101,0.0646657713529411,0.0598396990764706,0.0981067717075347,0.1365433931350708,0.0771001800894737,0.0299189239740371
Teutsch_31,-0.0166999473383333,-0.0068089995,0.0130699088520876,-0.0198789083520876,-0.6096379035140254,False,1.6595879278457617,1-2,0.1032,163.209,-59.463,6.8965517241379315,0.0647859759166666,0.0836200760833333,-0.007321351673454,0.1909737884998321,0.0317633710801601,0.0439679212868213
Teutsch_38,-0.0837574507266666,0.0575512479066666,0.0227857498618959,0.0347654980447707,1.0661735024503574,False,0.0371535375952047,<0.1,0.0629,131.523,-38.025,0.6657789613848203,0.1474927211333333,0.0017634903133333,0.2857053577899933,0.3212553262710571,0.0957065001130104,0.0548019334673881
Teutsch_44,-0.0960608455944444,0.0313027301888888,0.0247741505851575,0.0065285796037313,0.2002157015893278,False,2.5703948796691973,2-5,0.0978,155.347,-54.45,10.0,0.0733979396666666,0.0566175056111111,0.1652091294527053,0.1454993635416031,-0.0226577706634998,0.0421713851392269
Teutsch_61,-0.0407320484,-0.00866914206,0.0163339569282833,-0.0250030989882833,-0.7667844017687184,False,0.045708802901852,<0.1,0.0855,113.661,-19.793,3.2258064516129035,0.03118691501,0.0593451742,0.1379073709249496,0.1964358836412429,-0.0270448140799999,0.0198975261300802
Teutsch_66,-0.0437492413888888,-0.0007419112277777,0.0167609535180287,-0.0175028647458065,-0.5367704091257323,False,0.2951211041237279,0.1-0.3,0.1116,143.368,-52.381,5.2356020942408374,0.0476124202888888,0.0720566887349999,0.1141800209879875,0.1561248302459716,0.011728492565453,0.0251459702849388
Teutsch_80,0.0567825064166666,0.0125846796666666,0.0045996924840199,0.0079849871826466,0.2448801895655324,False,0.2238723104986867,0.1-0.3,0.137,223.361,-60.478,2.865329512893983,0.051025646,0.0444092879666666,-0.0480854995548725,0.2017341405153274,0.0400850884616375,0.017488420009613
Teutsch_84,-0.0623742719999999,0.0539675518,0.0194817421070271,0.0344858096929728,1.0575961390757012,False,1.047129651766654,1-2,0.1304,256.09,-42.07,2.463054187192118,0.123358335,0.103503212,-0.0766342729330062,0.2144993990659713,-0.0162741653621196,0.0556726939976215
Teutsch_85,0.0566511442307692,-0.0159362698923076,0.0046128036611868,-0.0205490735534944,-0.6301902447773119,False,,,0.0634,258.309,-39.718,7.142857142857142,0.0529369788461538,0.0289498571692307,0.1189335584640502,0.1203077360987663,0.0156476087868213,0.038666408509016
Tombaugh_2,-0.141055674,-0.00718804106,0.0325892994261402,-0.0397773404861402,-1.219874554066615,False,1.621810239813303,1-2,0.0309,105.773,-20.82,12.658227848101266,0.0850974334,0.0272551028,0.2180854082107544,0.2111632823944091,-0.0383360087871551,0.0326309502124786
Trumpler_10,-0.0948746856111111,0.0325460320555555,0.0245796713368863,0.0079663607186692,0.2443089610932263,False,0.0323593827469971,<0.1,0.1238,131.943,-42.566,0.4372540445999126,0.0449461718888888,0.0764972396111111,0.0912888348102569,0.1017150953412056,-0.0534201338887214,0.0267677418887615
Trumpler_11,-0.0993310736875,-0.0014962146249999,0.0253133988495723,-0.0268096134745723,-0.8221858194211761,False,0.0275422906622152,<0.1,0.1197,151.248,-61.619,4.032258064516129,0.0651979889625,0.044906757875,0.0734374448657035,0.1068110838532447,-0.0295606963336467,0.0686781704425811
Trumpler_12,-0.034187387634375,0.00624733950625,0.0154209380001384,-0.0091735984938884,-0.2813320155433118,False,0.6606929837429628,0.5-1,0.127,151.621,-60.29,3.952569169960474,0.0475032728375,0.043474530384375,0.1050688102841377,0.116363301873207,-0.017224445939064,0.0351509153842926
Trumpler_13,-0.0879239426535714,0.0075955750760714,0.0234519681196113,-0.0158563930435399,-0.4862771154806826,False,0.1819701817628807,0.1-0.3,0.1183,155.952,-60.142,5.291005291005291,0.0753763074428571,0.0443567034214285,0.1215239614248275,0.0880636423826217,-0.0412926711142063,0.0406421832740306
Trumpler_14,-0.0272163478571428,0.0141998504285714,0.0144682937899056,-0.0002684433613342,-0.0082325067914948,False,0.0630957621586153,<0.1,0.0846,160.986,-59.553,2.5974025974025974,0.0265950542857142,0.1312467624285714,0.0776131078600883,0.1014071479439735,0.0270777810364961,0.0460563674569129
Trumpler_15,-0.00765468825,-0.03866174725,0.0119044355025744,-0.0505661827525744,-1.5507421783927624,False,0.0089125054671134,<0.1,0.0515,161.177,-59.369,2.5125628140703515,0.0237013555,0.070574008,0.0587382316589355,0.0484679862856864,0.0428048372268676,0.0491161979734897
Trumpler_16,-0.0160106191666666,0.0210799756666666,0.0129798755982301,0.0081001000684364,0.2484104225701517,False,0.0134896323805684,<0.1,0.1003,161.253,-59.7,2.570694087403599,0.0205305,0.15021195,0.0644581094384193,0.1236762180924415,0.0265400316566228,0.0420791991055011
Trumpler_17,-0.0597419610692307,-0.0049300296923076,0.0190883355233409,-0.0240183652156486,-0.7365850054016903,False,0.0199526319125486,<0.1,0.0826,164.108,-59.23,2.6666666666666665,0.0329981665384615,0.0513449324615384,0.1089422032237052,0.1741115450859069,-0.0170564875006675,0.0224795620888471
Trumpler_18,-0.0654143887680952,0.0190564463952381,0.0199397309230062,-0.0008832845277681,-0.0270881940888074,False,0.0478629903136986,<0.1,0.1161,167.826,-60.656,1.6025641025641026,0.0812714856666666,0.0589699751333333,0.0782745331525802,0.1322851926088333,0.0547386407852172,0.0268272757530212
Trumpler_19,-0.0575311215833333,-0.0040329869558333,0.0187601757375066,-0.0227931626933399,-0.6990110157312808,False,4.897783461428336,2-5,0.0953,168.623,-57.563,2.6737967914438503,0.05808208025,0.0556533545833333,0.1129312291741371,0.1214172840118408,-0.0322845764458179,0.047862883657217
Trumpler_20,0.057875563190909,0.0077014235490909,0.0044908772420858,0.003210546307005,0.0984596681603845,False,1.862089099377868,1-2,0.0607,189.882,-60.637,3.9840637450199203,-0.0109440749454545,0.0608057972727272,0.1962361335754394,0.2056623995304107,-0.1009574756026268,0.0257210563868284
Trumpler_21,0.0548625917777777,0.0626214203888888,0.0047920416651974,0.0578293787236914,1.7734867821817475,False,0.0489778883899246,<0.1,0.1167,203.068,-62.787,1.3850415512465375,0.0541113177777777,0.1593430383333333,-0.3155899047851562,0.106794849038124,0.014553896151483,0.1102861985564231
Trumpler_22,-0.0188095716499999,0.0315547976777777,0.0133466916528432,0.0182081060249345,0.5583984486168448,False,0.0323593827469971,<0.1,0.1697,217.783,-61.169,2.5906735751295336,0.0707830641488888,0.0864539312944444,0.124351181089878,0.1840011030435562,0.0021792892366647,0.03824994713068
Trumpler_25,0.094115603795238,-0.0062773783666666,0.0011682764588902,-0.0074456548255568,-0.2283401743066485,False,0.2290865841769215,0.1-0.3,0.0822,261.125,-39.006,2.487562189054726,0.1014646652619047,0.0712413841809523,0.0242922473698854,0.0413760244846344,0.0471200868487358,0.0728252083063125
Trumpler_26,0.0542960666027027,0.0065467436772973,0.0048490966147526,0.0016976470625446,0.0520627178206088,False,0.2511884225153641,0.1-0.3,0.1106,262.126,-29.487,1.6051364365971108,0.0445626940432432,0.0718429710567567,0.0625606402754783,0.1056536063551902,0.0307548902928829,0.043618369847536
Trumpler_29,-0.0630506455238095,0.0532486958228571,0.0195832997648708,0.0336653960579862,1.0324360427772028,False,0.0512861429039393,<0.1,0.1599,265.347,-40.158,1.4858841010401187,0.1097423473809523,0.0949844189999999,0.014914333820343,0.0890557616949081,0.0052128518000245,0.0608484558761119
Trumpler_34,0.0233790061428571,-0.0263902832814285,0.0081679103367532,-0.0345581936181817,-1.059815978497006,False,,,0.126,279.935,-8.439,3.278688524590164,0.1576141028571428,0.006615322,-0.0270948614925146,0.0977870598435401,0.0212320853024721,0.0752506479620933
Trumpler_35,-0.0845538351666666,0.0855458861999999,0.0229125253588816,0.0626333608411183,1.920813261821129,False,0.0389045281683994,<0.1,0.0249,280.741,-4.215,3.134796238244514,0.1130073136666666,0.0757505533333333,0.0222253743559122,0.2550230920314789,-0.0280162394046783,-0.010189676657319
Trumpler_7,-0.168814924076923,0.0349941441384615,0.0378364443875185,-0.0028423002490569,-0.0871664547319331,False,0.0660693709156595,<0.1,0.1162,111.849,-23.949,1.8050541516245486,0.0863011503846153,0.0305993157384615,0.2203536331653595,0.1352685540914535,-0.0670991092920303,0.0353626608848571
Turner_5,-0.1201046558095238,0.0409039379319047,0.0288441516977921,0.0120597862341126,0.3698443931816616,False,0.323593827469971,0.3-0.5,0.1336,143.284,-36.358,0.4214075010535187,0.0823874771333333,0.0723842108047619,0.0488218255341053,0.1516014486551284,-0.0466058030724525,0.0592500157654285
UBC_100,-0.2374018775,0.138670577,0.0521936718249328,0.0864769051750671,2.6520369348034376,True,0.1584892496402718,0.1-0.3,0.0596,281.238,-11.127,1.4245014245014247,0.150461159,0.08972123525,0.0368359424173831,0.0419098772108554,0.0229755248874425,0.0449879169464111
UBC_102,0.0494297836666666,-0.0529649468333333,0.0053447535599393,-0.0583097003932726,-1.7882170827832435,False,0.3311314705081584,0.3-0.5,0.0844,280.613,-6.904,1.949317738791423,0.0595389362333333,0.0973462266666666,0.0906839147210121,0.1490683108568191,-0.0150829525664448,0.0616555102169513
UBC_107,0.1784343292,0.04262560675,-0.0044199179113366,0.0470455246613366,1.4427721339759871,False,0.2344228197592381,0.1-0.3,0.0781,279.769,-4.8,3.144654088050314,0.06964609695,0.0172209407499999,-0.2387191951274871,0.1766240149736404,0.0742194876074791,0.0008020401000976
UBC_11,-0.0703317234587096,0.0558194334806451,0.020688766438669,0.035130667041976,1.0773723498891403,False,0.0676082856622264,<0.1,0.1869,246.666,-59.936,0.4657661853749418,0.1077035731935483,0.1380072290645161,-0.043450478464365,0.1581625193357467,-0.0159731060266494,0.0741229429841041
UBC_14,-0.040268939,0.0518417733034482,0.0162687568466096,0.0355730164568386,1.0909381335388824,False,0.0524807206714521,<0.1,0.1921,294.746,3.703,0.7656967840735068,0.1024989697275862,0.0969031829999999,-0.0206002872437238,0.1330443024635315,-0.017051151022315,0.0807732939720153
UBC_199,-0.1027973833846153,0.0397110260307692,0.0258899015787643,0.0138211244520048,0.4238603642559582,False,1.148154730847072,1-2,0.0888,67.449,25.422,1.2254901960784315,0.0467429916615384,0.0715391002307692,0.1402251869440078,0.2317775934934616,-0.0390392690896987,0.0354873463511467
UBC_206,-0.2219241549999999,0.0265699849166666,0.0487804945633744,-0.0222105096467077,-0.6811424599970529,False,0.1862089099377868,0.1-0.3,0.1049,93.351,1.431,1.9342359767891681,0.1086281635,0.0406176200166666,0.1839310675859451,0.126138687133789,0.0087374998256564,0.0439128391444683
UBC_210,-0.0752683865454545,0.0849284914545454,0.0214509985722481,0.0634774928822973,1.9467007441093271,False,1.288248533293805,1-2,0.0931,97.675,-1.413,2.487562189054726,0.0782056971818181,0.0659886283636363,0.0654415264725685,0.1818884462118148,-0.0273775625973939,0.0431360602378845
UBC_212,-0.1062425536254237,0.016334245359322,0.0264679068377443,-0.0101336614784223,-0.3107748186774768,False,1.0715186464071411,1-2,0.1142,100.957,-0.886,2.9850746268656714,0.0570699492474576,0.0555826366949152,0.1432175487279892,0.1935284882783889,-0.0080706402659416,0.0388515330851078
UBC_215,-0.1304226941555555,0.0337397197777777,0.0306654541543427,0.003074265623435,0.0942802701396504,False,0.407379955757968,0.3-0.5,0.1509,100.461,-5.243,1.4641288433382136,0.0903780769999999,0.1349338552222222,0.0460269041359424,0.0811641290783882,0.0052320244722068,0.0633785054087638
UBC_216,-0.1502392470210526,0.0253115363157894,0.0342892555721768,-0.0089777192563874,-0.2753248744278622,False,0.0616594947701844,<0.1,0.0965,100.431,-5.789,1.2121212121212122,0.0809179638421052,0.0682976394210526,0.1420986205339431,0.1637271642684936,-0.0232942271977663,0.023759689182043
UBC_220,-0.22118596125,0.057299334575,0.0486202295043781,0.0086791050706218,0.2661671016294112,False,0.3162277660168379,0.3-0.5,0.0825,110.65,-17.174,3.0303030303030303,0.10316187375,0.07851507775,0.2478724271059036,0.3184363543987274,-0.0048459954559803,0.0285496786236763
UBC_228,-0.1317666633461538,0.0029042059461538,0.0309059899480807,-0.0280017840019269,-0.85874679792437,False,0.8128302305789092,0.5-1,0.0876,118.378,-22.392,3.257328990228013,0.0734975351153846,0.0610284774346153,0.181341752409935,0.1084283664822578,-0.0512491911649704,0.0484461411833763
UBC_229,-0.0558718583999999,-0.0511960739399999,0.0185152410138579,-0.0697113149538579,-2.1378769471117702,True,0.1122018947073786,0.1-0.3,0.0789,119.27,-22.796,2.6595744680851063,0.0203299604,0.0242942132,0.3260171711444855,0.2528926730155945,-0.0194375142455101,0.0307723581790924
UBC_232,-0.2011931311102563,0.0380856777282051,0.0443670519677025,-0.0062813742394973,-0.1926345126568298,False,0.3801893295314407,0.3-0.5,0.1087,120.07,-24.269,3.4129692832764507,0.0657988744205128,0.0380346939051282,0.1873067915439605,0.1446989625692367,-0.0515293963253498,0.0246627330780029
UBC_239,-0.1330217103961538,0.0156040324423076,0.0311312984364802,-0.0155272659941726,-0.4761835871635216,False,0.2754226042194985,0.1-0.3,0.0962,123.763,-30.155,2.141327623126338,0.0715235862461538,0.0656007881538461,0.2488982528448104,0.2522633373737335,-0.0139543050900101,0.0177076924592256
UBC_250,-0.1269038700580645,0.0344535965774193,0.0300392817837472,0.004414314793672,0.1353763279452195,False,0.3311314705081584,0.3-0.5,0.0982,118.12,-60.373,0.984251968503937,0.0751209251774193,0.0457484823870967,0.1080111339688301,0.2615851759910583,-0.0333910435438156,0.0345286801457405
UBC_252,-0.1400078608030303,0.0138537804,0.0323975998703339,-0.0185438194703339,-0.5686939657252208,False,0.9772367059324804,0.5-1,0.1348,139.157,-54.145,5.813953488372094,0.0794554610727272,0.0617146279999999,0.2109829187393188,0.1893190443515777,-0.0457661747932434,0.0288688726723194
UBC_254,-0.0095775530230769,0.0205035144615384,0.0121493084790939,0.0083542059824445,0.2562032346271641,False,0.1096478099832217,0.1-0.3,0.0656,143.659,-54.375,1.9047619047619047,0.0448671707076923,0.0700789360923077,0.0169271435588598,0.1064693257212638,-0.0019110029097646,0.0373237580060958
UBC_258,-0.040294257027027,0.0180284305351351,0.0162723189759809,0.0017561115591542,0.0538556821278919,False,0.0407380403044348,<0.1,0.0838,158.917,-57.615,2.544529262086514,0.0566880379297297,0.0463287101702702,0.1588854491710662,0.1835053414106369,-0.0143075166270136,0.0339826568961143
UBC_259,-0.0766326568888888,0.0149247262555555,0.021663456746834,-0.0067387304912784,-0.2066605195962677,False,0.102329353157667,0.1-0.3,0.0738,157.621,-60.078,2.6525198938992043,0.0751060797222222,0.01586255915,0.0868769809603691,0.0627169907093048,-0.0296044945716857,0.0370290018618106
UBC_260,-0.1689392318461537,0.0673143169057692,0.0378606719623869,0.0294536449433822,0.903271851557397,False,0.2344228197592381,0.1-0.3,0.0908,140.148,-69.885,0.5617977528089888,0.1219384268846153,0.0594688438461538,0.1078138872981071,0.2186730206012725,-0.0501108206808567,0.0426388047635555
UBC_261,0.0194548927692307,-0.0337455187307692,0.0086179617784643,-0.0423634805092336,-1.2991851959765268,False,0.0186208705488312,<0.1,0.104,159.52,-60.503,4.504504504504505,0.0248873182538461,0.0177879317730769,0.2294860929250717,0.1129780486226081,-0.0163565352559089,0.027871374040842
UBC_262,-0.0311233195416666,0.0132464760416666,0.0149996873956258,-0.0017532113539591,-0.0537667398689118,False,0.1819701817628807,0.1-0.3,0.1065,160.562,-60.48,3.745318352059925,0.0618223502333333,0.0286853257125,0.1552606374025344,0.1392356008291244,-0.0283085256814956,0.0478562004864215
UBC_263,-0.0382926237058823,0.0068670701741176,0.0159915321412201,-0.0091244619671025,-0.2798251174458311,False,0.0251188698309886,<0.1,0.1075,162.656,-59.992,2.6315789473684212,0.0497336528,0.0280273928058823,0.1415295898914337,0.1851914376020431,-0.0145588116720318,0.0135445380583405
UBC_264,-0.0138610350384615,-0.0203605316230769,0.0127004042338464,-0.0330609358569234,-1.0138987145091272,False,0.2951211041237279,0.1-0.3,0.0861,163.166,-60.595,3.003003003003003,0.0470980953076923,0.0271600175484615,0.198871374130249,0.1180300265550613,-0.0204142890870571,0.0335585474967956
UBC_266,-0.0218247479263157,-0.0294156952105263,0.0137455395500544,-0.0431612347605807,-1.3236503839383995,False,0.0128824994773753,<0.1,0.0822,166.334,-59.759,2.808988764044944,0.0264911588421052,0.0213443674315789,0.2877342402935028,0.1673464179039001,0.0023086133878678,0.0116354767233133
UBC_267,-0.0895877956666666,0.0268152527111111,0.0237200612083009,0.0030951915028101,0.0949220161050458,False,0.0128824994773753,<0.1,0.1644,168.283,-58.901,3.215434083601286,0.0936303475555555,0.0815153012222222,0.118259772658348,0.0473209656774997,-0.004597308114171,0.04949352145195
UBC_268,-0.0177668660060606,0.0331203996657575,0.0132096541650275,0.01991074550073,0.6106142716429188,False,1.698241862446276,1-2,0.1537,165.349,-63.655,4.3478260869565215,0.1020907003242424,0.0760818724848484,0.0949817448854446,0.1921077966690063,0.0189362950623035,0.0496390014886856
UBC_270,-0.0327937307142857,-0.0076119588928571,0.0152288462632929,-0.02284080515615,-0.700472094510427,False,0.1621810239813303,0.1-0.3,0.0944,169.813,-59.552,2.570694087403599,0.0621084442857142,0.0391659721642857,0.1425560861825943,0.1513861268758773,-0.0063781351782381,0.0265066176652908
UBC_272,-0.078492023125,-0.0021221147999999,0.0219542795882874,-0.0240763943882874,-0.7383646193786564,False,0.0933253849940474,<0.1,0.1042,168.099,-62.284,2.5188916876574305,0.100278102375,0.050312079875,0.030484490096569,0.2797738313674927,-0.0365526862442493,0.0160996858030557
UBC_273,0.0380202089333333,0.0071429415233333,0.0065460172979803,0.0005969242253529,0.0183062181713158,False,0.045708802901852,<0.1,0.1291,170.302,-60.568,2.336448598130841,0.0584885274466666,0.0684866433666666,-0.0319629684090614,0.1331831067800521,0.0211269594728946,0.0486838407814502
UBC_276,0.0122084138846153,-0.0246766833076923,0.0094661111508122,-0.0341427944585045,-1.0470766938068314,False,0.9120109194638908,0.5-1,0.1003,172.884,-60.766,5.434782608695652,0.0662517133307692,0.0725499432307692,0.1508077532052993,0.1442873179912567,0.0180616229772567,0.0442883372306823
UBC_277,-0.1716356818571429,0.0659808100714285,0.0383878128838371,0.0275929971875914,0.8462102978277982,False,0.102329353157667,0.1-0.3,0.0557,174.042,-59.46,1.8867924528301885,0.0808346093571428,0.040152234,0.1643920391798019,0.0867473557591438,-0.0392361469566822,0.0487926118075847
UBC_280,0.0414963377647058,0.000916824327647,0.006174218881674,-0.005257394554027,-0.1612315393328164,False,0.0512861429039393,<0.1,0.1028,177.923,-62.646,2.5125628140703515,0.0307348576647058,0.0400019143529411,0.1511256694793701,0.1562283039093017,-0.0118423104286193,0.050994724035263
UBC_281,-0.0161328700611111,0.0089144582777777,0.0129958281947182,-0.0040813699169404,-0.1251657161228114,False,0.0346736819996329,<0.1,0.1002,178.121,-64.593,2.73972602739726,0.0673915114444444,0.0313008163822222,0.2517917454242706,0.149805873632431,-0.0089053623378276,0.0514028593897819
UBC_282,0.0032199342631578,-0.029577137,0.0105489045751102,-0.0401260415751102,-1.2305683707021968,False,0.1258926517592568,0.1-0.3,0.11,180.169,-60.504,3.3444816053511706,0.0464777828931578,0.0384236587631578,0.1305345445871353,0.1553380638360977,0.0056010456755757,0.021757448092103
UBC_283,-0.1088488728571428,0.0860429073285714,0.0269084999280432,0.0591344074005281,1.813508846395793,False,0.3162277660168379,0.3-0.5,0.151,179.651,-68.683,1.443001443001443,0.0813915733285714,0.1439176463571428,-0.2124557346105575,0.1760989129543304,0.1295739859342575,0.0871222764253616
UBC_284,0.11170715725,0.033897088875,-0.0002449903932498,0.0341420792682499,1.0470547606563927,False,1.5848924964027185,1-2,0.0818,184.283,-62.952,1.9841269841269842,0.06348715875,0.0690754435,-0.0723915100097656,0.0424775332212448,0.0386585220694541,0.0756573751568794
UBC_285,-0.0815971491842105,0.0177892602105263,0.0224432001837488,-0.0046539399732225,-0.1427250509989671,False,0.0616594947701844,<0.1,0.0994,184.671,-65.42,1.7605633802816902,0.078603389868421,0.0924775107736842,0.1363614946603775,0.1625558584928512,-0.0239714011549949,0.0543935298919677
UBC_286,0.0224216952,0.0443929931839999,0.0082771045001958,0.0361158886838041,1.107586708021016,False,0.0575440240605537,<0.1,0.0881,187.364,-62.447,2.2988505747126435,0.0799652726,0.1080973725999999,0.1711674481630325,0.1261082291603088,0.0190855450928211,0.0685658007860183
UBC_289,-0.03537686345,-0.0190230838333333,0.0155855344323051,-0.0346086182656384,-1.061362380131162,False,0.1380385355838289,0.1-0.3,0.0941,191.193,-61.154,2.1186440677966103,0.0309933093333333,0.1021534235,0.0010352457175031,0.1838346421718597,0.0769961848855018,0.0350600481033325
UBC_290,0.0205085859534883,0.0133311782076744,0.008496477641747,0.0048347005659273,0.1482685399482947,False,0.1905459546378596,0.1-0.3,0.1814,191.949,-59.381,1.680672268907563,0.0615798035395348,0.0792637177790697,0.0429695472121238,0.1237632483243942,0.0056929602287709,0.0619532130658626
UBC_291,0.1022758410833333,-0.0025835816166666,0.0004964807193443,-0.003080062336011,-0.0944580412546191,False,0.0251188698309886,<0.1,0.0305,199.091,-63.436,3.257328990228013,0.05862744375,0.0687994285,0.0428822003304958,0.0092050852254033,0.0420036278665065,0.062109600752592
UBC_292,0.01428852132,0.004873801032,0.0092203842972321,-0.0043465832652321,-0.1332991662485827,False,0.069183121399144,<0.1,0.0844,200.201,-61.258,2.320185614849188,0.0646870236,0.075082534642,0.0086207343265414,0.1047020480036735,0.0418292991816997,0.0631770193576812
UBC_293,-0.0264660714466666,0.2161437409999999,0.0143669838974742,0.2017767571025256,6.188003737384496,True,0.0199526319125486,<0.1,0.1653,202.711,-61.775,3.436426116838488,0.0725298668666666,0.1929076853333333,-0.4256357848644256,0.2455470561981201,-0.0118714533746242,0.1631689667701721
UBC_294,-0.0233318501904761,0.0328215880761904,0.0139463356425849,0.0188752524336054,0.5788582108289048,False,0.794327537013272,0.5-1,0.1056,204.258,-58.073,1.6207455429497568,0.0886562614761904,0.0724586072857143,-0.0004345107590779,0.1992713212966919,-0.0007679224945604,0.071986898779869
UBC_295,0.0065130040588235,0.0206693672588235,0.0101482534946042,0.0105211137642192,0.3226570405299746,False,0.5011870135142811,0.5-1,0.1317,207.554,-60.399,1.7301038062283738,0.0439550940305882,0.0717056167647058,0.0395042076706886,0.0662328079342842,0.0118062375113368,0.0373857207596302
UBC_296,-0.0950809457499999,0.0281658414,0.024613446536436,0.0035523948635639,0.1089433342475093,False,0.2511884225153641,0.1-0.3,0.0544,216.202,-61.046,2.100840336134454,0.09314197025,0.04126103225,0.2193531990051269,0.2670964002609253,0.0060068285092711,0.0515131466090679
UBC_297,0.05133245465,0.0001244938099999,0.0051497679369259,-0.0050252741269259,-0.1541129688341603,False,0.3548135450617081,0.3-0.5,0.1746,218.081,-62.222,3.058103975535168,0.0771056036,0.0666466915,0.0962386354804039,0.0877605453133583,0.0299444440752267,0.0468891151249408
UBC_299,0.1148012865625,0.0041796593125,-0.0004800766946237,0.0046597360071237,0.1429028013006265,False,0.2951211041237279,0.1-0.3,0.1116,219.644,-62.153,3.1545741324921135,0.0757535763125,0.084901912375,0.0477074235677719,0.0870280340313911,0.0705804526805877,0.070466935634613
UBC_301,-0.0057656874833333,0.0408606189291666,0.0116653926129071,0.0291952263162594,0.895346779049501,False,0.2344228197592381,0.1-0.3,0.0698,219.49,-58.996,1.680672268907563,0.0699383776666666,0.0287109191083333,0.0011927498271688,0.057424958795309,-0.0223966538906097,0.0506699383258819
UBC_302,-0.0847999357142857,0.0772859701428571,0.0229517558847047,0.0543342142581523,1.6662985654311924,False,0.5754402406055371,0.5-1,0.0754,220.122,-55.385,1.1933174224343677,0.1248459631428571,-0.0237900942857142,0.0718389749526977,0.1492391526699066,0.0315029695630073,0.0491849668323993
UBC_303,0.0046686640285714,0.0062767506190476,0.0103720818512513,-0.0040953312322037,-0.1255938757992215,False,0.7079464062202759,0.5-1,0.0923,221.85,-56.255,1.8621973929236497,0.0818775389523809,0.0400641712238095,0.0212080162018537,0.1052448451519012,-0.0123775554820895,0.0526305958628654
UBC_312,0.0511249552,0.0170967194,0.0051709583368889,0.011925761063111,0.3657341662607286,False,0.794327537013272,0.5-1,0.0555,244.235,-50.721,3.0303030303030303,0.0834303919999999,0.1018813452,-0.0054641021415591,0.0935128331184387,0.0822000280022621,0.0478549227118492
UBC_313,0.0518980793902439,0.0067700330804878,0.0050920969857236,0.0016779360947641,0.0514582302470892,False,0.0602559877171915,<0.1,0.1206,246.139,-51.932,3.3333333333333335,0.0639881016585365,0.0700475845365853,-0.0125557826831936,0.107941135764122,0.0502550601959228,0.0605363957583904
UBC_314,0.0900077734761904,-0.0080995647904761,0.0015170767865416,-0.0096166415770178,-0.2949190723163271,False,3.090293803866819,2-5,0.1219,243.386,-50.128,1.6750418760469012,0.0665352173333333,0.0773366546914285,0.0211199112236499,0.1464771181344986,0.0614503286778926,0.043423157185316
UBC_315,0.1344234024615384,0.0073174143846153,-0.0018769867059578,0.0091944010905732,0.2819699807276126,False,0.3715349680219835,0.3-0.5,0.104,246.376,-47.935,2.3255813953488373,0.0889467026153846,0.1370034066923077,0.0382817462086677,0.102116510272026,0.0795882269740104,0.088721789419651
UBC_317,0.0976952825846153,5.453036153846184e-05,0.0008701218064504,-0.0008155914449119,-0.0250122114249739,False,0.323593827469971,0.3-0.5,0.1347,250.65,-47.894,2.34192037470726,0.0776637100384615,0.1010580152307692,0.0564322471618652,0.131626009941101,0.0596787333488464,0.0746496319770813
UBC_318,0.13766712225,0.017413782,-0.0020922771802194,0.0195060591802194,0.5982035237463448,False,0.0112201894707378,<0.1,0.1298,251.144,-47.577,3.03951367781155,0.077938679,0.106472437125,0.0752545595169067,0.0277483761310577,0.0647235587239265,0.0670255273580551
UBC_32,-0.0012418543666666,0.0169085186066666,0.0110990400141281,0.0058094785925385,0.1781626177321185,False,0.1380385355838289,0.1-0.3,0.1062,279.312,-14.096,0.2806623631770979,0.0860510510266666,0.1137857450666666,0.0507179535925388,0.1279616057872772,0.0118014868348836,0.0638471022248268
UBC_324,0.126890661015,0.0148541616649999,-0.0013599191337368,0.0162140807987368,0.4972465313725769,False,0.794327537013272,0.5-1,0.0881,255.954,-38.465,1.996007984031936,0.07256470467,0.1689421635499999,0.0172089822590351,0.0010328968055546,0.0570978000760078,0.0771418288350105
UBC_326,0.0905735828,-0.0456398212,0.0014686109252288,-0.0471084321252288,-1.4447013533135569,False,0.2630268453963283,0.1-0.3,0.0796,258.155,-36.056,1.7574692442882252,0.02686516126,0.0647286306,0.2294806540012359,0.2416979521512985,0.0219514798372983,0.0553775951266288
UBC_337,-0.6239462108199999,0.153226155752,0.1701865253193604,-0.0169603695673604,-0.5201333978071698,False,0.0416869273621118,<0.1,0.2053,271.722,-24.649,1.76678445229682,0.20465406266,0.1158628883999999,0.2644511461257934,0.2618749737739563,-0.0931174159049987,-0.0013235402293503
UBC_338,-0.0030058273571428,-0.0035721408857142,0.0113188511973114,-0.0148909920830257,-0.4566706095702882,False,0.2344228197592381,0.1-0.3,0.1679,271.535,-24.233,1.663893510815308,0.0662561516928571,0.0867251222142857,0.180105447769165,0.172011598944664,0.0063884421251714,0.0438728965818882
UBC_343,0.1363698115,-0.03186441325,-0.0020067049287552,-0.0298577083212448,-0.9156634953138828,False,0.0199526319125486,<0.1,0.1294,276.989,-14.72,2.1186440677966103,0.03129861025,0.140208039375,0.0359853245317935,0.0668899789452552,0.0138498619198799,0.0681884065270423
UBC_344,0.0807473958125,0.0256115926874999,0.0023294759682463,0.0232821167192536,0.7140060497639957,False,0.0034673681999632,<0.1,0.0985,274.475,-12.083,2.1459227467811157,0.06792998965,0.12716742616875,0.0198957566171884,0.157490536570549,0.0202161353081464,0.0643155872821807
UBC_345,0.1147164745384615,0.0124775363846153,-0.0004736866222183,0.0129512230068337,0.3971825968501705,False,0.0144543926289566,<0.1,0.0903,276.005,-12.256,2.1186440677966103,0.0883197792307692,0.0779711378076923,-0.0248400252312421,0.1192844733595848,0.0611211434006691,0.0563768595457077
UBC_347,0.144900693,0.016635250415,-0.0025564071316256,0.0191916575466256,0.5885615882149409,False,0.8511386362915022,0.5-1,0.0736,276.722,-10.968,1.3869625520110958,0.09025361675,0.1517944765,0.0402456074953079,0.1599936783313751,0.0979801341891288,0.0686414688825607
UBC_349,0.032193494,-0.06556402425,0.007180652810206,-0.072744677060206,-2.230902805592512,True,0.2041739917404129,0.1-0.3,0.0899,280.081,-7.027,2.6246719160104988,0.061182975,0.07481631,0.0660773366689682,0.1490683108568191,-0.0351235792040824,0.0613231621682643
UBC_350,-0.1060112384444444,-0.0093373596111111,0.0264289418034783,-0.0357663014145894,-1.096865714386733,False,0.2344228197592381,0.1-0.3,0.1072,284.36,-8.936,1.7889087656529514,0.1125261334444444,0.0416955138777777,0.0790756270289421,0.0703632086515426,-0.0229508485645055,0.075160451233387
UBC_353,-0.01761484703,0.063430104,0.0131897133635705,0.0502403906364294,1.540750924388758,False,0.0295120780093289,<0.1,0.1891,280.854,-3.735,2.2831050228310503,0.1056591265,0.070429266,-0.0672729536890983,0.1226076930761337,0.0191022474318742,0.0032242038287222
UBC_354,-0.0118377257749999,0.0093540146999999,0.0124391295201637,-0.0030851148201637,-0.094612988688946,False,0.1995263191254866,0.1-0.3,0.0909,282.378,-4.386,1.8518518518518516,0.04590610885,0.0762605353505,0.1935308277606964,0.2935944199562073,-0.0208597835153341,0.0013668911997228
UBC_355,-0.0491180642083333,0.0427094529166666,0.0175302443169433,0.0251792085997233,0.7721852564034571,False,0.0245470816103821,<0.1,0.1219,281.923,-3.817,2.2172949002217295,0.0569082577499999,0.0483902756666666,0.0523409694433212,0.2387751191854477,0.0005282895290292,-0.0182125717401504
UBC_441,-0.1818415451,0.0331932214299999,0.0404107543587261,-0.0072175329287261,-0.2213442290330766,False,0.1737799912893991,0.1-0.3,0.0823,99.998,-3.613,2.1231422505307855,0.1202128468,0.0017115393999999,0.1696773320436477,0.1409518718719482,0.0117586515843868,0.0206497237086296
UBC_442,-0.111765841875,0.0210634784999999,0.0274050032932173,-0.0063415247932173,-0.194479184246214,False,1.4454392628956645,1-2,0.1045,100.581,-4.624,5.154639175257731,0.07536223075,0.03754138025,0.1383573561906814,0.115582026541233,-0.0163345225155353,0.0118785612285137
UBC_443,-0.1658738410777777,0.0117214956499999,0.0372651276178295,-0.0255436319678295,-0.7833612372062682,False,0.8912505467113453,0.5-1,0.0668,98.638,-6.818,3.3557046979865772,0.0861231449111111,0.0302212725722222,0.203115701675415,0.1714905947446823,-0.0091443518176674,0.0314552783966064
UBC_452,-0.0277320675,-0.0009252077499999,0.0145380690629322,-0.0154632768129322,-0.4742211941785534,False,1.0,0.5-1,0.1195,111.185,-19.225,3.875968992248062,0.074214607,0.10216980275,0.0179882235825061,0.1843616664409637,0.0260787587612867,0.0524502210319042
UBC_461,-0.137451457,0.0382979563333333,0.0319318424655726,0.0063661138677606,0.1952332715224576,False,0.0478629903136986,<0.1,0.0671,119.21,-23.815,3.4965034965034967,0.0888732196666666,0.0456822923333333,0.240019604563713,0.1125178784132003,-0.0216285828500986,0.0363697297871112
UBC_467,-0.184694035,0.0597196654117647,0.0409840072267353,0.0187356581850293,0.5745771938063774,False,1.4454392628956645,1-2,0.1343,123.177,-25.657,5.952380952380952,0.0806416705235294,0.0834520160588235,0.060888260602951,0.1399101167917251,-0.0550976805388927,0.029539743438363
UBC_470,-0.1576947144285714,0.0250794130928571,0.0356954695918136,-0.0106160564989565,-0.3255687039238553,False,0.0323593827469971,<0.1,0.0742,121.799,-30.88,3.9840637450199203,0.0856329706428571,0.0535971630714285,0.1085707992315292,0.1128373071551323,-0.0335502251982688,0.0346953347325325
UBC_473,-0.1789917764130434,0.0211067028956521,0.0398414731718754,-0.0187347702762232,-0.5745499637968882,False,0.7413100459583173,0.5-1,0.1069,122.648,-34.297,5.952380952380952,0.0757250106956521,0.0218603735782608,0.3125165700912475,0.2367697954177856,-0.0393974557518959,0.0069252629764378
UBC_474,-0.0240627102777777,0.0187989621388888,0.01404405520826,0.0047549069306288,0.145821462690552,False,0.7413100459583173,0.5-1,0.1042,124.866,-33.216,6.172839506172839,0.0557591735244444,0.093460004,0.0994574725627899,0.1914395093917846,-0.0146387452259659,0.0347011797130107
UBC_475,-0.167407082795,0.0114135613583333,0.0375625108331679,-0.0261489494748346,-0.8019248569682236,False,0.0398107083132505,<0.1,0.1103,123.892,-33.904,2.0491803278688523,0.0746249267366666,0.0771979486956666,0.1591859757900238,0.1852529495954513,-0.0592370070517063,0.0305572059005498
UBC_476,-0.175681311,0.046441252025,0.0391844593638931,0.0072567926611068,0.2225482298019921,False,0.0870963704709874,<0.1,0.0706,126.579,-33.835,4.926108374384236,0.088957661,0.1284736575,0.0877951681613922,0.2655703723430633,-0.0295468848198652,0.0623455196619033
UBC_479,-0.1052183888333333,0.0065152935305555,0.0262955574495301,-0.0197802639189745,-0.6066127180093046,False,0.0204173767566041,<0.1,0.0563,124.338,-42.582,1.5432098765432098,0.0600497860427777,0.0796212031333333,0.1716539114713668,0.1441517025232315,-0.03046265989542,0.0240806862711906
UBC_482,-0.0203475172,-0.0800148238,0.0135496524669799,-0.0935644762669799,-2.86939554951965,True,0.0269153374005781,<0.1,0.0945,131.14,-45.951,2.242152466367713,0.0567062664,0.094693843,0.1621817648410797,0.2428148984909057,0.0205061398446559,0.0203238911926746
UBC_483,-0.0270410887777777,0.0067883381833333,0.0144446073010026,-0.0076562691176693,-0.2347992038076334,False,,,0.111,133.744,-47.42,1.9193857965451055,0.06216437645,0.0869518610388889,0.0996680185198783,0.1796897947788238,0.0154962055385112,0.0269290339201688
UBC_488,-0.05875911023875,0.0045474320625,0.0189421944369878,-0.0143947623744878,-0.4414524479984199,False,0.1905459546378596,0.1-0.3,0.1612,139.767,-53.576,8.264462809917356,0.0491412795625,0.0727363860416666,0.2748810052871704,0.2694072425365448,0.0090881967917084,0.0188550036400556
UBC_490,-0.0265169538125,-0.00798362310625,0.0143738470478556,-0.0223574701541056,-0.685649382311023,False,0.0398107083132505,<0.1,0.0621,140.563,-53.872,2.9673590504451037,0.03564402459375,0.0554472973749999,0.3258331418037414,0.2685200572013855,0.033976562321186,0.0082438252866268
UBC_491,-0.0598357286082352,-0.0154735762764705,0.0191022991899854,-0.034575875466456,-1.0603582378968317,False,0.1819701817628807,0.1-0.3,0.0659,142.884,-53.001,4.081632653061225,0.0716207584823529,0.0298766358235294,0.1355534791946411,0.1747048944234848,0.0149283409118652,0.0285139437764883
UBC_492,-0.0617357584090909,0.0020843616363636,0.0193860460729448,-0.0173016844365812,-0.5306006969980777,False,0.0588843629494562,<0.1,0.1176,148.736,-50.951,2.564102564102564,0.0795589803636363,0.0326839126818181,0.0664753913879394,0.1631048768758773,0.0033626197837293,0.0481594689190387
UBC_494,0.0284877244444444,-0.1713421264444444,0.0075917236904126,-0.1789338501348571,-5.487467185412673,True,0.6918312139914402,0.5-1,0.1108,143.863,-57.313,4.405286343612334,0.0096084093333333,0.0785211342222222,0.1984260827302932,0.122789554297924,-0.0377498529851436,-0.0367472171783447
UBC_495,-0.09041919,-0.0917271442533333,0.0238544592253789,-0.1155816034787122,-3.5446074392788023,True,0.407379955757968,0.3-0.5,0.0437,144.977,-57.294,4.504504504504505,0.0282863613333333,0.0065726356666666,0.2928551435470581,0.2043893933296203,-0.036624938249588,-0.0342366807162761
UBC_496,-0.1421646030678571,0.0598517403785714,0.0327926843146163,0.027059056063955,0.8298356186226704,False,0.075857777492195,<0.1,0.1695,159.693,-54.247,1.7513134851138354,0.0969919593214285,0.0965483548392857,0.0606002323329448,0.1485083848237991,-0.0300664659589529,0.051945362240076
UBC_497,0.0081456553076923,-0.0053652451461538,0.0099513120042212,-0.0153165571503751,-0.4697216579916887,False,,,0.0869,158.003,-57.01,1.9157088122605364,0.0441826814923077,0.0927893197,0.1166323497891426,0.1971150636672973,0.0432095304131507,0.0360881797969341
UBC_498,-0.0399246701916666,-0.0129344027499999,0.0162203466326558,-0.0291547493826558,-0.8941054496713624,False,0.407379955757968,0.3-0.5,0.1641,155.086,-59.657,3.3898305084745766,0.0681017189499999,0.11643805825,0.1297657042741775,0.0507872812449932,-0.0111662568524479,0.0388503819704055
UBC_499,-0.1088391837588235,0.0161544144705882,0.0269068567028016,-0.0107524422322134,-0.3297513235636921,False,0.0524807206714521,<0.1,0.0697,158.639,-59.752,2.525252525252525,0.0757133309411764,0.0369296651823529,0.159407839179039,0.097243346273899,-0.0136754056438803,0.0413986258208751
UBC_5,-0.1271453143636363,0.0708340339090909,0.0300820798625485,0.0407519540465423,1.2497635880707136,False,0.1995263191254866,0.1-0.3,0.1526,238.548,-47.74,0.5602240896358543,0.1332774445909091,0.0858386234545454,0.2077048420906067,0.2999651432037353,-0.0326588675379753,0.0503613203763961
UBC_500,-0.1136300798125,0.0180354526875,0.0277241976443701,-0.0096887449568701,-0.297130308091997,False,0.2511884225153641,0.1-0.3,0.1166,162.663,-55.845,2.7027027027027026,0.0816754474181249,0.025892502875,0.1133220642805099,0.2329111397266388,-0.0412934757769107,0.0239794217050075
UBC_502,-0.0508857166666666,0.00309629825,0.017786187309004,-0.014689889059004,-0.450503267592375,False,0.3981075202376551,0.3-0.5,0.1151,159.583,-59.54,1.8484288354898335,0.0700119804166666,0.0449161333333333,0.2040417641401291,0.1422335803508758,0.0155282942578196,0.0447396524250507
UBC_503,-0.0398638574103448,0.0016030822724137,0.0162118004840905,-0.0146087182116767,-0.4480139545820931,False,1.5488151224416984,1-2,0.0836,156.274,-62.321,2.155172413793103,0.0731209177241379,0.0574996613103448,0.0699455440044403,0.1341905891895294,-0.0019970815628767,0.053783506155014
UBC_504,0.074554347375,-0.0540410226375,0.0028929530685804,-0.0569339757060804,-1.746026943402462,False,0.0112201894707378,<0.1,0.0908,159.738,-61.099,5.74712643678161,0.0163534641999999,0.004967997375,0.0976673811674118,0.032701700925827,0.0168690420687198,0.0380199179053306
UBC_505,-0.0406173636666666,0.0311823133333333,0.0163178023131937,0.0148645110201396,0.4558584996005255,False,0.602559215586761,0.5-1,0.1064,160.939,-60.107,3.3898305084745766,0.0488678832666666,0.0567254208066666,0.1702343672513961,0.1547759622335434,-0.0080293733626604,0.039075382053852
UBC_506,-0.0410186473529411,-0.0103455314705882,0.0163743518040754,-0.0267198832746637,-0.8194340118276537,False,0.2691536695250797,0.1-0.3,0.1032,159.233,-62.035,3.3444816053511706,0.083609789117647,0.0384264730882352,0.1060381755232811,0.1191886067390441,-0.0111856972798705,0.0418978296220302
UBC_507,-0.0471657813820625,0.0205710802468749,0.0172490988016341,0.0033219814452408,0.1018771135677812,False,0.1659587927845761,0.1-0.3,0.1473,162.594,-61.437,6.8965517241379315,0.0550137871375,0.0637613422125,0.1997378468513488,0.2020463198423385,-0.0180263258516788,0.0366352424025535
UBC_508,-0.0679511104936,0.022979482572,0.0203248656084085,0.0026546169635914,0.0814106635863997,False,1.2022642234116694,1-2,0.116,164.106,-60.489,7.246376811594202,0.084001667548,0.0373402884852,0.1415795087814331,0.1529535353183746,-0.0028429722879081,0.0352287776768207
UBC_509,-0.1153428956438333,0.0056294799583333,0.0280187568078747,-0.0223892768495413,-0.6866248165139334,False,0.5888442760205689,0.5-1,0.0944,164.064,-61.089,3.4843205574912894,0.0797396335833333,0.0480459265941666,0.1475652903318405,0.1161276474595069,-0.010651689954102,0.0399225801229476
UBC_510,-0.0258082762933333,0.0175559378066666,0.0142783569646802,0.0032775808419863,0.1005154547581817,False,0.0154881682297679,<0.1,0.1283,163.234,-62.747,5.555555555555555,0.0454282853333333,0.0536361527933333,0.1224297359585762,0.061923760920763,-0.0208695773035287,0.0436551608145237
UBC_511,-0.0995435259820512,0.0505849061051282,0.0253485873698562,0.0252363187352719,0.7739366857419594,False,0.5370312303176601,0.5-1,0.1278,151.935,-70.747,1.335113484646195,0.0831452062051282,0.0492944522333333,0.1072931811213493,0.2013380974531173,-0.0275399554520845,0.0462661758065223
UBC_512,0.0070348865384615,0.0004353904615384,0.0100851783094719,-0.0096497878479334,-0.2959355880501081,False,0.2951211041237279,0.1-0.3,0.0954,166.386,-60.466,4.784688995215311,0.034626855,0.0786857609615384,0.1009170487523078,0.2346669137477874,0.1069010943174362,0.0313793569803237
UBC_513,-0.0028433037142857,0.005364445,0.0112985440408368,-0.0059340990408368,-0.1819844246185902,False,0.2041739917404129,0.1-0.3,0.1385,171.342,-61.446,2.7472527472527473,0.0479375192857142,0.0533110776857142,0.1297103017568588,0.1612806618213653,0.0142357992008328,0.0526759251952171
UBC_514,-0.0881573147441176,0.036570736467647,0.0234895005094164,0.0130812359582305,0.401169778727334,False,2.238723104986867,2-5,0.1319,158.561,-73.324,1.9841269841269842,0.0901980221411764,0.0832511980882352,-0.0050989231094717,0.1556752324104309,-0.012234172783792,0.0635721161961555
UBC_515,-0.0439208927928571,-0.0040641181592857,0.0167853611817582,-0.0208494793410439,-0.6394029616570037,False,0.008128302305789,<0.1,0.1033,179.311,-62.968,4.184100418410042,0.0642739495714285,0.0410638873357142,0.2409324645996093,0.1148901730775833,-0.0250705424696207,0.0336706303060054
UBC_517,-0.0052629279999999,0.0241953637242307,0.0116020245336308,0.0125933391905999,0.3862071682418145,False,0.0223872064696397,<0.1,0.1035,182.482,-63.791,2.5510204081632653,0.0847105806153846,0.1004002334230769,0.1003036051988601,0.1306104511022567,-0.0050838920287787,0.0476913452148437
UBC_518,0.1361047318,0.0408857762999999,-0.0019891326514905,0.0428749089514905,1.314869465847524,False,0.0301995185303324,<0.1,0.0798,184.56,-62.969,3.773584905660377,0.0598361033999999,0.0815562608,-0.0439093522727489,0.1179016977548599,0.0447393767535686,0.0807386264204979
UBC_519,-0.0693673263076923,0.033233139076923,0.0205410607060681,0.0126920783708549,0.3892352594115714,False,0.645654852868111,0.5-1,0.1426,185.454,-60.4,3.3444816053511706,0.0988488203846153,0.0840213091538461,0.0950828269124031,0.1348163038492202,0.0230442006140947,0.0534134246408939
UBC_520,-0.0783834443,0.0491324149275,0.0219372567467545,0.0271951581807454,0.8340095404333813,False,0.794327537013272,0.5-1,0.1225,186.083,-66.672,2.032520325203252,0.086712401015,0.1363071041499999,0.0277484916150569,0.1597328186035156,-0.0728546828031539,0.0440958738327026
UBC_522,0.0044646617749999,-0.0110865029,0.0103969275497259,-0.0214834304497259,-0.6588447045325225,False,0.0151356065017864,<0.1,0.1238,190.822,-61.627,2.525252525252525,0.0465689946666666,0.056751228,0.0595988929271698,0.1315849274396896,0.0276278741657733,0.0377414487302303
UBC_523,-0.0457526163999999,0.0165815352133333,0.0170465932335284,-0.000465058020195,-0.0142622014963083,False,0.1659587927845761,0.1-0.3,0.1062,191.63,-66.205,3.215434083601286,0.0664993748266666,0.09568136064,0.0034250537864863,0.0982998684048652,-0.0192289669066667,0.0576358027756214
UBC_524,-0.0816098037777777,0.0283991398888888,0.0224452010401109,0.0059539388487779,0.1825928634073354,False,0.8317639172213713,0.5-1,0.1212,192.623,-60.996,3.745318352059925,0.0817530267777777,0.1605483303333333,0.0115266144275665,0.2187435328960418,0.0076452824287116,0.0636226236820221
UBC_526,0.0930270008,0.0227515072333333,0.001260018219616,0.0214914890137172,0.6590918411443512,False,0.018197018176288,<0.1,0.1031,199.664,-62.523,2.2123893805309733,0.0650443574666666,0.1037038702666666,0.1799090653657913,0.1362826824188232,0.016589505597949,0.062150701880455
UBC_527,-0.0037698387777777,-0.0063572071111111,0.0114144628031613,-0.0177716699142725,-0.5450140116644057,False,0.2511884225153641,0.1-0.3,0.1288,204.529,-66.651,1.8083182640144664,0.0701415505555555,0.1259459902222222,-0.113370805978775,0.2140285074710846,0.0517737232148647,0.0592646077275276
UBC_528,0.0101497808333333,0.0693025292222222,0.0097110968691674,0.0595914323530548,1.8275246931906544,False,2.691536695250797,2-5,0.0804,204.627,-61.607,3.9682539682539684,0.0467739056222222,0.0964340064444444,-0.0392142310738563,0.1598323732614517,-0.0245870016515254,0.0766124576330185
UBC_529,0.0253933574,0.0043472656,0.0079394081159673,-0.0035921425159673,-0.1101622983400882,False,0.1659587927845761,0.1-0.3,0.0815,205.412,-61.922,3.5087719298245617,0.0450567643,0.0549386421,-0.0088257761672139,0.0924988165497779,-0.0104436185210943,0.0635458379983902
UBC_531,0.0246964803749999,0.10086078975,0.0080182663452325,0.0928425234047674,2.8472550063087385,True,0.0812830230578909,<0.1,0.103,211.837,-63.076,2.865329512893983,0.0749285235,0.111755837075,-0.0240560304373502,0.1663033068180084,-0.019817903637886,0.0765374451875686
UBC_533,0.0527445585,0.0327747027,0.0050060421163007,0.0277686605836992,0.851597468120582,False,0.0891250546711345,<0.1,0.0911,230.274,-53.179,1.2642225031605563,0.0721900672,0.1065110736,-0.005067435093224,0.2405270189046859,0.0367491096258163,0.0920284613966941
UBC_541,0.0542249496111111,-0.0135312729222222,0.0048562683891729,-0.0183875413113952,-0.5639012936381516,False,0.021877623926123,<0.1,0.0977,243.015,-50.188,2.557544757033248,0.0773555411111111,0.0620081373622222,-0.0120105016976594,0.1176176592707634,0.0342015512287616,0.0466741733253002
UBC_545,0.0814506481666666,0.0422463578333333,0.002266512391898,0.0399798454414352,1.2260848898763426,False,0.0354813545061708,<0.1,0.1222,248.527,-48.881,3.012048192771084,0.0556249471666666,0.181433775,0.0852740332484245,0.2404754906892776,0.1095780655741691,0.0370071716606617
UBC_546,0.0625626946645161,0.0145425426096774,0.0040299770371625,0.0105125655725148,0.3223948882237591,False,0.3388439477987164,0.3-0.5,0.1093,253.687,-48.459,2.0161290322580645,0.0851854489677419,0.1033628080387096,0.0083224205300211,0.1172783374786377,0.0482603050768375,0.0583612285554409
UBC_548,0.1298670355,-0.0071719736019047,-0.0015670836180128,-0.0056048899838919,-0.1718883813279315,False,0.4168692736211187,0.3-0.5,0.1138,250.353,-46.11,2.4570024570024573,0.0698270093333333,0.0475271223999999,0.0838508829474449,0.0733765438199043,0.0315001532435417,0.0804981887340545
UBC_549,0.05282195,-0.076088426,0.0049981894005556,-0.0810866154005556,-2.486729821391389,True,0.0851137701777427,<0.1,0.0402,252.156,-46.965,3.215434083601286,0.0692659986666666,0.0760702496666666,0.2342364341020584,0.2544011771678924,0.1139335334300994,0.0338653437793254
UBC_550,0.0429809355714285,-0.045863246,0.0060169820066789,-0.0518802280066789,-1.591040759162199,False,0.0467735223455781,<0.1,0.0889,252.65,-45.07,2.7027027027027026,0.0716395701428571,0.0517885365714285,0.0211452730000019,0.1767135113477707,-0.0129110114648938,0.0579165667295455
UBC_552,0.1051966944444444,-0.0110378058666666,0.00026284134196,-0.0113006472086267,-0.3465634405369794,False,0.0112201894707378,<0.1,0.0503,254.724,-42.06,2.8169014084507045,0.0733251866666666,0.0487930458888888,-0.0331484824419021,0.0546053647994995,0.0301929041743278,0.0797095224261283
UBC_553,0.1392599141428571,0.0046129701999999,-0.0021963695601062,0.0068093397601062,0.2088259346107344,False,0.0131825639118268,<0.1,0.0712,253.51,-41.271,1.721170395869191,0.0340947531428571,-0.0270691734285714,-0.0758150219917297,0.0476050376892089,0.0213091429322958,0.0589392371475696
UBC_554,-0.0311040641249999,-0.000716534,0.0149970526578154,-0.0157135866578154,-0.4818975900027477,False,0.0602559877171915,<0.1,0.0994,256.116,-41.67,1.8975332068311195,0.083926415625,0.0466740225,-0.0486794672906398,0.1809395253658294,-0.0200204420834779,0.0445549711585044
UBC_557,0.1486824549090909,-0.006732861090909,-0.0027902780090981,-0.0039425830818109,-0.1209094605123361,False,0.1445439262895664,0.1-0.3,0.0928,256.181,-38.983,1.5873015873015872,0.0411806463090909,0.1512760746363636,-0.0753470584750175,0.0211396515369415,0.0668249055743217,0.0715737640857696
UBC_558,0.1029606905714285,-0.0163040404142857,0.0004413767982378,-0.0167454172125235,-0.5135413304442565,False,0.0072443618278712,<0.1,0.0744,259.353,-40.276,2.923976608187134,0.039321965,0.0723516325714285,0.0070057553239166,0.1050105020403862,0.0740266293287277,0.0524665415287017
UBC_559,0.0416849454166666,-0.0128212698333333,0.0061541915328484,-0.0189754613661817,-0.5819313757375189,False,0.0114815347022194,<0.1,0.0643,259.123,-39.699,2.5906735751295336,0.0612422675833333,0.0412643435,0.0481034703552722,0.1040687933564186,0.0391999930143356,0.0389724634587764
UBC_560,0.0423202439652173,-0.0009709857,0.0060868425191525,-0.0070578282191525,-0.2164464729490248,False,0.6309576215861531,0.5-1,0.154,254.821,-36.071,1.5384615384615383,0.0718801925467826,0.0839002536956521,-0.0332494974136352,0.1346422731876373,-0.0039655724540352,0.0646810457110405
UBC_561,0.042078803375,0.00369775535625,0.0061124179802126,-0.0024146626239626,-0.0740518459914159,False,0.2691536695250797,0.1-0.3,0.1124,261.208,-37.497,1.6666666666666667,0.05680288745625,0.0996248926875,0.0135060120373964,0.1793966591358184,0.0432726889848709,0.0471918508410453
UBC_562,-0.0045430792083333,0.036364676,0.0115114798845523,0.0248531961154476,0.76218724424338,False,0.0117489801933541,<0.1,0.0987,262.776,-37.891,2.4813895781637716,0.0771752283583333,0.0702168234166666,-0.0197987630963325,0.0459040217101573,-0.0048323138616979,0.0598082803189754
UBC_572,-0.02646924376,0.0506950826327999,0.0143674117557322,0.0363276708770677,1.1140815542176004,False,1.9054595463785964,1-2,0.1076,280.417,-21.959,1.5455950540958268,0.10429588916,0.0290131267279999,0.1059975326061248,0.2719560861587524,0.0150954267010092,0.0509154312312603
UBC_618,-0.2068296379999999,0.0253002626245454,0.0455490807788531,-0.0202488181543077,-0.6209821399439414,False,0.7244353873869618,0.5-1,0.0545,96.241,7.617,7.575757575757575,0.0693636135999999,0.0184812915454545,0.1569543480873108,0.1868977695703506,-0.0770396515727043,0.0261048357933759
UBC_620,-0.0824467651111111,0.0104832426666666,0.0225776854154201,-0.0120944427487534,-0.3709072244274493,False,0.0501187013514281,<0.1,0.1027,97.923,2.501,1.5174506828528072,0.0877388323333333,0.0823694188444444,0.0706961750984191,0.1644918322563171,-0.0468911379575729,0.0078327888622879
UBC_622,-0.1178703867375,0.03671975295,0.0284556773807369,0.008264075569263,0.2534391534632695,False,0.7585777749219503,0.5-1,0.0441,111.743,9.299,3.4722222222222223,0.0440439155,0.0836748996875,0.0309816598892211,0.1329424977302551,-0.0136930188164114,0.0284909773617982
UBC_627,-0.14187427223,0.0511326321,0.032739385639211,0.0183932464607889,0.5640762567324026,False,2.089294662720361,2-5,0.0723,120.007,1.469,2.6178010471204187,0.0242769092,0.1143458075,0.0935556441545486,0.2521551847457886,-0.0572858676314353,0.0339783504605293
UBC_632,-0.1307174974814814,0.0326627714074074,0.0307181511537011,0.0019446202537062,0.0596367865681062,False,,,0.0856,121.59,-9.602,3.7878787878787876,0.0624555552592592,0.0522895727666666,0.089951753616333,0.1704978793859481,-0.047080460935831,0.0308807846158742
UBC_637,-0.3266948554814814,0.0530515513111111,0.0738564151855365,-0.0208048638744254,-0.6380347135091743,False,1.6595879278457617,1-2,0.1384,123.755,-22.189,5.46448087431694,0.0897544216349259,0.0233211747666666,0.1108812689781189,0.2070237696170807,-0.068949855864048,0.0262149386107921
UBC_638,-0.3266948554814814,0.0530515513111111,0.0738564151855365,-0.0208048638744254,-0.6380347135091743,False,1.5848924964027185,1-2,0.1384,123.753,-22.201,11.363636363636365,0.0897544216349259,0.0233211747666666,0.1108812689781189,0.2070237696170807,-0.068949855864048,0.0262149386107921
UBC_640,-0.1534373215238095,0.0137337719571428,0.0348895912979854,-0.0211558193408425,-0.6487976664331396,False,0.0870963704709874,<0.1,0.1065,120.586,-27.873,5.405405405405405,0.0906292379047618,0.0890689682857143,0.2133555114269256,0.1810332685708999,-0.031101044267416,0.0319435261189937
UBC_642,-0.1120717792515151,0.0558886845727272,0.0274572853376031,0.0284313992351241,0.871922055108778,False,,,0.1256,130.42,-22.955,3.134796238244514,0.0601353770321212,0.0371523619575757,0.0498475804924964,0.1685291528701782,-0.0315440967679023,0.0398024581372737
UBC_644,-0.1450090471875,0.0087303635,0.0333167440673917,-0.0245863805673917,-0.754004658536923,False,0.2238723104986867,0.1-0.3,0.1005,122.523,-34.046,5.05050505050505,0.0663058608124999,0.0175699004583333,0.2856213748455047,0.1765700131654739,-0.0451203919947147,0.0086242826655507
UBC_645,-0.1772875051481481,0.0182115575462962,0.0395026568749001,-0.0212910993286038,-0.6529463755405738,False,0.9332548746146908,0.5-1,0.1081,123.855,-33.814,6.024096385542168,0.0795453574111111,0.0874376673285185,0.1634368896484375,0.1927896589040756,-0.0615082792937755,0.0353142768144607
UBC_646,-0.159262518375,0.0138662859321428,0.0359941626574494,-0.0221278767253066,-0.6786083087211381,False,0.0229086835704537,<0.1,0.0967,124.111,-34.057,9.523809523809524,0.081387336375,0.0629004171917857,0.1246570944786071,0.1871405094861984,-0.0634140744805336,0.0243418402969837
UBC_648,-0.1780687512857142,0.05653852548,0.0396578199153417,0.0168807055646582,0.5176902960667364,False,2.238723104986867,2-5,0.1268,142.543,-34.136,5.813953488372094,0.0734173158114285,0.0997870015714285,0.0866078585386276,0.2224818915128708,-0.0530795753002166,0.0459184609353542
UBC_649,-0.2131204808423077,0.0921320085384615,0.0468841437037718,0.0452478648346896,1.3876422672580622,False,,,0.1106,147.701,-34.344,2.2675736961451247,0.1192164026923077,0.1312214336153846,0.0222577489912509,0.2528725862503052,-0.0618150196969509,0.0568303316831588
UBC_650,-0.1818169363,0.0330726565,0.0404058237538878,-0.0073331672538878,-0.2248904533184989,False,0.0776246877988414,<0.1,0.0629,145.123,-49.685,3.7878787878787876,0.1119517669,0.04805301503,0.1285581886768341,0.220198780298233,-0.0128500731661915,0.0195367708802223
UBC_651,-0.0067811928799999,-0.0215430588,0.011793712411498,-0.033336771211498,-1.022357915804267,False,0.1584892496402718,0.1-0.3,0.0618,148.412,-55.756,4.098360655737705,0.0083203606,0.04391453846,0.1462597548961639,0.2691369652748108,-0.0252591911703348,0.0075780809856951
UBC_652,-0.0418430161428571,-0.0189777899999999,0.0164907360195528,-0.0354685260195528,-1.0877336652654788,False,0.01,<0.1,0.0978,162.381,-54.711,2.7548209366391188,0.0085380024571428,0.0628735959,0.0466650314629077,0.0866044089198112,0.0741945281624794,0.032891746610403
UBC_653,-0.0868191910588235,0.0037602844999999,0.0232746064731657,-0.0195143219731657,-0.5984569235648715,False,0.0309029380386681,<0.1,0.1059,160.101,-59.0,2.6109660574412534,0.0607173449999999,0.0589034703529411,0.1109993383288383,0.1184361204504966,0.0037298738025128,0.0403149761259555
UBC_654,-0.1152718033249999,0.0341991881666666,0.0280065062052642,0.0061926819614023,0.1899145356078861,False,0.0089125054671134,<0.1,0.0861,159.284,-59.875,4.329004329004329,0.0857833705833333,0.0414531980166666,0.2403582334518432,0.1130180582404136,-0.0120358131825923,0.0248878616839647
UBC_655,-0.0472355328125,0.02820392848125,0.017259115933214,0.0109448125480359,0.3356508545620349,False,,,0.1286,158.084,-62.941,3.546099290780142,0.0989647005437499,0.1028384046249999,0.0356503315269947,0.0861768797039985,-0.0167651828378438,0.0478134602308273
UBC_656,-0.0311967638181818,0.0256807250818181,0.0150097382838978,0.0106709867979203,0.3272532829614257,False,,,0.0878,160.876,-61.098,4.784688995215311,0.0921408621454545,0.0988123743,0.045113481581211,0.2058425843715667,-0.0058158161118626,0.0644378960132598
UBC_657,-0.031206474875,0.01654277614375,0.0150110674173752,0.0015317087263747,0.0469737915283054,False,,,0.1082,161.796,-61.144,5.847953216374268,0.0637574907375,0.0965968685875,0.2076124250888824,0.2107207179069519,-0.0051977476105093,0.0363644957542419
UBC_659,-0.0578691303368421,0.0085365636473684,0.0188102137074589,-0.0102736500600904,-0.3150679289394956,False,0.0275422906622152,<0.1,0.1208,167.285,-60.687,2.7247956403269757,0.0697257329473684,0.0640769175947368,0.1001174002885818,0.1523155570030212,0.066686101257801,0.0307032223790884
UBC_660,-0.0179769559499999,-0.0088551080525,0.0132372283491433,-0.0220923364016433,-0.6775183731962813,False,1.0,0.5-1,0.0922,168.369,-59.705,2.277904328018223,0.0443095729,0.0269662303999999,-0.006666712462902,0.132081925868988,-0.0010475136805325,0.0456935837864875
UBC_661,-0.02614840405,-0.0094157275,0.0143241607389852,-0.0237398882389852,-0.7280447919642583,False,,,0.1186,168.158,-61.132,2.3640661938534278,0.05384330315,0.03628726645,0.2520583271980285,0.1920071691274643,0.1945310682058334,0.0051145013421773
UBC_662,-0.0025272557272727,0.019028377090909,0.0112590860578852,0.0077692910330238,0.2382653118205843,False,0.0436515698042876,<0.1,0.1053,178.897,-61.532,5.05050505050505,0.0780414656718181,0.1020529846818181,0.0503004528582096,0.0836437866091728,0.0220692940056324,0.0538028143346309
UBC_663,-0.04601385075,0.0372686120896153,0.0170839645143469,0.0201846475752684,0.619014183928456,False,,,0.1438,182.773,-63.626,2.770083102493075,0.0837289431153846,0.1010770923076923,0.1046152934432029,0.1302513629198074,-0.0024920704308897,0.040820088237524
UBC_664,-0.0116374516666666,0.0494768705,0.012413361505753,0.0370635089942469,1.1366479245201089,False,0.0407380403044348,<0.1,0.0744,226.132,-60.862,3.3783783783783785,0.05194345255,0.0617635087533333,0.0730191096663475,0.0553438887000083,-0.0049165510572493,0.0071648438461124
UBC_668,0.09334954636,0.00098832587,0.001232783693228,-0.000244457823228,-0.0074969285139178,False,0.512861429039393,0.5-1,0.1118,250.674,-48.01,3.257328990228013,0.06973591775,0.1058475481,0.046026699244976,0.1352230310440063,0.0489708594977855,0.0696847289800643
UBC_669,0.098411397,-0.0134218803888888,0.0008111243398787,-0.0142330047287676,-0.4364917333420804,False,0.2951211041237279,0.1-0.3,0.1152,251.81,-46.665,2.6737967914438503,0.0628586628444444,0.0607660868777777,0.0609120056033134,0.0828214511275291,0.0609196946024894,0.0659490376710891
UBC_672,0.0694474594142857,0.02778929,0.0033697676098724,0.0244195223901275,0.7488875229493037,False,0.0104712850206276,<0.1,0.1231,253.128,-41.525,1.7699115044247788,0.0552901546892857,0.0527409684071428,-0.0290488936007022,0.1525173336267471,0.0378236249089241,0.06809101998806
UBC_7,-0.1604812033333333,0.0268322303333333,0.0362270583703427,-0.0093948280370093,-0.2881165890457808,False,0.0316227766016837,<0.1,0.0836,106.786,-37.729,0.2810567734682406,0.051683671,0.0658628196666666,0.1592496186494827,0.1937713027000427,-0.0245503615587949,0.0705423131585121
UBC_80,-0.1827707962499999,0.0547328457499999,0.0405971253870131,0.0141357203629868,0.4335082578036426,False,0.0295120780093289,<0.1,0.0298,91.613,8.745,2.1881838074398248,0.08391602775,-0.00408588,0.0183666590601205,0.0805205106735229,-0.0900419950485229,0.0377114005386829
UBC_82,-0.2095446166666666,0.0418840250111111,0.0461232161910656,-0.0042391911799545,-0.1300057114691227,False,0.2754226042194985,0.1-0.3,0.1045,95.878,8.369,2.358490566037736,0.0582990344,0.03424568,0.208354189991951,0.2348490953445434,-0.0587452463805675,0.0067811477929353
UBC_93,0.0181705879864864,0.0081263044324324,0.0087666668064395,-0.000640362374007,-0.0196383608327233,False,0.8128302305789092,0.5-1,0.0926,268.575,-25.399,2.994011976047904,0.0508329959864864,0.0530026596135135,0.1188255995512008,0.1640558987855911,0.0168649796396493,0.0432483255863189
UBC_95,-0.0278030617124999,0.0074769036875,0.0145476831390448,-0.0070707794515448,-0.2168436558337029,False,0.3981075202376551,0.3-0.5,0.1197,268.252,-22.171,2.032520325203252,0.0654161821875,0.09078209565,0.1405400782823562,0.2429479956626892,0.0064400546252727,0.0431356132030487
UPK_12,-0.1787914968275862,0.0687283366493103,0.0398015932640654,0.0289267433852448,0.8871130587518842,False,0.1995263191254866,0.1-0.3,0.0998,288.805,-22.143,0.6489292667099287,0.1276877456241379,0.041664019275862,0.1386979818344116,0.339982658624649,-0.0546627268195152,0.0512929782271385
UPK_13,-0.1125962884285714,0.0250578504285714,0.0275470112075717,-0.0024891607790003,-0.0763365237135746,False,0.1778279410038923,0.1-0.3,0.1715,282.007,-18.281,0.9407337723424272,0.0744629188571428,0.1093781880571428,0.2103862315416336,0.2340946197509765,-0.0529371127486228,0.0481713712215423
UPK_17,0.023152348,0.088456757,0.0081937288375076,0.0802630281624923,2.461472398384001,True,0.5370312303176601,0.5-1,0.1305,279.741,-15.034,0.676132521974307,0.14844294,0.154076082,-0.0930510610342025,0.1711506843566894,-0.0087983850389719,0.0942482128739357
UPK_18,0.0448765609999999,-0.02649265704,0.0058175627802901,-0.0323102198202901,-0.990876074502871,False,0.7244353873869618,0.5-1,0.0592,280.763,-15.325,0.78125,0.0825136149,0.064991098,-0.0176482312381267,0.1601945161819458,-0.0081716980785131,0.086437240242958
UPK_20,-0.085242531,0.0758108625714285,0.0230223735886086,0.0527884889828199,1.6188949203430385,False,2.137961713919407,2-5,0.1818,281.145,-14.456,0.4750593824228029,0.1091083387142857,0.055747569,-0.0153641384094953,0.0734626650810241,-0.0370537862181663,0.077207550406456
UPK_21,-0.0908525275,0.052863788525,0.0239246253661197,0.0289391631588802,0.887493943085526,False,1.148154730847072,1-2,0.209,282.895,-15.15,0.5998800239952009,0.15618768675,0.1847979865,0.0816871151328086,0.378499835729599,-0.0997981056571006,0.0657776147127151
UPK_23,-0.0011462622772727,0.039998801440909,0.0110871656118433,0.0289116358290656,0.8866497466467538,False,0.1096478099832217,0.1-0.3,0.1453,282.218,-12.879,0.9794319294809012,0.0761056648636363,0.0857879676818181,0.0384856238961219,0.1349533349275589,0.0106511153280735,0.0729054510593414
UPK_24,-0.0546257088461538,0.0282406810307692,0.0183320517620135,0.0099086292687557,0.3038736266152942,False,0.2691536695250797,0.1-0.3,0.1613,282.646,-10.788,0.5141388174807198,0.0973700035307692,0.1211328671538461,-0.0336226671934127,0.2027716487646103,-0.0120700383558869,0.0832949355244636
UPK_26,0.042836274625,0.042595113125,0.0060322624994372,0.0365628506255627,1.1212939466831255,False,0.0724436182787123,<0.1,0.1751,283.438,-9.847,0.9025270758122743,0.0578720661625,0.14791886325,-0.0450195595622062,0.1479513645172119,0.0457972437143325,0.1049145311117172
UPK_31,-0.0368101763333333,0.0065578720666666,0.0157846646658035,-0.0092267925991368,-0.2829633497307109,False,0.5011870135142811,0.5-1,0.1172,285.913,-8.51,0.5485463521667581,0.1210227822,0.1615634862666666,0.1316379606723785,0.1663492172956466,0.0127664329484105,0.0929558426141738
UPK_33,0.0816724136276922,0.020988170476923,0.0022467005247364,0.0187414699521866,0.5747554266088382,False,0.2818381693478142,0.1-0.3,0.0717,280.046,-4.333,0.5141388174807198,0.0798395714461538,0.0652017966923076,0.0228398777544498,0.2271485179662704,0.0535893514752388,0.0228421464562416
UPK_38,0.0563474546363636,0.0065657797063636,0.0046431425738627,0.0019226371325008,0.05896261756008,False,0.0144543926289566,<0.1,0.1334,280.829,-1.654,0.5970149253731343,0.0889196087727272,0.1433860782727272,-0.0035557232331484,0.1498056799173355,0.0115702357143163,0.0508296750485897
UPK_398,-0.0815092138333333,-0.0243922164999999,0.0224292983216049,-0.0468215148216049,-1.4359022955199834,False,0.0107151982289039,<0.1,0.0847,85.994,7.021,0.45955882352941174,0.0090388413333333,9.114450000000109e-05,0.252685010433197,0.1837268024682998,-0.0296484734863042,0.0254725292325019
UPK_4,-0.0031383011999999,0.0329577828,0.0113354118994376,0.0216223709005623,0.6631056711641391,False,0.2754226042194985,0.1-0.3,0.0942,281.361,-23.764,0.8071025020177562,0.0492594525999999,0.0571736571999999,0.1955582499504089,0.1583212614059448,0.0034822896122932,0.052106998860836
UPK_40,0.0008996555833333,0.0298014399263888,0.010833946099087,0.0189674938273018,0.5816870306450787,False,0.5370312303176601,0.5-1,0.1164,292.631,-6.882,0.657030223390276,0.0652915497222222,0.0829453134444444,0.0477340258657932,0.1529616713523864,0.0042783836834132,0.0741975009441375
UPK_436,-0.2071510519,0.02840546914375,0.045616887903049,-0.017211418759299,-0.5278324676122916,False,0.0257039487966919,<0.1,0.058,100.18,-8.126,0.8643042350907519,0.07386988396875,0.055957617625,0.1582908481359481,0.2301774471998214,-0.0485483221709728,0.0148629210889339
UPK_442,-0.1116157369733333,0.0200933188866666,0.0273793660944484,-0.0072860472077817,-0.2234453957925621,False,0.1698241862446276,0.1-0.3,0.0618,98.4,-11.549,0.6418485237483954,0.0517087663333333,0.0317698039333333,0.1707459390163421,0.1215178370475769,0.0212281234562397,0.0248492993414402
UPK_45,-0.1025572052703703,0.0782690221481481,0.025849792814385,0.0524192293337631,1.6075706225337132,False,0.1047129651766653,0.1-0.3,0.1241,291.696,0.212,0.9017132551848512,0.1050951125851851,0.0644068536407407,0.0209856778383255,0.2242781668901443,-0.010752709582448,0.0687173753976821
UPK_457,-0.2021015494461538,0.0271397447615384,0.044556650671047,-0.0174169059095085,-0.5341342601068308,False,,,0.0624,104.482,-18.741,0.9803921568627451,0.0918767957692307,0.0280610556923077,0.0602105446159839,0.1685083210468292,-0.046933114528656,0.0337877310812473
UPK_46,-0.10624547175,0.0411283674,0.026468398539785,0.0146599688602149,0.449585687665979,False,0.1548815122441698,0.1-0.3,0.1135,294.707,-1.363,0.6802721088435374,0.0911228527166666,0.1332920306916666,0.0696479976177215,0.1815772950649261,-0.0581357777118682,0.0617856383323669
UPK_50,-0.0267415656428571,0.0607652941,0.0144041563371852,0.0463611377628147,1.4217836477564438,False,0.21877623926123,0.1-0.3,0.1827,283.309,8.172,1.0309278350515465,0.1389642627857143,0.1202296084285714,-0.0415197908878326,0.3048227727413177,0.0227663516998291,0.0325268097221851
UPK_508,-0.1112668091636363,-0.0143198165454545,0.0273198075927868,-0.0416396241382414,-1.2769862767682387,False,0.1,<0.1,0.077,135.775,-34.942,0.8488964346349746,0.0731919710909091,0.0517633670909091,0.0684566423296928,0.151121586561203,-0.0124882375821471,0.0353176556527614
UPK_526,-0.1158233966666666,0.0764895333888888,0.028101612428973,0.0483879209599158,1.4839401725149273,False,0.0309029380386681,<0.1,0.0564,115.198,-52.839,0.5841121495327103,0.0935125103333333,0.0832621092222222,-0.0370509028434753,0.2319686114788055,-0.0180168207734823,0.0404789708554744
UPK_533,-0.1490795572352941,0.0450657764117647,0.0340726261668555,0.0109931502449091,0.3371332544836294,False,0.0891250546711345,<0.1,0.1503,122.798,-52.529,0.34566194262011757,0.1043406531647059,0.1047544908823529,0.0890126526355743,0.2818996608257293,-0.0571967512369155,0.0566509515047073
UPK_540,-0.14033934639,0.0555784977239999,0.0324581957882641,0.0231203019357358,0.7090435828299886,False,0.0371535375952047,<0.1,0.1318,114.567,-58.609,0.3720238095238095,0.0938058775479999,0.12344739318,-0.0079898657277226,0.2765868902206421,-0.0370973907411098,0.0609272047877311
UPK_542,-0.1500776263666666,0.0252309059777777,0.0342590309273012,-0.0090281249495234,-0.2768706947789773,False,0.6309576215861531,0.5-1,0.1068,134.258,-54.303,0.8347245409015025,0.0738201855888888,0.0414296235555555,0.231751412153244,0.2118341624736786,-0.0472050756216049,0.0116495601832866
UPK_545,-0.1181115210632727,0.022185397,0.0284975023246579,-0.0063121053246579,-0.1935769605014585,False,0.0794328409152129,<0.1,0.1537,130.809,-58.629,0.32938076416337286,0.0774445679090909,0.1213552866345454,-0.0562548637390136,0.199720561504364,-0.0307701826095581,0.034432653337717
UPK_549,-0.013417637,0.03422295894,0.0126429995549374,0.0215799593850625,0.6618050128515068,False,0.9332548746146908,0.5-1,0.0763,146.49,-52.49,1.0416666666666667,0.0467423198,0.0932179292,0.0872737616300582,0.1465778052806854,-0.020841022953391,0.0295431707054376
UPK_552,-0.10427458855645,0.046408554925,0.0261371234834872,0.0202714314415127,0.6216756346147274,False,0.1174896729347291,0.1-0.3,0.1012,158.509,-47.263,0.32722513089005234,0.0939769502665,0.1004995029999999,0.0640890896320343,0.1918306648731231,-0.0176880601793527,0.0560668185353279
UPK_560,-0.11290815236,0.040748933564,0.027600415604193,0.0131485179598069,0.4032331545253792,False,0.323593827469971,0.3-0.5,0.0796,158.037,-44.451,0.6020469596628537,0.053398898,0.0456770207384,0.0764059871435165,0.1354216784238815,-0.0292204432189464,0.0367582738399505
UPK_562,-0.194058278175,0.0369542115,0.042890010281688,-0.005935798781688,-0.1820365515478295,False,0.097723670593248,<0.1,0.1086,165.861,-56.978,0.8340283569641367,0.12043905425,-0.06523127725,0.0359713397920131,0.0848114192485809,-0.0627296492457389,0.0957221090793609
UPK_567,-0.0796847931666666,0.0394101386777777,0.022141607602035,0.0172685310757427,0.5295839638335559,False,0.3388439477987164,0.3-0.5,0.1096,161.029,-67.524,0.6501950585175552,0.1286527558888889,0.0572973929277777,0.0241393223404884,0.0459671318531036,-0.0189596880227327,0.071004182100296
UPK_578,-0.0036213385066666,0.0019888955799999,0.011395859590158,-0.009406964010158,-0.2884887699068442,False,0.8709627484287175,0.5-1,0.1429,192.965,-57.367,0.9569377990430623,0.0599510790933333,0.0280249638333333,0.085437074303627,0.1424105763435363,-0.0386837944388389,0.0284814164042472
UPK_579,-0.1465934024814814,0.0508035869211111,0.0336101241660514,0.0171934627550597,0.5272818005139748,False,0.1202264223411669,0.1-0.3,0.133,192.917,-50.541,0.731528895391368,0.1017884957814814,0.0668986278518518,0.0365101471543312,0.163684532046318,-0.029602913185954,0.049904853105545
UPK_585,-0.1412052557506493,0.0718099547831168,0.0326167034598781,0.0391932513232387,1.2019619561296622,False,0.0776246877988414,<0.1,0.1112,212.787,-75.872,0.7204610951008646,0.0950890911787012,0.0998480974597402,0.022228455170989,0.2149944305419922,-0.0529969036579132,0.0548678264021873
UPK_587,-0.1164327783499999,0.0708364370459999,0.0282068316759379,0.042629605370062,1.307346599980956,False,0.1174896729347291,0.1-0.3,0.1573,200.909,-49.907,0.8992805755395683,0.0912029570999999,0.0695255578866666,0.114472858607769,0.1869495213031768,-0.0499709770083427,0.0567452944815158
UPK_599,-0.164343901835,0.11845657035,0.0369693726451762,0.0814871977048238,2.499014709063967,True,0.0194984442849023,<0.1,0.1554,205.84,-38.576,0.6858710562414266,0.1099783509,0.24006184025,-0.0550922974944114,0.2379358857870102,-0.0928463563323021,0.060335200279951
UPK_604,0.1277156051428571,0.0408696088957142,-0.0014177117415426,0.0422873206372569,1.2968495574262908,False,0.0426579631209555,<0.1,0.117,224.4,-59.75,0.7662835249042146,0.0701997798571428,0.1378951423428571,0.0202053654938936,0.1592986434698104,0.0910476595163345,0.0703400447964668
UPK_606,-0.0912028973483333,0.0780636784354999,0.0239814152302449,0.054082263205255,1.6585718377379002,False,,,0.1571,216.12,-46.39,0.17015484090522376,0.102058157401,0.1274362797276666,0.0356448516249656,0.2376029938459396,-0.0513879843056201,0.063897468149662
UPK_607,-0.104665628625,0.072710889,0.0262027210844189,0.0465081679155811,1.4262927059249442,False,0.0154881682297679,<0.1,0.1166,225.058,-57.148,0.9532888465204957,0.112690710875,0.1152893535,0.0696550980210304,0.1605065315961837,-0.0131949670612812,0.0604341737926006
UPK_612,-0.0724015930675675,0.0603033971797297,0.0210071084635558,0.0392962887161738,1.2051218630571412,False,0.1,<0.1,0.1682,253.423,-67.788,0.23132084200786487,0.0825714081513513,0.0962555193743243,0.0144763039425015,0.1544588953256607,-0.0238751731812953,0.0604359023272991
UPK_613,-0.2023051656,0.1187389671333333,0.0445991957276035,0.0741397714057298,2.2736869654138454,True,0.0831763917221371,<0.1,0.1678,226.276,-49.152,0.8726003490401397,0.1434470189333333,0.0657050107333333,0.0138326287269592,0.141633540391922,-0.0537937209010124,0.0773806422948837
UPK_614,0.0466280084736842,-0.0005432626594736,0.00563465726869,-0.0061779199281637,-0.1894618198532886,False,0.1,<0.1,0.107,231.204,-53.967,0.9107468123861566,0.0541700644947368,0.0679030550526315,0.0538191013038158,0.0989195182919502,0.0180852264165878,0.0604110695421695
UPK_624,-0.0456432535785714,0.0627984492191071,0.0170309567091331,0.0457674925099739,1.4035779877190369,False,0.0398107083132505,<0.1,0.1432,254.138,-60.422,0.3194888178913738,0.0935977042910714,0.0982771926607142,0.0554759204387664,0.1671245247125625,-0.0206347703933715,0.0709837153553962
UPK_629,-0.2091642831179487,0.0749360986058974,0.0460426000737876,0.0288934985321098,0.8860935197405407,False,0.5248077829311784,0.5-1,0.1288,255.222,-55.976,0.9442870632672333,0.1274105657564102,0.111454119102564,0.0517506673932075,0.1791602075099945,-0.0563613101840019,0.0560979172587394
UPK_630,0.1080789469090909,-0.0210199339454545,3.5814763318217126e-05,-0.0210557487087727,-0.6457287428656159,False,0.1122018947073786,0.1-0.3,0.0894,249.193,-51.304,0.9551098376313276,0.0745949729090909,0.112989365090909,0.0054995417594909,0.1199765503406524,0.0462326146662235,0.0607562661170959
UPK_642,-0.0326065242307692,0.062245621276923,0.0152031054286847,0.0470425158482383,1.4426798609760414,False,0.1659587927845761,0.1-0.3,0.1318,263.081,-44.242,0.9756097560975611,0.1209471774615384,0.1030116961538461,-0.0124380839988589,0.1147251948714256,0.0075586503371596,0.0728388950228691
UPK_645,-0.2209741294117647,0.1440734849411764,0.04857428230895,0.0954992026322264,2.9287289145260016,True,0.1047129651766653,0.1-0.3,0.1657,270.167,-42.783,0.6993006993006994,0.1854311974117647,0.063640539117647,0.0389496572315692,0.2452553510665893,-0.044483259320259,0.06985904276371
UPK_654,-0.1332642261555555,0.0812617647733333,0.0311749118803997,0.0500868528929335,1.5360422941965348,False,0.0794328409152129,<0.1,0.1549,277.329,-34.528,0.5076142131979695,0.1194794615466666,0.0700092033977777,0.0200431328266859,0.0723204240202903,-0.0469018928706646,0.0716428384184837
Westerlund_1,-0.051416265,-0.0055306933749999,0.0178632637568548,-0.0233939571318548,-0.7174359239531989,False,,,0.1397,251.76,-45.852,3.9682539682539684,0.06742688345,0.0275961741125,0.0074164634570479,0.1337415277957916,-0.0284343566745519,0.0795746520161628
vdBergh_80,-0.0940287474999999,0.0081879761666666,0.0244413361464598,-0.0162533599797931,-0.4984511285851994,False,0.006456541439665,<0.1,0.0891,97.739,-9.625,0.9756097560975611,0.0505390079999999,0.0393261354666666,0.0621027275919914,0.3342033624649048,-0.0094982581213116,0.0092395497485995
vdBergh_85,-0.1745386612499999,0.02543239475,0.0389587549915826,-0.0135263602415826,-0.414820660863297,False,0.0043651569804287,<0.1,0.0874,101.718,1.32,1.8115942028985506,0.0771096143,0.0541479400833333,0.1382340639829635,0.1150745525956153,-0.0469328872859478,0.024415448307991
