source_id,ra,dec,pmra,pmdec,parallax,pmra_error,pmdec_error,parallax_error,radial_velocity,phot_g_mean_mag,bp_rp,age_flame,age_flame_lower,age_flame_upper,mass_flame,teff_gspspec,mh_gspspec,alphafe_gspspec,gaiadr3_source_id,C_O,mg_fe,si_fe,fe_h,al_fe,ba_fe,rv_comp_1,teff,logg
650414424079294208,124.71191517273606,13.392452963311811,-5.210951706284843,-7.78991928666985,0.8882461170481449,0.01684711,0.011932759,0.017736154,3.9458473,10.988547,1.3059988,,,,,4524.0,0.03,-0.07,650414424079294208,0.5937131313266056,0.056432687,0.063503444,0.13191846,0.041447684,-0.14800058,4.240385,4633.8975,2.43737
3038143767935011072,121.32503181816634,-10.234682233768746,-4.417226914038338,-5.550984269064112,0.8278704263330329,0.026772177,0.01731382,0.027173739,34.359604,11.340885,1.365159,,,,,4493.0,0.16,-0.1,3038143767935011072,0.6418342632297648,0.0076050684,0.051976133,0.25902995,0.08716309,-0.15864101,34.82904,4592.4487,2.4553952
6010201041592459776,239.77098015089126,-37.72168799954026,-4.163926066187974,-3.882240244024175,0.44204006775585936,0.016060123,0.01294514,0.015120708,-22.327732,13.171731,1.8033476,0.45451364,0.40913123,0.49989602,2.803524,4587.0,0.29,-0.09,6010201041592459776,0.6658119175559908,0.029391646,0.107009426,0.20281097,0.097373396,-0.13138431,-21.596403,4592.498,2.4221792
6041240942036141568,239.56611771778853,-28.634687063036818,-4.848612446742072,-3.405747218014917,0.5026122681239779,0.01979795,0.012459806,0.01741097,-57.161526,12.556363,1.4489346,,,,,4460.0,0.06,-0.09,6041240942036141568,0.6228215715314452,0.068253584,0.07706036,0.21189827,0.094478905,-0.07335506,-57.347214,4589.1577,2.4413843
6031577746668179328,248.9050430267116,-30.339129738078434,-3.2794229318073196,-4.631458383591331,0.5915357540177858,0.018979032,0.014481868,0.016168958,-34.639893,13.13277,1.7855139,0.5568691,0.50012267,0.6136155,2.6022792,,,,6031577746668179328,0.6675816359355932,0.049621813,0.106741175,0.20600975,0.13753086,-0.18401222,-33.573277,4591.253,2.6442273
5707776279554071808,126.55632446270117,-19.119325402219474,-6.555559848209897,-3.5772280550670144,0.8379973246773517,0.015554585,0.0154115595,0.017803743,43.63915,11.131608,1.3341045,,,,,4494.0,0.0,-0.09,5707776279554071808,0.6096132606476572,0.0076542273,0.056265745,0.15347081,0.15328768,-0.0797001,43.720806,4633.5845,2.4421165
6208727624143913088,232.8653753053164,-30.673901948461992,-1.997235269999737,-4.403755030976699,0.3786027047181609,0.01752205,0.014276991,0.018879114,-79.196754,13.186177,1.5733681,,,,,,,,6208727624143913088,0.5981025368161493,0.058555372,0.12148875,0.24859944,0.13859686,-0.107454166,-78.41192,4418.5195,2.3873765
4127894172013417216,255.5864480301539,-20.612620598539614,-3.5931739895914876,-4.976816003755004,0.5606918900418969,0.018132003,0.01296605,0.016474703,-10.897328,13.23162,1.6145754,,,,,,,,4127894172013417216,0.7245673637082799,0.024568647,0.058133263,0.14227241,0.07080987,-0.17759377,-10.055865,4516.177,2.6680636
6715091589599500160,283.5138677933861,-43.451929200139595,-4.563170531486822,-6.789145343406052,0.480314270973506,0.016999338,0.016035484,0.015994607,-7.319772,12.811651,1.3587284,0.5023532,0.45175323,0.5529531,2.7036471,4781.0,0.52,-0.13,6715091589599500160,0.7086916934644222,0.007604189,0.05267981,0.20965713,0.08756432,-0.13732368,-7.4961076,4635.0146,2.6814778
6722185810424359808,278.7639495404261,-43.33262050386195,-3.8095294500320582,-3.405091049573954,0.6033223515657351,0.013951976,0.011979961,0.011930718,-26.632639,13.117997,1.3052444,,,,,,,,6722185810424359808,0.6160918197889197,0.016837299,0.030244742,0.20607772,0.14207363,-0.20559192,-27.16478,4683.9263,2.9864194
4469771953851497216,269.48814135435543,4.159614725696889,-3.738361728841982,-3.885596137599556,0.4137138480118444,0.016365316,0.013549324,0.015145442,-28.41133,12.639382,1.5640144,0.41301945,0.37214518,0.45389763,2.903022,4489.0,0.36,-0.07,4469771953851497216,0.5953143131839526,0.04312081,0.109980166,0.2251727,0.07106665,-0.26859042,-26.933561,4448.151,2.3056984
6099549482465050752,217.59342813170178,-43.73182266142094,-5.965443951027448,-4.882782990009398,0.4958762275551516,0.016940001,0.018123081,0.017200107,-54.368095,12.700506,1.5086584,,,,,4372.0,-0.0,-0.15,6099549482465050752,0.6415807803697803,0.05653348,0.046354737,0.26111683,0.037880823,-0.02370705,-53.93835,4568.858,2.4463058
4130850067271846400,252.14085767600562,-18.727624453145364,-4.133037670491495,-8.060480853861483,0.6251447623846252,0.017017756,0.012777668,0.014367629,-51.239624,13.06056,1.9273815,0.6199414,0.40372646,0.68360806,2.5043569,4494.0,0.26,-0.1,4130850067271846400,0.6786238386614409,0.051940106,0.112972096,0.20042384,0.08389214,-0.02769085,-50.508896,4448.56,2.442864
5916627688632900864,256.3671546324658,-58.52468296052708,-3.7732429965446244,-4.086831692064248,0.3241250340604645,0.011369538,0.010232228,0.014764652,-46.376778,13.295513,1.4209805,0.37678903,0.33985066,0.41372764,3.002669,,,,5916627688632900864,0.5758119324581689,0.07461292,0.028760672,0.13826434,0.10792208,-0.03500086,-45.67439,4681.321,2.4970944
6114522219491600640,209.0905806095401,-38.848527480060724,-3.3070094835805337,-6.545248846171407,0.6023480186129639,0.015575044,0.017722938,0.014061248,-1.3015089,11.929928,1.3759336,,,,,4405.0,0.14,-0.08,6114522219491600640,0.6260722815543771,-0.0061093196,0.052794505,0.21421328,0.08518687,-0.17974404,-1.4444318,4547.81,2.4132595
4114964873029504512,259.3842496885834,-22.033315000994364,-2.8784957489979512,-5.602402765123621,0.8916853407200215,0.018009808,0.012508708,0.015890272,-45.943092,11.951704,1.7806702,,,,,4537.0,0.21,-0.07,4114964873029504512,0.5812834865722658,0.04632955,0.10692294,0.2679823,0.07061249,-0.2425794,-45.646873,4517.0757,2.4144578
4176038040967659520,265.3401460419872,-5.539140458784494,-3.476166227615091,-5.371917170910179,0.8254364950248858,0.014844872,0.0114818765,0.0150153395,1.7028469,12.610855,2.1251097,,,,,4530.0,0.08,-0.09,4176038040967659520,0.675348639720737,-0.012442909,0.07797156,0.24037227,0.11960849,-0.06896466,1.7908531,4583.6445,2.434114
4337461942944835200,250.12060860653835,-10.351002267593465,-1.720745752862608,-5.748543966156331,0.7454718881879281,0.018575616,0.013927326,0.015822012,-7.102551,13.262934,1.7323589,1.0138941,0.9064761,1.1437784,2.103656,4781.0,0.19,-0.04,4337461942944835200,0.6339734162599597,0.0024700314,0.03909226,0.1534017,0.059030265,-0.21891302,-7.297793,4711.3726,2.9167018
4359814881197432192,258.5494631420534,-8.402191685935396,-5.081081720022573,-6.051066090042402,0.8130469123374614,0.017182257,0.013305627,0.0154559035,-54.41217,12.322007,1.9966278,0.37675393,0.33979377,0.4137141,3.0020788,4652.0,0.21,-0.14,4359814881197432192,0.6007155227496008,0.041614853,0.06001592,0.24324128,0.09455639,-0.08449049,-53.99854,4659.139,2.4743636
4445201438083439104,251.00928420591384,8.010450634685892,-4.744984132992187,-3.0223841192773464,0.6644535078646869,0.01582689,0.01244257,0.016147431,-38.360706,12.012389,1.4873934,,,,,4429.0,0.15,-0.07,4445201438083439104,0.673758973560847,0.034178376,0.08629419,0.23369998,0.129273,-0.13292825,-38.2178,4443.727,2.4187152
4471245741808979584,270.84143164527006,4.518050677415098,-2.819883293583904,-2.876686167093454,0.5387092475758001,0.01285575,0.011784395,0.012477578,-53.187046,12.350549,1.4724207,4.198148,3.7669446,4.61244,1.3414217,4588.0,0.09,-0.12,4471245741808979584,0.5806235157493527,0.021891281,0.066376984,0.15283966,0.07135686,-0.031120246,-53.70858,4682.6997,2.4740872
5916762962924643712,256.98930222680553,-57.900222802852376,-3.0096840559608267,-3.0033057384100044,0.40790837916301625,0.01416469,0.012505878,0.018321265,-25.395731,12.995162,1.5473995,2.6069646,2.329621,2.9092243,1.5435725,4560.0,0.23,-0.12,5916762962924643712,0.6562610702574575,0.01724179,0.038366336,0.27155772,0.037086338,-0.041368924,-25.061356,4580.732,2.4383357
5948033760818374784,268.2761501516251,-47.45516488902001,-2.3340764635909115,-4.350121609402166,0.4142825690690541,0.018798282,0.013453377,0.01722436,-65.10641,12.898455,1.4702587,0.831237,0.54273856,1.1033725,2.256467,,,,5948033760818374784,0.5867408348464481,0.02132319,0.026308402,0.22757709,0.10583663,0.051112957,-63.401665,4626.7266,2.4509065
5746654392235062016,129.57484562960107,-13.740826196239373,-3.744643479191028,-5.0108146697124525,0.6368296198062038,0.016358508,0.015284944,0.016556017,25.409225,12.873202,1.4153013,,,,,4532.0,0.34,-0.07,5746654392235062016,0.6835520930368589,-0.021566294,0.08970001,0.25383046,0.08880776,-0.13245362,26.617708,4508.3477,2.7620857
6117025292073190912,212.6083393784515,-39.89143681356951,-3.8484127244880306,-4.440442464645333,0.5173497929675744,0.016821545,0.017422121,0.015435476,-21.932554,12.369631,1.4118776,,,,,4498.0,0.08,-0.09,6117025292073190912,0.7000477731444946,0.04064908,0.040722173,0.2513822,0.042419255,-0.062001918,-21.641565,4483.432,2.3919206
6032097914430713600,249.7389041952663,-29.416565714675436,-4.805700023211476,-2.755474324791805,0.6219863941137618,0.016114859,0.0117835775,0.013265096,-27.548254,12.346981,1.676568,,,,,4642.0,0.14,-0.09,6032097914430713600,0.6074190083518043,-0.007255465,0.030875843,0.14204225,0.09236184,0.09809642,-26.897198,4625.361,2.4284642
4073198141469309184,282.1472734554971,-25.74560193699254,-1.673909970106895,-5.132762905723464,0.552049119458359,0.024260238,0.018785363,0.021443505,-7.443124,13.910926,1.5229874,5.8736334,5.2893577,6.87202,1.2131912,,,,4073198141469309184,0.6672477506998087,-0.021899454,0.07098454,0.15667957,0.09916648,-0.047025725,-8.198368,4766.761,3.086083
6097157426195214848,210.57284789369973,-44.63594563350087,-2.7553306670834785,-3.1565956878978976,0.40973291338860013,0.017798599,0.017638847,0.018324662,9.596032,12.662319,1.4082117,4.3061066,3.8693724,4.729374,1.3319023,,,,6097157426195214848,0.6103398806827505,0.018445618,0.06435776,0.27039313,0.086459845,-0.17418389,9.177967,4523.9106,2.389585
5818450229489335936,252.03163371689215,-61.991668542443925,-2.766003647954488,-6.903962105033385,0.42649949150249733,0.01544051,0.0148837315,0.01926895,-78.76405,12.942536,1.49615,,,,,4481.0,-0.01,-0.14,5818450229489335936,0.677852592604549,0.04185217,0.052604374,0.13906857,0.14162043,-0.123462185,-78.50688,4575.3994,2.425726
6014351457460174080,232.3251729706719,-34.41760154593524,-3.5568056260230847,-4.35055042122778,0.373713381817411,0.01978612,0.015448312,0.018531598,6.4980435,12.8737335,1.9986849,,,,,4169.0,0.19,-0.04,6014351457460174080,0.5816606770144485,0.038559444,0.0402071,0.17327553,0.12706268,0.11443951,7.8418446,4184.1562,1.8600346
6049541975642748544,243.1932410833831,-25.3042787851446,-4.091997220756434,-4.0744396169937795,0.6319408246094916,0.021887744,0.013600529,0.014686602,41.26833,12.352863,1.695797,,,,,4460.0,0.22,-0.1,6049541975642748544,0.6221264191723119,0.016274348,0.04743227,0.28276718,0.15189981,-0.119880505,41.299553,4455.3745,2.3553653
4108386735478884992,260.4289979297436,-26.204450487976242,-2.5071498240473624,-7.415610472273034,0.8473332942684819,0.016896876,0.012436478,0.015088366,-11.273715,12.209905,1.8949804,,,,,4514.0,0.13,-0.12,4108386735478884992,0.6263767569894406,0.039621808,0.08453159,0.26667684,0.06315848,-0.05962744,-10.872817,4577.8853,2.4272227
6242608108581952768,243.50262335597094,-22.70366712565445,-7.109758447585366,-6.446263519771453,0.46311097268350954,0.016412387,0.01191731,0.014526877,-19.065254,12.81556,1.5238752,,,,,4561.0,0.16,-0.11,6242608108581952768,0.6890173286254113,0.010860518,0.06424084,0.18190506,0.076167524,-0.14262389,-18.998283,4581.899,2.424554
6107480019315556608,208.58176876141442,-46.06700667886274,-6.950469008443818,-4.522566542192892,0.5134175699641366,0.01756253,0.013706001,0.019084869,-33.1522,12.239517,1.4238167,,,,,4435.0,0.24,-0.1,6107480019315556608,0.575243452871844,0.04134419,0.053914007,0.28402942,0.06506544,-0.26981795,-33.236137,4459.979,2.357962
5793735651946194048,223.2532785079829,-73.25292045197484,-3.742662122888523,-4.523655434582995,0.6197062369553268,0.010965385,0.011637935,0.010906935,14.24664,12.348916,1.4734421,,,,,4498.0,0.15,-0.08,5793735651946194048,0.6360932081559764,0.016855918,0.065493524,0.22197294,0.10019389,-0.02582556,14.725827,4595.8726,2.5174599
6260855878434612864,236.88461866972855,-17.363139869810226,-3.1105896858688964,-2.976257625179653,0.5366056632922505,0.016815875,0.011656187,0.015078727,-39.592133,12.21882,1.5762968,2.7369368,2.4462929,3.0279932,1.5224895,4316.0,-0.01,-0.06,6260855878434612864,0.6036200106229865,0.024599634,0.112851635,0.20842779,0.069877714,-0.08300394,-39.55331,4404.6265,2.2725475
6770886543370566656,288.83470986596416,-23.787436446310785,-5.031948528027905,-5.7963510543609615,0.7031344547543859,0.014259027,0.012618052,0.013181774,21.458797,13.270758,1.2986269,,,,,,,,6770886543370566656,0.6910782584720893,-0.013476893,0.028902192,0.2709782,0.08787054,-0.21496806,21.591085,4891.4585,3.3121154
4236223245886917504,302.2164838779757,-0.83524022758877,-3.7229192040000543,-6.725502300721121,0.5830014463453419,0.015533628,0.011376166,0.015687242,-20.203735,12.890812,1.4645529,2.0214577,1.7672436,2.2382417,1.6649219,4770.0,0.43,-0.07,4236223245886917504,0.6835814444415685,0.009761967,0.085808784,0.14791295,0.1428164,-0.15727462,-19.955935,4569.6807,2.6886737
6102504802219437952,216.12658690113665,-43.75811026966979,-2.8396432708036348,-3.355076504564165,0.36447906861825574,0.020370878,0.020748597,0.018301442,18.37348,12.973775,1.3957548,4.7901278,4.309022,8.694464,1.2915014,,,,6102504802219437952,0.6762453852250345,0.06123864,0.07034822,0.16990796,0.15017983,-0.073694155,17.791483,4611.145,2.446027
5811429577172385024,261.3761567987259,-68.61044518103472,-2.709219053433201,-7.3297424179084025,0.3838355020831652,0.00628531,0.009752251,0.012163791,-47.78018,13.077059,1.4446478,,,,,4413.0,0.25,-0.11,5811429577172385024,0.6942287234077544,-0.022464953,0.10899007,0.28559187,0.047678605,-0.22847548,-47.670345,4425.9277,2.4704733
4325900062785969408,251.5125860562219,-15.639601663814553,-1.5978859411193165,-4.958651770024137,0.727239209349085,0.015472742,0.010378258,0.013045079,-9.896712,12.093148,1.6662436,0.6559444,0.48771924,0.8439489,2.455918,4393.0,0.03,-0.11,4325900062785969408,0.6995265371006246,0.05672393,0.12178701,0.16566199,0.12929735,-0.019138973,-9.084929,4559.058,2.3998816
6265466650387964800,234.38022339320608,-14.242136447554008,-3.236793733699993,-4.89310804301652,0.8089214601267009,0.022216247,0.016773742,0.016054744,-23.022535,11.442283,1.4675207,,,,,4476.0,0.04,-0.05,6265466650387964800,0.6271989598634718,0.039081603,0.07176052,0.15539047,0.13870496,-0.03363636,-22.95093,4574.089,2.4148366
4118167308124141952,265.6340905896069,-20.72859123138982,-4.54114215931822,-5.221471887475646,0.7588460946037595,0.018718388,0.011329624,0.016058281,3.896998,12.263111,1.9095745,,,,,4639.0,0.13,-0.14,4118167308124141952,0.623483594385131,0.005059086,0.06561631,0.14121924,0.09726983,-0.095295444,3.6690297,4661.825,2.4680681
4141578143959168896,258.1795104423951,-12.55272699818955,-3.2779752802756907,-3.3250878822230527,0.5680240597400669,0.01800331,0.013450887,0.015983256,-44.21578,13.096484,1.8980942,0.45513263,0.40967435,0.5203979,2.8019638,,,,4141578143959168896,0.5770139699037016,0.052721985,0.09352572,0.138255,0.10976088,-0.1322377,-44.34537,4672.0566,2.4752884
4359779731185092480,258.16631289566647,-8.698830124029048,-2.5478432668098163,-5.426830580164212,0.447979686127112,0.020840038,0.01633964,0.018917713,7.1243806,13.583115,2.0014963,5.334771,4.678386,7.7605257,1.2526757,,,,4359779731185092480,0.6164033175174547,-2.4810433e-06,0.07125889,0.27617422,0.08927134,0.16526237,6.706895,4481.3325,2.3961427
6104843119854020096,219.8221371467621,-40.4348906158993,-5.224318826577852,-7.1631499935600775,0.4115556986757316,0.020865183,0.018891644,0.022447111,7.6184373,12.917221,1.3678579,5.2955637,4.7804413,6.012699,1.25579,,,,6104843119854020096,0.5914092439773065,0.03302738,0.052252945,0.16667941,0.118965,0.01604335,8.930536,4624.365,2.4970376
6045028725230682368,245.73697905494194,-28.17506773208433,-4.593232893730551,-4.977281566713023,0.7157084880229629,0.020240176,0.014608193,0.016621009,8.638113,12.852707,1.9747086,0.3767402,0.33980456,0.41367584,3.0027428,4522.0,0.1,-0.11,6045028725230682368,0.706436685879297,0.028625064,0.09246941,0.13834253,0.11549911,-0.10039483,9.430444,4636.486,2.4434965
4188162664930053504,291.23895888191356,-10.703095348712253,-5.122070098774904,-7.985068477631261,0.8903838349249503,0.018010553,0.014895118,0.018126467,2.1656938,11.411763,1.5724545,,,,,4445.0,0.13,-0.1,4188162664930053504,0.6153790775364961,0.022082083,0.11854766,0.2790735,0.097560555,-0.27941462,2.0286348,4472.276,2.383382
5920297338740603392,267.1288811912107,-55.991424527754766,-2.819673927377815,-4.8234925303549225,0.6540236714579798,0.015138021,0.014512497,0.017198514,-49.592175,11.839679,1.408905,,,,,4545.0,0.18,-0.12,5920297338740603392,0.593758249250176,0.01921209,0.03131397,0.23174241,0.12655768,-0.11108934,-49.549744,4656.73,2.4947534
5807872553978395392,251.7125457873252,-70.16840552154079,-4.745976175658871,-4.962529101636189,0.6585657784477998,0.008538896,0.009865609,0.011218681,-15.865812,11.868259,1.4271135,,,,,4459.0,0.19,-0.07,5807872553978395392,0.6273286157654329,0.059532844,0.079565,0.2629855,0.092485964,0.06592492,-15.433553,4545.455,2.4194994
5633193274807192832,141.27539071308982,-30.061386890893278,-2.6843960450979574,-2.926395096295283,0.6131796290714195,0.012573534,0.011209305,0.0132417865,19.41078,11.957514,1.4276514,0.37674823,0.33981532,0.41368133,3.0028172,4508.0,0.08,-0.08,5633193274807192832,0.6054825892495797,0.020642787,0.09038885,0.1668089,0.08747092,-0.12150091,19.626514,4551.0913,2.400827
6034510964503096064,253.89487020627186,-25.75374142011509,-7.055966408022899,-6.113701037691682,0.7366569863872906,0.01877785,0.013770227,0.015222763,-127.28044,11.928178,1.5108671,,,,,4667.0,0.2,-0.13,6034510964503096064,0.5960444102018775,0.049090736,0.0696546,0.13926536,0.04667528,-0.06984396,-127.01032,4664.659,2.4612193
4127662656103722240,255.86354389701035,-21.13637612398525,-2.647019451753108,-6.92076344394895,0.39520284811424694,0.018750615,0.012924308,0.016593596,-26.52538,13.116039,1.6018591,,,,,,,,4127662656103722240,0.690393426193512,0.008549646,0.08607826,0.16488698,0.09541115,-0.26977143,-26.028833,4620.266,2.4427266
6046906691108403072,252.50316791207706,-24.262862164596445,-5.087618702270122,-5.650934255485701,0.631664496475843,0.016003795,0.011399326,0.013498943,-17.423569,12.046595,1.7595663,,,,,4375.0,0.14,-0.06,6046906691108403072,0.6149050028262765,0.047044925,0.09933537,0.19963768,0.1343101,0.09255833,-17.181385,4340.595,2.177904
6728060840349794944,275.9936629797807,-36.84467304379432,-3.9594077896634947,-3.7579622597652307,0.548648494118027,0.014970231,0.011486208,0.0132255955,24.602154,12.240189,1.4462061,2.5883877,2.3067894,2.8806324,1.5477972,4291.0,-0.11,-0.13,6728060840349794944,0.7274241771391333,0.03701227,0.09875703,0.19828075,0.10876423,-0.020262338,25.138384,4562.554,2.405018
4247441288156236160,300.6969984520658,4.414155833026777,-2.307563847783435,-5.740926682791039,0.7192121790257708,0.01719393,0.011840521,0.017847162,-11.59428,11.540326,1.4016676,,,,,4505.0,0.17,-0.12,4247441288156236160,0.6941649437628554,0.028551556,0.08986981,0.24841067,0.13148227,-0.15848693,-11.487,4621.3755,2.465166
6092954306783441792,216.29668474595243,-47.10720294901524,-2.837117527468112,-2.810924430957739,0.3424804483638532,0.017868187,0.025777403,0.018499307,-27.136919,13.367109,1.4750252,1.1632307,0.8596393,1.3144964,2.0093355,,,,6092954306783441792,0.5922175979430178,0.05491232,0.07222301,0.2862688,0.13283208,-0.10399692,-27.378149,4574.6343,2.5074508
5947118687944188032,269.0628966287593,-50.16069884653007,-2.990943123772368,-3.6012048601282576,0.8560861533237607,0.03068421,0.024479061,0.031192895,10.762457,11.241087,1.415225,,,,,4526.0,0.21,-0.11,5947118687944188032,0.5924545258277458,0.019442089,0.04933269,0.1976045,0.15176713,-0.21470809,10.607868,4618.9697,2.447447
5791356721097470720,206.44039916424148,-74.37787201073228,-4.377775086039847,-3.7482898556079394,0.5258321231896731,0.010474011,0.012839682,0.010953376,0.8135846,12.416567,1.5488634,,,,,4446.0,0.16,-0.12,5791356721097470720,0.6531224459108287,0.025434494,0.07473941,0.27806005,0.07601547,-0.21928123,0.7360584,4565.347,2.422809
5810932593613051008,262.1065454502916,-69.8181739433076,-2.1964936450519,-6.01127914015342,0.5431179327032338,0.0075030103,0.009866281,0.010738817,-25.196676,12.049552,1.3319569,,,,,4542.0,0.02,0.05,5810932593613051008,0.6112649098022723,0.027036779,0.119152695,0.15672427,0.0599508,-0.23268268,-24.085457,4622.436,2.4342835
5817877147734413312,250.88313910649615,-63.755074528979264,-4.288210832132512,-5.886623547175946,0.44085136924234264,0.011133026,0.012650278,0.0143274,-10.414319,12.599,1.4015827,,,,,4515.0,0.06,-0.11,5817877147734413312,0.7120677921497758,0.0071359873,0.07985279,0.13358918,0.11430484,-0.117852114,-10.48078,4590.3994,2.4130852
5827957161097516544,244.9888448745274,-65.47014987998017,-5.084951555048464,-5.046515590935307,0.3101053386517304,0.006473221,0.011708052,0.01330541,15.319592,13.247833,1.4287415,0.3767886,0.33984825,0.41372892,3.0026164,,,,5827957161097516544,0.69922182960629,0.022318669,0.08499876,0.1347523,0.13774058,0.041684434,15.803057,4530.6323,2.3942206
6009191105805524736,235.6798643810308,-38.17725910879632,-5.893887443532634,-5.972833643488015,0.4542625589250232,0.016660385,0.014980098,0.014562374,3.4720068,13.001711,1.5925655,,,,,4690.0,0.4,-0.08,6009191105805524736,0.6291528714333612,0.005188182,0.06585926,0.19039345,0.03954257,-0.07247643,4.524162,4610.539,2.4501185
4206904733975416832,292.57737086734255,-7.470947572212655,-4.205911465153993,-4.8678604628882445,0.37506181857553644,0.016866056,0.0141893625,0.015485363,6.4717155,13.519637,1.7164383,5.33846,4.8075953,5.870242,1.2518417,,,,4206904733975416832,0.6099352333961215,0.034922794,0.07106988,0.25735754,0.14882386,0.0054874048,6.1121554,4641.1323,2.507139
4488541888648457088,269.2356081665985,9.049768763885442,-2.1812892173419978,-3.442855572393986,0.750451267144206,0.011219206,0.010349626,0.012794297,-6.9968805,13.345326,1.3886633,,,,,,,,4488541888648457088,0.5913176257345492,-0.019988842,0.046237465,0.20073563,0.1277374,-0.065696925,-6.097506,4909.1333,3.3067899
4299212445985607680,300.6141746884453,9.234894264971828,-4.54991343908635,-3.8369202958106348,0.7328322847539894,0.023678493,0.014666821,0.020787384,17.659414,11.558704,1.4529581,,,,,4487.0,0.12,-0.1,4299212445985607680,0.683577559809639,0.004719846,0.06483929,0.22815096,0.09707296,-0.08625909,17.789595,4542.5337,2.408463
5793689403737524352,221.3218548711231,-73.91590793068238,-1.6621386984785869,-5.347422003339522,0.688148005967932,0.010230278,0.011391566,0.011175172,2.3778195,13.383841,1.326828,,,,,,,,5793689403737524352,0.6505135323789891,0.018162869,0.042254988,0.24556369,0.08410224,-0.19225219,2.3259077,4870.1553,3.2767875
5803823464964563968,263.37583765985175,-72.39427283711395,-1.8379040782331169,-6.413558038023872,0.3194476215487306,0.009345205,0.010397544,0.0115997605,-25.931692,13.17737,1.3644304,,,,,,,,5803823464964563968,0.6470933421472259,0.06602108,0.072563216,0.16463418,0.091891944,0.086580865,-25.12253,4573.847,2.431135
6249641757482371584,242.741658998247,-17.09880129629992,-2.280593071351161,-6.878852323889989,0.904252412452185,0.020735567,0.017806027,0.017368522,25.205908,13.401889,1.3613825,,,,,,,,6249641757482371584,0.6276593467094196,0.05882109,0.044933032,0.24093348,0.15356907,-0.25036934,24.259518,4854.574,3.4266245
6004343015434675712,229.42898387474028,-40.96433785702987,-3.145386171094832,-7.146463684299043,0.46813581159204054,0.020732194,0.015141407,0.016442398,11.481298,12.839656,1.5317001,0.455091,0.40967134,0.5005082,2.802808,4249.0,0.06,-0.1,6004343015434675712,0.5934600781683204,0.058909945,0.1221509,0.15967283,0.14753556,-0.22039342,11.679241,4410.608,2.4114316
6086459762173563264,196.5086635827156,-46.155947836816985,-3.2269107370102503,-6.0081479559664155,0.5045873656942645,0.012404996,0.008685041,0.012092705,-21.290947,12.504957,1.4016886,,,,,4496.0,0.07,-0.12,6086459762173563264,0.6825745987342762,0.06293247,0.10810709,0.21017191,0.10700002,-0.044947293,-21.770342,4598.528,2.4580216
6092104418653637632,217.0440712466817,-48.036788830000916,-3.9928171730569884,-3.497793242210858,0.622926663479778,0.015535641,0.017924534,0.01635699,6.8075852,12.113595,1.4950762,,,,,4296.0,0.09,-0.12,6092104418653637632,0.6693076862988374,0.035849467,0.06407674,0.2648018,0.12428069,-0.17774028,6.323697,4520.9556,2.4094322
6102447726396984960,216.58733864506547,-43.8430358122135,-3.773193792343081,-5.481544197505874,0.7039919935521731,0.020913666,0.018124264,0.017689085,-4.574805,11.6481,1.4721651,,,,,4558.0,0.21,-0.08,6102447726396984960,0.6055557889864632,0.024699748,0.059474584,0.27115485,0.054559484,-0.10183817,-4.326372,4519.1763,2.393314
6009814906850633472,235.91008464288757,-37.26705415426568,-2.7150127010103233,-3.0858251078429295,0.6890491753804382,0.016006958,0.011311374,0.015473801,-73.972496,12.073412,1.525157,,,,,4559.0,0.21,-0.05,6009814906850633472,0.6147567973923828,0.037819706,0.063351706,0.17639555,0.08210218,-0.14780167,-73.74733,4618.3765,2.4600234
6040602469376714880,238.34097040196446,-30.363466692749977,-5.482157548116342,-2.7363602422571676,0.37808495213653576,0.016408468,0.0105696125,0.015361363,-43.45658,13.144704,1.44242,0.62014174,0.5564458,0.6838378,2.5039725,,,,6040602469376714880,0.6989991179978302,-0.024105027,0.08644499,0.16333011,0.074236125,-0.046772428,-43.448208,4607.895,2.502808
6214204527780833408,228.4268672928172,-27.33189567307864,-5.4304157328164555,-5.350855678571233,0.4338592564784234,0.017782655,0.015752062,0.017720733,-63.8874,12.610079,1.4316549,,,,,4562.0,0.05,-0.07,6214204527780833408,0.6045514977478437,0.04395681,0.03283108,0.19949561,0.14993432,-0.07563963,-63.590725,4621.6587,2.428835
6231333033452818944,226.67680743964536,-22.86167054483576,-6.019393251324393,-5.009540249188514,0.7648419249558078,0.016300067,0.013675636,0.014749119,27.18053,11.580228,1.4062414,0.6198954,0.44303468,0.68358755,2.504023,4497.0,0.03,-0.07,6231333033452818944,0.5938679891681302,0.048653506,0.060279984,0.13961026,0.043296874,-0.083324745,26.892431,4653.7563,2.4489021
4113009425960985600,254.17240984442282,-25.236283263033194,-3.781832332434897,-4.303086468256892,0.6969189259200106,0.020181168,0.013690012,0.016065134,30.801168,11.937004,1.547246,0.3767486,0.3398211,0.4136763,3.002964,4505.0,0.08,-0.11,4113009425960985600,0.6304541183704028,0.026372135,0.08875452,0.24540415,0.046978474,-0.14341012,30.949888,4533.232,2.4114473
4128492993540966912,256.4202773111914,-19.335100293257316,-4.374570313733559,-3.791572654475205,0.6348674994698178,0.063943125,0.046874084,0.055694636,-40.187492,12.217896,1.5062466,0.502684,0.43318558,0.70176244,2.7033553,4453.0,0.06,-0.06,4128492993540966912,0.6920995031246077,0.022515655,0.0681286,0.13547423,0.040103182,-0.14332841,-39.95264,4549.0483,2.4518514
4236087112605121792,301.0580204468817,-0.7533871172119972,-2.3767753398419904,-4.190433946180395,0.4501374595930596,0.01747041,0.012089691,0.015756061,-8.822978,12.894781,1.4676018,,,,,4561.0,0.29,-0.11,4236087112605121792,0.6718062647937713,0.013614543,0.07057713,0.18886396,0.08516836,-0.08936502,-9.396051,4596.9854,2.4858496
5908131861049130880,223.60482197794138,-43.91398524343872,-3.573813867059905,-5.765670782960275,0.6830178646779169,0.02354692,0.023693036,0.0238789,-60.957664,11.855471,1.4388266,4.4235935,0.47804594,5.431218,1.3211048,4480.0,0.21,-0.12,5908131861049130880,0.6221840956886971,0.048886336,0.10625933,0.2693632,0.08240366,-0.14710487,-60.458565,4582.2437,2.4529018
6032483361980684032,250.87006115843892,-27.824111076580078,-5.023258928486553,-5.793618147178332,0.4062612094307875,0.021825993,0.015157656,0.01803028,42.31509,13.564866,1.6644192,1.4587646,1.1988529,2.3240108,1.8592914,,,,6032483361980684032,0.6526375692571712,0.03727653,0.04282506,0.13555938,0.062256694,-0.10354059,43.241432,4690.5044,2.6764538
4207648068252966400,291.6472778114875,-7.532243820929729,-4.360817881667434,-8.108060772792735,0.7026742677020708,0.01663005,0.0148679735,0.01374771,56.0692,12.093659,1.6870089,,,,,4570.0,0.18,-0.11,4207648068252966400,0.5755897368202907,0.043774,0.06689322,0.22456118,0.121694595,-0.108037785,55.98404,4622.8154,2.4510002
5912882992541636352,264.1487429579179,-58.9792536676342,-6.44576953521032,-5.609332783946595,0.8235371490953265,0.019801507,0.02175526,0.03266806,9.038404,11.22744,1.3435135,,,,,4514.0,0.13,-0.1,5912882992541636352,0.6384115953891167,0.017777808,0.047161598,0.25468004,0.07749799,-0.15276411,10.040817,4635.895,2.491717
5807359902379318144,244.92572582879285,-70.01243972909435,-4.021835886351476,-5.761108613462352,0.4164642406027254,0.0075953673,0.010562706,0.011713189,-10.878959,12.515212,1.3295403,0.34538656,0.31189921,0.37887394,3.1024613,4666.0,0.1,-0.11,5807359902379318144,0.590135602927958,0.018801965,0.040406223,0.14376108,0.040106684,-0.06433645,-10.74882,4712.201,2.4705808
5817635014654560384,253.01637310318554,-64.04701203826338,-2.8912131661464677,-5.720475969739463,0.8570284536131941,0.015257234,0.017857315,0.022561166,6.27519,11.592357,1.4411497,3.268755,2.6541002,3.634359,1.4417771,4450.0,-0.05,-0.07,5817635014654560384,0.6090612723977696,0.034449674,0.06890941,0.1348542,0.07744762,-0.2836646,6.788126,4539.0635,2.5108614
5822277290192098816,240.49252924933933,-66.28216256959278,-6.476225530384161,-4.4666416254311105,0.6796038914855794,0.00961422,0.015172309,0.018521816,4.5719023,11.519485,1.3507261,,,,,4581.0,0.13,-0.07,5822277290192098816,0.5758249936134804,0.004067488,0.0717413,0.16392362,0.07227251,-0.07399912,5.1659207,4638.607,2.435909
4200916381346159488,289.3039649180226,-9.663347412577677,-3.0409803943252705,-6.781637359762741,0.5994179185403987,0.023151018,0.018288938,0.021253295,17.448378,12.3029375,1.6157646,,,,,4382.0,0.21,-0.05,4200916381346159488,0.6921742781265773,0.02252353,0.107737884,0.18646175,0.13090464,-0.064635254,17.513346,4412.01,2.3378286
6006513142150728704,231.59278907896163,-38.23405419728812,-4.952880574361654,-3.0139460544977617,0.39642573770751277,0.01961027,0.015963303,0.016724255,19.11437,12.90649,1.4698734,,,,,4561.0,0.19,-0.13,6006513142150728704,0.6035702350045157,0.06541514,0.10717705,0.20119712,0.10856575,-0.12426162,20.213118,4553.8833,2.4156008
5954138249379633664,267.15733309068844,-46.4722297977565,-1.9647767547665969,-3.8862851909336866,0.3777212214855375,0.015493055,0.011277927,0.01603116,-0.025222791,13.003861,1.4373713,0.41331553,0.3724262,0.45420486,2.902664,4681.0,0.32,-0.08,5954138249379633664,0.6352197878967779,0.056172453,0.062824935,0.23750418,0.10478589,-0.06148603,0.932373,4614.9277,2.4588923
5782385599566314624,240.82121821833329,-73.9887884845758,-2.366070932898997,-6.565834082962501,0.6078290988140719,0.009131663,0.011133205,0.011149981,-24.554848,11.787053,1.3744383,,,,,4596.0,0.12,-0.08,5782385599566314624,0.5902047065751966,0.037310176,0.074648246,0.20980152,0.10995236,0.0018336102,-25.03281,4660.9487,2.4657633
5821100400420928000,245.0002536896306,-67.85831477845282,-2.4558275006223615,-4.24795969140953,0.3431627771916171,0.00678496,0.009919476,0.011630614,-10.982705,13.123741,1.4074469,,,,,4595.0,0.31,-0.09,5821100400420928000,0.6476881576159071,0.037701428,0.08560176,0.2317104,0.11506122,-0.15999363,-9.639937,4565.404,2.438359
5822081645836723840,239.96766659087868,-67.30498081679777,-5.870234041493496,-2.6171863252409833,0.40536340975669066,0.007077943,0.010926221,0.012849682,-63.749153,12.6567335,1.3789577,,,,,4461.0,0.13,-0.11,5822081645836723840,0.6296854741799947,0.063410915,0.06800203,0.18886127,0.1389223,-0.07225635,-63.523636,4607.8765,2.4241142
6008722610772411392,236.46382048746747,-38.86178473481076,-4.922846026028612,-4.628519294603736,0.3928320842901925,0.018243315,0.014991462,0.016696643,-34.02378,13.505597,1.7310104,,,,,,,,6008722610772411392,0.5831738551416065,0.013410538,0.059340905,0.24583647,0.06668383,-0.15935089,-34.473507,4526.973,2.4266267
4130598627008928768,251.79213702614751,-19.446751102302027,-3.201746452215226,-4.436785807027302,0.41092755308042156,0.023636332,0.016609555,0.0202262,-5.085041,14.046317,2.0984678,0.41335464,0.37244546,0.4717797,2.9021962,,,,4130598627008928768,0.6581121298082176,0.04794284,0.09562607,0.21469948,0.07720268,-0.23058888,-4.9730926,4572.9214,2.449702
6046871128777928320,252.0865277618045,-24.63317675844141,-6.576615467753891,-5.80336009363004,0.49593513199123296,0.01769177,0.011980607,0.014925162,6.3833027,12.851681,1.6521835,,,,,4505.0,0.13,-0.07,6046871128777928320,0.6682673799037199,0.039640486,0.04501467,0.13254859,0.13135788,0.06287507,6.742274,4593.668,2.4139392
4337088388168642944,250.53813872613054,-11.012875511036858,-7.277746370770259,-4.081766545587349,0.4909284833201321,0.019157501,0.012124915,0.015856208,-9.163063,12.913188,1.7231445,2.6754763,2.373304,2.9791436,1.5319655,4499.0,0.13,-0.09,4337088388168642944,0.5884893956740695,0.04556281,0.077747256,0.1673589,0.093373865,-0.020758517,-8.331114,4625.8647,2.4311004
4078521697568929024,280.73024097655554,-22.69925573422697,-3.9950286141065945,-6.47720455157582,0.8639291625452847,0.021774862,0.017031644,0.017345363,6.23744,11.334653,1.5243053,,,,,4668.0,0.01,-0.11,4078521697568929024,0.5831935991762467,0.016634002,0.030261043,0.14700201,0.13226736,0.02632033,9.8970175,4766.5835,2.5242114
4472066840783192576,272.7636116823281,6.948601858921356,-1.95202247616595,-4.400214899860248,0.4783966649635555,0.01636394,0.015939534,0.016401434,-17.407156,12.721634,1.6464157,,,,,4241.0,0.18,-0.09,4472066840783192576,0.6322201834457554,-0.0012864098,0.11682543,0.15075336,0.11858666,-0.11695009,-17.285147,4411.342,2.312771
4288716130044103040,291.5760527921832,2.087865272589794,-5.896740661234828,-5.118251424986135,0.3540669114554275,0.014297538,0.012683183,0.014494457,-84.598816,13.279754,1.6922207,3.7842782,3.1614356,4.1629653,1.3828272,,,,4288716130044103040,0.6568366545560869,0.04047083,0.059768517,0.21684626,0.07449925,-0.10114713,-87.36291,4523.3325,2.374485
6001564755723649792,232.9462569267523,-42.491398127549914,-5.812766895653278,-3.432137790313253,0.7285436366145963,0.023708727,0.017960189,0.02023568,-20.45736,11.539646,1.4106436,,,,,4528.0,0.17,-0.09,6001564755723649792,0.6212998309564608,0.027435407,0.082038075,0.2708421,0.11770949,-0.027895954,-20.479229,4617.9326,2.4743252
6007885912472569600,235.9923340496049,-41.040128237922545,-4.620068175256274,-5.708139199359689,0.5525682537197739,0.014557411,0.010573915,0.014264032,30.457523,12.525691,1.6848364,3.2146983,2.8872347,3.6159718,1.4508471,4466.0,0.08,-0.01,6007885912472569600,0.5756159631991842,0.023382455,0.08463456,0.1464712,0.057135552,-0.15208614,30.549091,4419.342,2.3193986
4059491109794551040,261.68097498993325,-29.26318430673787,-3.3165905153160122,-4.1766286837817015,0.8267217842352789,0.020717803,0.015127134,0.020951867,-77.75194,11.856112,1.7050581,0.37687486,0.33994186,0.5597969,3.0028155,4688.0,0.32,-0.11,4059491109794551040,0.6663049419957792,0.024169862,0.073344275,0.19099328,0.1469515,-0.1461659,-77.20316,4605.6406,2.4356225
4112669401992115712,257.0501356579999,-24.810808326681318,-3.279327976461542,-3.3668813673546225,0.8688623216166856,0.018962996,0.012780506,0.017724521,1.6166824,12.227704,1.7211885,,,,,4660.0,0.19,-0.08,4112669401992115712,0.6224951462092505,-0.015442915,0.05814909,0.1395157,0.07388115,-0.1431121,2.0458972,4666.6626,2.6650765
4127574214133424256,255.80176968220778,-21.614140478720532,-2.9604869576998696,-4.241879685101127,0.37901289990130194,0.0202067,0.014418237,0.017709611,-40.978203,13.309024,1.5940084,,,,,,,,4127574214133424256,0.6525297030093481,-0.01492817,0.07999438,0.19585797,0.06967881,-0.10242599,-40.50738,4610.1113,2.4603214
4129406855178907520,256.6695950135716,-18.412188116636248,-5.150774202302932,-6.596716706525766,0.7645883422403603,0.018135626,0.013118538,0.015191723,-27.045921,11.880268,1.6043005,,,,,4508.0,0.19,-0.11,4129406855178907520,0.724990741508016,0.037812606,0.073646754,0.18289454,0.14020312,0.01922135,-26.384123,4581.301,2.4246511
6135424661388622976,193.12715809295534,-44.73777819224065,-6.685502656141843,-3.96355099421666,0.5800591748097927,0.014211325,0.010563212,0.013419231,17.40922,11.82196,1.2418795,0.4550706,0.4096247,0.6260581,2.8022327,4735.0,0.24,-0.19,6135424661388622976,0.5972567744057002,0.017017297,0.043545585,0.27466536,0.12418276,-0.1113745,17.599955,4894.254,2.7519267
5818304823386105088,253.97379808583628,-62.10537675634077,-3.5770881601199753,-4.168772415450929,0.3499160925127305,0.012250553,0.011277841,0.01340986,-24.879461,13.32595,1.5622263,,,,,,,,5818304823386105088,0.6805772143158584,-0.0054885074,0.124488294,0.28823358,0.12575969,-0.29653686,-27.306925,4384.0435,2.407099
5776387347017565696,259.0886598069173,-78.87659949383193,-3.8538937603397687,-6.462174115838124,0.7224499614431874,0.009359335,0.010509244,0.009544308,-9.665628,12.232355,1.6283922,,,,,4396.0,0.08,-0.1,5776387347017565696,0.6874541443132697,0.01855851,0.10444732,0.13851887,0.08883187,-0.18732977,-9.352964,4440.847,2.4491918
5777689619760490240,255.87122596139523,-77.04924625042896,-5.0734685755539735,-7.107289357720178,0.5271825806761733,0.0084427595,0.009587487,0.009286439,-29.042183,12.40365,1.3663702,0.55621547,0.4024505,0.8372386,2.6036818,4535.0,0.0,-0.12,5777689619760490240,0.7126664045979738,-0.01784183,0.0485412,0.13276267,0.09296346,-0.07377092,-28.243553,4628.247,2.5205076
6142517331722524544,197.71214280581103,-37.31612339471627,-3.025388779031714,-3.41384106059086,0.6219064729637994,0.014575672,0.01108211,0.014006034,19.835415,11.922596,1.3686466,,,,,4555.0,0.17,-0.1,6142517331722524544,0.6778586907294444,0.017392024,0.08895145,0.19095281,0.09030533,-0.14594948,20.56102,4598.9834,2.4356837
6024897285808479616,247.09337738232816,-32.66725633052504,-4.2211941963320445,-3.1117367787165273,0.4480323052335511,0.022651292,0.016736453,0.017583707,-64.10064,13.379808,1.8247337,0.61998063,0.5563072,0.68365407,2.5042677,,,,6024897285808479616,0.6420994729682444,-0.0013174191,0.08481489,0.20909062,0.07164511,0.01606743,-63.29109,4593.108,2.445622
4138044760270797056,259.2632837914115,-14.512546104506361,-3.3353667961055193,-7.05564144612445,0.5298714472437168,0.018804697,0.013746585,0.020856,31.64066,12.880389,1.7701168,,,,,4490.0,-0.01,-0.06,4138044760270797056,0.6199776826190089,0.008393921,0.055965487,0.13394327,0.095391035,-0.024831206,32.10839,4636.4653,2.4320366
4071353878182901760,281.0166094243371,-29.144410801066805,-3.0290109815584,-4.6752815351004084,0.7455007833008871,0.017969795,0.014319552,0.015335658,27.909985,12.502228,1.4069462,,,,,,,,4071353878182901760,0.702100862343893,0.0056250617,0.11385326,0.22722253,0.11188668,-0.20998588,27.719643,4642.7344,2.8356445
4389629101057642496,262.28055538757155,4.538511945157713,-4.037462192126389,-7.313451639972133,0.69382244711111,0.014048587,0.011182837,0.015518856,1.5147668,11.736236,1.4439974,,,,,4447.0,0.11,-0.06,4389629101057642496,0.6543955636402234,0.053438254,0.06298858,0.1870448,0.107168645,-0.047587283,2.0537858,4584.9814,2.4252687
5782280802363646720,242.88421842168404,-73.92003706264087,-3.7631438205890255,-4.426575699812533,0.5110641190095372,0.007838257,0.008999049,0.009204161,19.762793,12.4092655,1.3951826,0.41327333,0.37237665,0.45417005,2.9024892,4521.0,0.06,-0.03,5782280802363646720,0.6116149245239626,0.022332981,0.04947794,0.13755229,0.12603909,-0.061905965,19.843824,4608.902,2.4307618
5802149630310486016,254.06980950065224,-75.28115054211732,-6.425341123370414,-5.7749416963769065,0.7190952210279159,0.011302325,0.014551819,0.015465899,38.415367,13.843505,1.0690804,,,,,,,,5802149630310486016,0.5748701484903522,0.013541065,0.08625163,0.20137492,0.123301774,-0.21588913,40.23205,5248.6704,3.7404885
605623962495917568,135.07543064377694,13.751539621453256,-3.1854095496798878,-4.67509050355396,0.3179758544578632,0.017872823,0.013382238,0.016304828,51.301594,12.4940195,1.3527651,,,,,4419.0,0.2,-0.05,605623962495917568,0.591264779177744,0.074194245,0.08454628,0.28995088,0.060887456,-0.20580187,53.686977,4559.1616,2.3939548
4127710136939131904,256.59065383256467,-21.092008638607854,-4.283477971591421,-7.621299324962407,0.6563537942821438,0.017247163,0.011978603,0.013858961,-3.3683128,12.508674,1.639411,,,,,4541.0,0.24,-0.12,4127710136939131904,0.7165310329844297,0.01480592,0.048921246,0.23877808,0.12250784,-0.1549435,-3.614552,4625.4766,2.5576372
6046695103833992320,252.15259183011807,-25.280181057239258,-2.36845442473994,-7.257041127621813,0.4277928654476587,0.018875293,0.012732948,0.015797868,-49.058193,13.148673,1.5833101,,,,,4497.0,0.02,-0.07,6046695103833992320,0.5982140163140072,0.044840686,0.06704262,0.16928002,0.08069864,-0.073799685,-48.797817,4638.217,2.503393
5803914312113563904,265.503138779791,-71.83614922777348,-4.614434144131495,-7.837327044463704,0.3614571980492099,0.00896349,0.010307459,0.011007917,-7.1922216,13.099761,1.3955135,,,,,,,,5803914312113563904,0.6343565353202648,0.022882491,0.04795597,0.28422606,0.05228892,-0.08447651,-7.595956,4545.293,2.464077
5823219674731013376,232.00432487850333,-68.47268972807592,-3.2753396264786154,-3.6278126461290294,0.35804730556065756,0.010053228,0.01464405,0.015850024,-26.935797,12.983554,1.5086756,3.9931552,3.5021813,4.5251913,1.3613244,4331.0,0.25,-0.08,5823219674731013376,0.6771807443674306,0.007636048,0.12413171,0.27827993,0.13993296,-0.4741945,-26.486729,4392.7627,2.316794
5686752448997067776,149.7435562268084,-14.234191505641792,-2.8357685486872333,-5.95066664041317,0.3991400706322215,0.017811952,0.019327184,0.017819833,40.171402,13.539866,1.4232626,,,,,,,,5686752448997067776,0.5940953553274815,-0.009525746,0.05522025,0.2446405,0.14845932,-0.05053706,40.992947,4559.564,2.7316804
6035513379822701824,243.1455912259946,-33.131897832987676,-6.626205601926751,-5.975101178227118,0.5159860596716584,0.016304104,0.009875726,0.01570354,-10.617203,12.698795,1.5482464,,,,,4488.0,0.12,-0.09,6035513379822701824,0.6134430442964354,0.028162338,0.053033423,0.2850586,0.06786546,-0.105079316,-10.218918,4528.2617,2.4340224
4111529998704723456,260.71111093983853,-23.569808178565278,-3.224281702606014,-5.509453493120873,0.6048994462547368,0.025792899,0.015021495,0.021917304,-74.25498,13.153317,2.0507717,,,,,4436.0,0.26,-0.12,4111529998704723456,0.6436876896562286,0.07135721,0.10482389,0.27993122,0.10876572,-0.04622958,-74.62849,4600.728,2.467919
6070259523489128960,202.98695202932913,-50.26368261797647,-5.009565311985349,-2.484367088583967,0.5004346115373526,0.014030781,0.014390096,0.014640124,-1.9612818,12.150044,1.4270382,,,,,4486.0,0.17,-0.13,6070259523489128960,0.6893264601806864,-0.010885291,0.0914069,0.264468,0.100800484,-0.1516543,-1.623184,4603.274,2.45475
5922111537235298816,264.04200145314087,-52.53627324023142,-2.956593921367522,-3.158723440070882,0.803245684859046,0.016555177,0.015672332,0.019308131,-3.286101,11.212674,1.5892229,,,,,4382.0,0.18,-0.08,5922111537235298816,0.669977553238426,0.034939125,0.10614675,0.23483226,0.076785,-0.21202439,-3.3737915,4430.2183,2.2815702
5820910562863995136,243.87500680401521,-69.14871695746751,-2.0461656349127924,-5.375690989099301,0.45372918354552794,0.0073766313,0.009703631,0.010253001,14.574131,12.695052,1.407342,,,,,4446.0,0.16,-0.1,5820910562863995136,0.652802608990144,-0.01631184,0.07432352,0.17640609,0.10592458,-0.038758293,14.864786,4560.714,2.461368
6650458413470703744,282.83799440439236,-54.347503367270555,-2.257128686548578,-5.0296963629974405,0.8979294783520629,0.012394314,0.009599832,0.015702026,0.88014674,12.244584,1.2926111,,,,,4747.0,0.14,-0.16,6650458413470703744,0.6973101847417962,-0.004662946,0.058792215,0.1319429,0.11729926,-0.49195787,1.7543087,4730.8633,2.9768429
6629424790391310976,271.98859901766957,-65.30955448574454,-2.469988206403143,-5.403859132665374,0.44167105944298357,0.011054829,0.013258259,0.016035777,32.570583,12.899266,1.3560162,,,,,4755.0,0.37,-0.08,6629424790391310976,0.6316117147633509,0.008351877,0.05204129,0.20922104,0.12434545,0.19098186,33.1234,4657.3105,2.6659148
6708584366255336192,278.9136410910881,-45.71418907568266,-2.541294439476314,-3.6419587577548613,0.7004505308347364,0.016166642,0.01345727,0.0171231,3.24411,13.623766,1.2092934,,,,,,,,6708584366255336192,0.6848985652734163,0.03304372,0.049561445,0.20697397,0.14776322,-0.19613087,4.207465,4903.945,3.4423132
5819363206405122304,243.55442700428276,-69.97072881466414,-5.168185536436379,-7.711452692346871,0.6319721208194654,0.00727115,0.009695519,0.010632275,1.600295,12.76937,1.3799677,,,,,4657.0,0.17,-0.13,5819363206405122304,0.6503868240332804,0.0032544583,0.07242109,0.1360387,0.13711229,-0.042809747,1.9920706,4696.0356,2.8282688
5820206561876135296,234.44549903518595,-69.16056010372509,-3.8124102904929478,-3.4397662940441744,0.4414814702290649,0.0073921857,0.009795403,0.010627624,3.8327708,12.660725,1.3992405,,,,,4534.0,0.09,-0.12,5820206561876135296,0.675506794148064,-0.003061682,0.08379969,0.16197231,0.12920359,-0.09540245,3.9592714,4581.73,2.4171383
5819621969600883840,238.85054261352087,-69.03669594812195,-5.628033906961665,-5.6294294800313445,0.5071277015064733,0.006586151,0.009305483,0.010439185,-36.038055,12.464627,1.4184017,,,,,4557.0,0.21,-0.07,5819621969600883840,0.67584346603746,0.0086089745,0.049537573,0.19041511,0.11480293,-0.11184004,-35.712788,4582.9126,2.424046
6649145351769764736,276.3390225196567,-56.45171685877643,-2.274502295543487,-3.8064190274254353,0.6331013991295941,0.017557671,0.016501352,0.01956755,-2.2859743,11.711883,1.4138937,,,,,4463.0,0.16,-0.11,6649145351769764736,0.7154927285572683,0.046176992,0.10037182,0.24843577,0.095421016,-0.115356,-2.5072134,4537.722,2.394189
5809027487868696448,246.25268133119863,-68.52951861529137,-2.754386598837482,-5.907092086291503,0.42120301511721925,0.01677993,0.025447605,0.028647466,-21.181154,12.953219,1.3532953,2.7724779,2.4204104,3.107771,1.5130557,,,,5809027487868696448,0.6868089239239761,0.036999352,0.056372818,0.149387,0.037047133,-0.016520914,-21.900637,4672.5864,2.5640466
6683985782874571648,298.04887735972545,-45.83121892326183,-2.2113484861350754,-6.202975898303334,0.6383314107767202,0.014408969,0.011213635,0.01471729,-44.444786,11.842516,1.3347015,,,,,4489.0,0.09,-0.07,6683985782874571648,0.6499758123110425,0.04978124,0.054963734,0.16988316,0.1321198,-0.042064674,-44.36233,4635.052,2.4658794
6091923445916810240,217.28233237422336,-48.01074410822887,-3.3661169351192206,-3.6962320680885226,0.36024947839026683,0.014673589,0.0149877295,0.014841504,-1.8671978,13.261891,1.4532223,2.5719454,2.2959015,2.9317975,1.5473019,,,,6091923445916810240,0.5940517019271481,0.041488327,0.050962996,0.20774728,0.07476202,-0.009663347,-1.5137675,4618.3853,2.511744
5818811522139581312,240.6660918592913,-71.33257112696234,-2.7553996779224303,-7.222523281806124,0.5495231331547428,0.007727853,0.009408443,0.0100505,-10.821358,12.351423,1.4106865,0.41327506,0.37238756,0.45416284,2.9027069,4592.0,0.16,-0.08,5818811522139581312,0.6130908116722172,0.07228135,0.082655594,0.13366061,0.043028474,-0.06389116,-10.474143,4625.082,2.43762
6702230395932601856,274.16622867343875,-51.47381698392162,-4.382890586440317,-5.6499790203628155,0.36533832146343215,0.014327666,0.011866844,0.014453804,24.987823,12.994572,1.4526005,2.725696,2.4366329,3.0173402,1.5229497,,,,6702230395932601856,0.678917859730132,0.022961289,0.032835588,0.23098698,0.08377093,-0.024146214,24.602198,4535.6978,2.397092
5821150771800294016,244.36026167296663,-67.79018721769079,-2.8085344248224025,-6.956896183307286,0.3497132627487726,0.007454233,0.011091511,0.012310184,-75.02603,12.995632,1.3706226,,,,,4597.0,0.29,-0.15,5821150771800294016,0.6304776561109772,0.043089397,0.072491705,0.18440656,0.14146534,-0.11623067,-74.48116,4621.997,2.4414008
5823336532201143168,233.17077206403053,-68.06008167314421,-3.9777373087395307,-3.493447435672702,0.622272056097604,0.007913922,0.009844576,0.010647059,-21.607319,11.998721,1.4022951,,,,,4486.0,-0.0,-0.08,5823336532201143168,0.6560375702403036,0.045260184,0.069130406,0.13687223,0.12441376,-0.044877537,-21.384052,4621.228,2.4310818
5793311549693825792,221.2157366281524,-74.10211044084444,-4.438556571732414,-3.96469684131104,0.34882705353188226,0.0127304625,0.014407684,0.014281604,11.759289,12.91546,1.5671749,0.41296154,0.37208635,0.4538367,2.9029992,4454.0,0.19,-0.0,5793311549693825792,0.6022029802257887,0.038785346,0.110143974,0.1589323,0.05739744,0.077222206,10.761624,4364.922,2.1800542
5798527804658273536,226.9441541818081,-71.51172728065352,-3.828736467399384,-4.419219377262415,0.34410613646379484,0.01235046,0.014871024,0.013977966,-28.838947,13.893823,1.308672,,,,,,,,5798527804658273536,0.6495976893805668,0.021300234,0.0466992,0.20694557,0.09466371,0.026040494,-29.056103,4815.222,3.0018873
5816001071651769856,252.86989185706813,-65.26853137032018,-3.5594830905228685,-6.360714108184547,0.3704088145266186,0.009051914,0.011756366,0.015037378,-8.599712,12.960278,1.4628906,,,,,4459.0,0.16,-0.09,5816001071651769856,0.6791730702388777,0.026887774,0.0267843,0.25524333,0.14986971,0.0063774064,-7.9840155,4554.2456,2.4053
5913247308842287104,259.32296162010596,-63.084389845051966,-2.5882429215757536,-7.5549388001455275,0.7173150074611138,0.00981444,0.011300487,0.014296205,-32.53452,11.642964,1.3944654,,,,,4542.0,0.13,-0.08,5913247308842287104,0.6906497937441723,0.03760805,0.07676734,0.20884007,0.08194581,-0.07173608,-31.996035,4609.7427,2.4423845
5915141419480273920,255.61682051286115,-58.87180549628918,-3.1061893539201506,-4.8566651598982755,0.3702280127203212,0.012742053,0.012629002,0.016700841,-1.1664408,12.883925,1.4884186,,,,,4628.0,0.17,-0.08,5915141419480273920,0.6184226244015744,0.0075495765,0.059079167,0.22569367,0.0637151,-0.10415807,-1.38286,4555.073,2.4047773
5918262005273208064,266.6498991418525,-57.90202524584825,-3.739049652977402,-4.844872017548704,0.3205024728494153,0.016085202,0.016858181,0.019635022,-24.07444,13.21831,1.3676329,,,,,,,,5918262005273208064,0.5889761291523382,0.039607137,0.02899586,0.15900296,0.12410268,0.23620355,-22.381132,4760.738,2.6045675
5837375955641853184,194.86733791571544,-75.83643079651222,-7.1053558408560695,-4.1627553639948145,0.4508092330517249,0.013622666,0.01338937,0.011572094,15.707399,13.457434,1.7482786,5.4989066,4.812977,6.021788,1.2414163,,,,5837375955641853184,0.697959303278607,0.02696491,0.038692754,0.1324169,0.15304092,-0.056424726,16.414003,4553.8867,2.5587788
5708191100377973760,126.38336400858462,-17.95762701252545,-2.425436610807073,-3.299120278329982,0.9009345408780679,0.014956042,0.014798574,0.013684184,20.47399,10.890695,1.4049463,,,,,4406.0,0.2,-0.08,5708191100377973760,0.614613045914101,-0.024148561,0.073240906,0.28615054,0.09299445,-0.06257886,20.780727,4490.4385,2.382004
6225739435548376064,224.5307606471388,-26.79247636544037,-4.785110448466545,-5.446110988923605,0.5528454652274712,0.016747652,0.013642389,0.014213865,15.385916,12.19595,1.4328299,0.45453778,0.40913194,0.49994367,2.803041,4544.0,0.16,-0.14,6225739435548376064,0.6121270147331608,0.045614876,0.049621563,0.16035601,0.094929546,-0.04967968,15.386152,4612.0537,2.4258144
4107119926286089984,280.77463525734987,-10.470152784246787,-5.388500268120785,-5.093384264011517,0.8592330472084143,0.016171679,0.013381332,0.014812379,-2.4852235,12.685973,2.124587,,,,,4731.0,0.6,-0.07,4107119926286089984,0.6912538822929818,0.022010371,0.073412284,0.25183216,0.1032719,-0.25442377,-2.4573357,4513.467,2.4326463
4204500067718257920,286.3129082858772,-8.247766279605484,-5.141256952772213,-6.030487772133792,0.33388841816477044,0.019368501,0.015826521,0.016816555,39.999935,13.26119,1.7429037,,,,,,,,4204500067718257920,0.5871384370901206,-0.008726791,0.07644381,0.22470844,0.07600406,0.04786239,39.623146,4424.941,2.2970607
5903241198974449920,227.48376993515035,-48.64296876212941,-3.6907032935049706,-7.651515039637175,0.4763531275185839,0.013744778,0.017092273,0.0142202005,-9.125384,12.651949,1.5127754,,,,,4584.0,0.33,-0.13,5903241198974449920,0.6838151280206854,0.04931631,0.036514506,0.28898165,0.13660699,-0.23938257,-6.9533267,4566.0596,2.4342365
5941773996284313216,245.1780988483835,-47.66514375010953,-2.3484160537244936,-3.559490836010908,0.5307286842640111,0.01976511,0.015002878,0.01966967,-26.419283,13.554681,1.8611689,0.5568341,0.50004494,0.6136233,2.6016262,,,,5941773996284313216,0.6062136170302728,0.0032786354,0.06745364,0.24351904,0.12800145,-0.15322986,-28.174519,4904.0967,2.8619056
5831207828548311680,246.49309469955168,-60.64020002587085,-2.9672654512915937,-3.8532224920291327,0.40566489950858475,0.011936637,0.010523423,0.011996628,-22.29464,12.629275,1.5822115,,,,,,,,5831207828548311680,0.5978886739090343,0.019503705,0.09028265,0.15822752,0.048306867,0.12933666,-21.85499,4388.106,2.1845129
5919095057136558208,264.2164243468862,-57.26324303711582,-5.436250191324893,-6.781007437500695,0.7493727119546805,0.015169924,0.014249143,0.017136224,-5.8446956,11.564927,1.3909044,,,,,4481.0,0.13,-0.06,5919095057136558208,0.6364761895914974,0.024859935,0.0693554,0.21623895,0.12910971,0.0061273873,-5.404481,4585.054,2.4394968
5926763291744105472,251.21627165536523,-59.91735343092852,-2.8496860058198683,-5.155547421742269,0.47194982529263707,0.012225678,0.0127744945,0.0152834905,-55.461056,12.740067,1.4931917,,,,,4610.0,0.28,-0.09,5926763291744105472,0.588196051423807,0.054263525,0.0585231,0.20681134,0.118023515,-0.3222116,-54.144978,4557.2344,2.4180527
5807881418790818304,251.92980508616623,-69.97567281723649,-6.938096163130144,-4.149009174941758,0.7191618864351187,0.009540357,0.011847538,0.013031848,7.054516,11.526092,1.3830814,,,,,4524.0,0.19,-0.11,5807881418790818304,0.6316479681299247,0.016044796,0.10342355,0.26765287,0.05124241,-0.33896622,7.543843,4580.8755,2.43454
5817085568070400512,257.8917689780843,-63.95717905649971,-2.031995355083189,-4.096565292364682,0.7123561249118467,0.015815645,0.018818865,0.025002154,7.1940584,11.420203,1.4934053,,,,,4404.0,0.09,-0.07,5817085568070400512,0.6516097455605399,0.03469126,0.11218326,0.17844401,0.063915566,-0.10644802,7.505631,4396.014,2.264849
5976396964605916288,255.97853473236938,-37.54099537622065,-3.744490851769269,-8.011884738243468,0.7395419215125788,0.016425975,0.011618019,0.01484073,-34.299812,12.426618,1.8309698,0.41349065,0.37257856,0.45440271,2.902126,4660.0,0.17,-0.08,5976396964605916288,0.5866761685619885,0.043536805,0.079700634,0.25886497,0.09159759,-0.16149929,-34.05055,4672.1904,2.4901211
4155607667522647040,280.3555579887934,-8.910123097705442,-2.338009103065483,-5.343596911349355,0.6064770888013571,0.019007845,0.01485969,0.016427804,-4.013445,12.6458645,2.0490675,0.45422435,0.40881047,0.49963814,2.8028772,4387.0,0.06,-0.05,4155607667522647040,0.644395401323294,0.023577482,0.110809654,0.16517317,0.0671373,-0.20518297,-4.756653,4400.9917,2.2006059
5935662395258791680,244.73378767167569,-48.90882838673191,-2.729023583069841,-3.8359662247340474,0.43017494685514873,0.01923376,0.014248408,0.015572438,-26.172651,13.055338,2.3751612,0.20243128,0.2,0.22064157,3.8009698,4614.0,0.09,-0.16,5935662395258791680,0.5776935955166965,-0.014820084,0.07335986,0.19320375,0.13286471,0.05023033,-25.524578,4740.194,2.3164816
5937232772744626688,249.882816548542,-51.30465198071031,-1.976265838364542,-4.068894189808578,0.4183975547170047,0.016805338,0.012563179,0.015601071,-76.570045,13.005162,2.1302757,,,,,,,,5937232772744626688,0.6127318764729172,0.029272906,0.106016845,0.14258313,0.12100282,-0.015102804,-76.46101,4328.663,1.977204
5341297023810217856,179.1973925455022,-59.949599675127466,-5.378162462618279,-6.880666098668618,0.838378252688344,0.014348653,0.014931487,0.0142302355,7.001759,12.964153,1.3102884,,,,,,,,5341297023810217856,0.6457717768337377,-0.01767537,0.06262438,0.16654721,0.12652656,-0.18581085,8.514016,4846.9756,3.2043545
5813525143257322496,260.28426633269754,-65.74838732743152,-3.6362935796855353,-6.900115347427613,0.822291864226196,0.01693721,0.019670079,0.023057211,-39.840485,11.366119,1.3656912,,,,,4455.0,0.06,-0.08,5813525143257322496,0.6403443655078926,0.0561881,0.08636181,0.21578047,0.116337985,0.0446236,-39.326057,4583.4907,2.4616857
5616083160199692160,109.07590341057274,-26.556280671113456,-3.5763069036984745,-2.914757345225033,0.671140466271255,0.009540025,0.012574044,0.011474291,6.5690026,13.562592,1.3547258,5.33306,4.788761,5.9232383,1.2427175,,,,5616083160199692160,0.6730989459239077,0.023623928,0.049824815,0.16946584,0.13645762,-0.025791816,6.634701,4832.855,3.226924
5952513338671300480,262.00756924570834,-44.57864681714081,-3.742022408845169,-5.161548506627922,0.30582473339873867,0.019311678,0.013326423,0.018235803,-7.996711,13.243701,1.7142811,2.9373746,2.5841389,4.424141,1.491219,,,,5952513338671300480,0.6748482226968555,0.026848182,0.06469537,0.2788896,0.13428122,-0.07312386,-8.419731,4439.374,2.3028967
5959494554680244608,260.7078696977824,-42.50104600588219,-3.775678896998641,-5.89376706051498,0.4675089321526201,0.026758973,0.018018195,0.019970197,22.382513,12.922065,2.2103395,,,,,,,,5959494554680244608,0.5836312240720698,0.068199806,0.094463006,0.1321865,0.10065979,-0.026368111,22.818764,4350.333,2.0036502
6021214609065226752,250.69749081034726,-33.60018340860218,-2.565683140067376,-3.5070290932785335,0.3947053925461574,0.022273706,0.017637134,0.016685672,-37.281727,13.589813,1.9202414,0.3767857,0.33983344,0.41373795,3.0022933,,,,6021214609065226752,0.6491770640494963,-0.006197542,0.08087781,0.13669033,0.038121507,0.058189057,-37.272106,4656.866,2.4410396
5902763190618070656,230.09441642219494,-48.08074580101854,-5.923030954955606,-4.834362933527054,0.35463422616367946,0.016118301,0.01481918,0.0143931955,-66.5341,13.026698,1.7130413,0.4129198,0.37205374,0.47103631,2.9032156,4285.0,0.16,-0.1,5902763190618070656,0.5944665939334549,-0.017067373,0.09315929,0.15527655,0.06525555,0.023106381,-60.050316,4349.2383,2.169252
6001102273644426752,234.1987832256201,-44.19852620892358,-5.4119340475637605,-5.953855522861957,0.7544805819816605,0.016541298,0.017878372,0.01565811,-10.728927,12.161815,1.7022324,0.3767526,0.33982638,0.41367897,3.002998,4520.0,-0.04,-0.12,6001102273644426752,0.6403989430293312,0.008850604,0.066562414,0.14067158,0.040652826,-0.008131076,-10.265833,4623.7437,2.4375718
5931244179587378560,245.44442355734452,-57.209343939774435,-2.867117051378764,-4.4227378557198715,0.3214151445429485,0.01915444,0.01362045,0.01698028,-45.728497,13.604188,1.5191908,0.6200053,0.5563176,0.6837074,2.5040832,,,,5931244179587378560,0.6312181069751398,0.028143331,0.08914271,0.23948577,0.1185461,-0.1114441,-45.85219,4881.6494,2.7837892
5931631619996588032,243.6174785101192,-55.658060339213236,-3.7995896119123866,-4.6326421944077545,0.6760515418877193,0.020703778,0.016788777,0.019948583,-37.877506,11.767993,1.9004307,,,,,,,,5931631619996588032,0.6309580308716395,0.020620428,0.03973544,0.18236119,0.15403646,0.13538536,-37.91807,4575.803,2.2743783
5826281707224768256,236.13740354760634,-63.66549519002178,-4.409514729628571,-4.39001706268076,0.3880670580696046,0.008703294,0.0151434345,0.01288578,-20.95903,13.226644,1.5123405,3.416189,3.058683,3.979662,1.4227953,,,,5826281707224768256,0.6432559831845004,0.031673968,0.06139272,0.23710877,0.096793264,0.015454896,-20.710632,4576.6963,2.5248137
5927820682666152448,250.42463746744698,-56.53241489017307,-2.9164712485844673,-7.127846287217469,0.4209283214652118,0.016857773,0.013791646,0.015023621,-49.80331,11.770169,1.5801058,,,,,4360.0,-0.01,-0.1,5927820682666152448,0.5975182705975334,-0.020292133,0.11789416,0.23199302,0.07065493,0.071929045,-49.68313,4419.632,2.0924048
5857759488173718656,200.9908620164441,-66.15376710166302,-2.857573044474678,-3.780438793504876,0.3957719063206099,0.012691379,0.017877353,0.015578813,-26.410116,12.9003725,2.0457506,,,,,4102.0,0.09,-0.08,5857759488173718656,0.7004482820424158,0.060452916,0.12320271,0.14514461,0.121264815,-0.04529766,-26.56245,4166.0205,1.8259263
6018688992174175360,248.6217015520705,-37.12335546089979,-4.649104267980853,-3.8891818345814113,0.5292613777236508,0.019953107,0.014121604,0.016007796,-18.88581,12.391316,2.2028065,,,,,4290.0,0.17,-0.08,6018688992174175360,0.7065165140318463,0.033324115,0.123951554,0.24752867,0.12747702,-0.123101935,-18.753977,4338.8433,1.9941465
4471431765437176192,271.5874968361183,5.467040175651736,-3.459711099238619,-7.818342175584606,0.8321815147552655,0.017364735,0.01928912,0.017028896,-16.971039,11.449975,1.5261612,,,,,4472.0,-0.01,-0.07,4471431765437176192,0.6442365056205519,0.05783201,0.049495388,0.1508601,0.09960908,-0.053507738,-16.30811,4624.784,2.4361672
5904573880095488640,220.5939370897617,-49.89607221246381,-4.692812282518423,-3.686934850916429,0.4231175929640085,0.014551727,0.016091527,0.013923145,-11.29307,13.1664715,1.6497374,,,,,,,,5904573880095488640,0.6416965811495668,-0.015245125,0.08036104,0.26974866,0.075796664,-0.24758932,-11.152003,4512.079,2.422201
5889169202483200000,234.87874091676048,-51.79254313567753,-3.807574293275441,-4.571754045807255,0.5377035141862656,0.014980752,0.01364025,0.015144888,-28.274975,11.850546,1.7695751,,,,,4472.0,0.15,-0.07,5889169202483200000,0.5999766633852103,-0.006412104,0.11152437,0.14530498,0.06896809,0.07638306,-28.537043,4482.8896,2.1604195
5877341588484215424,221.45851702592816,-62.53788156109489,-7.238491718126391,-6.191798427709703,0.592761719688856,0.011087404,0.012608886,0.012304177,-37.474472,12.583956,1.768343,,,,,4517.0,0.13,-0.1,5877341588484215424,0.5839003409584773,0.050646655,0.07930879,0.19457054,0.12129608,-0.066400796,-36.293736,4641.433,2.445844
5973458382340754048,257.2874180091304,-37.36796838476102,-1.854753773396017,-6.542131527347445,0.5754752518370875,0.015484171,0.010359134,0.013144833,22.1705,12.693125,1.80552,,,,,4471.0,0.14,-0.12,5973458382340754048,0.6430914359934465,0.030844808,0.028035503,0.2562745,0.07365906,-0.11890023,22.385416,4549.8926,2.4185674
6764134579902239104,286.3822426384577,-26.38811387500306,-2.385147128691114,-4.003644864658497,0.323382720169609,0.02709241,0.021290932,0.028271073,52.870983,13.002317,1.582551,0.5554895,0.47727722,0.612097,2.604421,,,,6764134579902239104,0.6055588359140535,0.03174454,0.12563777,0.25769654,0.110043645,-0.2263442,43.300613,4316.4155,2.2166624
4184816022108861824,290.128535848759,-14.233131993745074,-2.419522708644019,-6.032291176022974,0.9008360034370679,0.01720355,0.015576614,0.015563968,-10.109319,11.490222,1.5915995,3.8635361,3.3913078,4.3119664,1.374245,4523.0,0.14,-0.08,4184816022108861824,0.6344533260288199,0.008333869,0.03457436,0.26698816,0.064336285,-0.118867144,-9.959227,4574.9775,2.4308522
4247592677155012480,302.3983461435704,4.615175190017896,-5.355473409742874,-5.178544166227031,0.32958362088140425,0.017237695,0.014280779,0.017399382,48.487984,13.292424,1.4913454,,,,,,,,4247592677155012480,0.6700239617552706,0.067668624,0.10583681,0.23549825,0.08196187,-0.074677944,47.311874,4607.033,2.4695976
5889778542432563072,231.3926223518823,-51.29345819367935,-4.762424928076137,-4.158491469837577,0.715424422050989,0.014784389,0.016432818,0.015466354,-31.363527,13.133434,1.4940977,9.9087105,7.4660773,11.047469,1.0528722,,,,5889778542432563072,0.6935311567641281,0.046460144,0.0329297,0.18600968,0.12062958,-0.26656166,-31.055244,4763.2075,3.0227602
5894427449368588544,218.769400991168,-54.267011070259684,-4.23577000964527,-3.8270847444297362,0.7286852020013876,0.011408228,0.018094162,0.0140173435,31.205315,12.5516,1.972867,,,,,4585.0,0.14,-0.09,5894427449368588544,0.6101126805642371,0.034536704,0.079091296,0.15025611,0.083854705,-0.09728858,31.10766,4643.6304,2.4410112
5896202232922121856,215.62601453814125,-54.15221491784239,-6.252469192066171,-7.683964326486425,0.7011493260630749,0.009511344,0.014674275,0.014410939,4.789255,12.186906,1.6765566,,,,,4529.0,0.06,-0.12,5896202232922121856,0.5883206853555849,0.017312996,0.05496713,0.15346977,0.04661849,-0.12472871,5.0826597,4619.6143,2.4335382
5938946709549882752,254.72378289747672,-48.068123320926226,-3.5663638143044656,-5.819777096438626,0.5644506797174509,0.017272616,0.014379138,0.014571096,-50.699974,13.242703,2.0313435,0.4133818,0.37246162,0.454302,2.9019382,,,,5938946709549882752,0.5836888417120548,0.03492301,0.056748677,0.14278233,0.06631842,-0.065199204,-49.754787,4791.717,2.5535662
5919072998178297856,264.4572884842723,-57.57049561242777,-5.333628146004017,-3.3783952055495927,0.7430465191667215,0.01749963,0.015793247,0.01769265,-14.054823,11.453953,1.3746719,,,,,4570.0,0.04,-0.05,5919072998178297856,0.6033281616833964,0.036164664,0.07772303,0.19133282,0.14592779,-0.055653878,-13.398278,4624.981,2.4434571
5929164835627116544,254.17749206451887,-56.24766701933623,-4.666321616406835,-5.646598403820295,0.3193341085701421,0.017566666,0.013272496,0.01463198,-66.43672,13.3185625,1.5622902,2.730638,2.4471712,3.014081,1.5224128,,,,5929164835627116544,0.67361338383155,0.06001959,0.08498606,0.26157597,0.10326272,-0.20247361,-66.94706,4475.871,2.364633
4040674415773725184,267.62875421430294,-35.41828661215983,-1.7325650330363855,-4.57615751545605,0.4121201488274714,0.021609014,0.013623762,0.020562999,-45.058483,12.671485,1.8069696,,,,,4591.0,0.26,-0.08,4040674415773725184,0.5997867375708983,0.020419791,0.11732519,0.16261348,0.05560276,0.04527071,-46.422886,4495.0522,2.1735275
4074662244274488704,282.756500771753,-25.396938663363716,-1.9448491203776814,-4.811305656078359,0.8497048470115764,0.023847813,0.019331308,0.01857488,-68.12932,11.967648,1.7437801,,,,,4519.0,0.09,-0.12,4074662244274488704,0.5817345862337827,0.07241104,0.08797601,0.2845214,0.14679271,-0.10670221,-67.95476,4630.4443,2.4817827
4104167222178325760,277.89257690327173,-14.125651749056944,-1.8423113011038845,-5.963252861785738,0.30664464580274997,0.03409598,0.026189212,0.028866146,-22.14818,13.343451,1.7970114,0.317533,0.27819476,0.3480067,3.2015681,,,,4104167222178325760,0.6082463919866895,0.06860917,0.09572622,0.18056032,0.10853574,0.05126612,-20.803066,4730.321,2.4823563
4263569508848054912,290.6509451352966,0.19627489912395363,-4.073817292603007,-6.534376058758497,0.40939052136709986,0.016910106,0.015399069,0.017333603,49.952812,13.493175,1.788352,,,,,,,,4263569508848054912,0.6520912270668657,0.041920327,0.04294395,0.26487252,0.06950891,0.013651095,39.964005,4514.2627,2.4322898
5832915370106222464,242.59463140944752,-60.40799598037981,-6.349971817989696,-6.416367417889645,0.5347253645953686,0.0131121995,0.012049792,0.012259562,78.297134,12.626556,1.539278,0.5560978,0.47770756,0.64136666,2.604375,4617.0,0.22,-0.06,5832915370106222464,0.6243595507462724,0.039355107,0.02855748,0.16564065,0.14079964,-0.12567441,78.42369,4616.237,2.4375174
5834422289498831616,243.19754607779637,-60.20436732804838,-3.336395450600336,-4.1084917158046235,0.5223682780467145,0.012789926,0.011605128,0.012431158,-20.742891,12.52092,1.4488544,0.45461982,0.40925533,0.49998727,2.8038921,4737.0,0.36,-0.05,5834422289498831616,0.6199766833338551,-0.004172869,0.053210434,0.18841729,0.10815787,-0.115155876,-20.707233,4779.287,2.6200674
5869763651241212288,200.4314408199976,-59.927825255073266,-6.458098705668482,-3.0443567805769467,0.44785079319758936,0.012175877,0.013931974,0.015286488,26.40468,12.990834,1.6252699,,,,,4621.0,0.15,-0.18,5869763651241212288,0.6076382376216726,-0.005928397,0.04779559,0.18488233,0.106906176,-0.01839875,25.548178,4623.7056,2.433322
5888969851640257536,231.56179088844098,-52.02701077804435,-5.419007689022456,-4.273753527952938,0.3166642259565545,0.013258775,0.015620745,0.01522723,24.34691,13.082513,2.1584806,,,,,,,,5888969851640257536,0.6715897318506526,0.06436599,0.04415289,0.19144124,0.10939798,0.0793084,23.730913,4094.1477,1.7341914
5826319713421861632,236.83896511823306,-63.15151965329253,-2.3122278082769077,-3.4132431838922668,0.7639940061923289,0.01363516,0.01372811,0.012513823,67.785774,12.855364,1.4180117,6.5185766,5.9091325,7.201774,1.1805915,,,,5826319713421861632,0.677158048067705,-0.0053376257,0.043217737,0.21581718,0.13851562,-0.22306687,68.370766,4738.488,3.0012133
5830733599757984896,250.5795728963886,-60.055109839103686,-4.327008739148225,-8.091375929988576,0.7449767028813096,0.017723577,0.017122023,0.023108684,-13.999968,11.5494795,1.6446009,,,,,4433.0,0.07,-0.07,5830733599757984896,0.6077216683957926,0.025743723,0.083240554,0.13649741,0.10684776,-0.2378372,-13.22238,4499.964,2.3257318
5914177667484829568,257.42101311588925,-60.34290939077603,-1.9571706599472827,-4.346879642953141,0.8692859533678786,0.012901374,0.01155411,0.014814499,5.021663,11.724171,1.4070425,3.4971335,2.7256284,3.9322147,1.4112253,4520.0,0.13,-0.06,5914177667484829568,0.6124773181885041,0.010338768,0.096280634,0.18157116,0.13974711,-0.09820604,5.9087315,4569.166,2.6341057
5926796728086713344,251.60454592693,-59.618205015855494,-5.725191938781617,-6.597265229852847,0.6052939554261376,0.013764162,0.012340136,0.01632519,7.2237754,12.886891,1.5199137,6.565142,4.808667,8.095913,1.1808974,4595.0,0.03,-0.04,5926796728086713344,0.6188912155854956,0.050002553,0.05143879,0.14666674,0.09676731,0.03608822,7.5952873,4580.298,2.6824193
5928609921523408512,249.898923848282,-55.96120612841925,-2.0554383022240796,-6.413623034929776,0.4010699771932531,0.019208696,0.014461471,0.016072903,-38.66153,12.94926,1.5813618,0.5559812,0.49934927,0.64104927,2.6040325,4470.0,0.25,-0.16,5928609921523408512,0.6628231990102349,0.04385508,0.07017428,0.24699453,0.05254449,-0.22819185,-38.91616,4535.4316,2.397664
5953887590769193472,268.48894441128203,-46.945732723490806,-2.949435923562647,-6.154163441470334,0.7699595410858345,0.020916987,0.015715946,0.019603187,-35.610817,11.290992,1.3675308,,,,,4600.0,0.12,-0.09,5953887590769193472,0.5853234787194476,-0.003720902,0.081439525,0.14697088,0.1394121,-0.05872844,-35.299183,4665.7583,2.4562716
6023604294501677056,247.77816740796297,-35.17689101401261,-3.961723729575713,-6.487815745744335,0.6306971254335674,0.020205406,0.014860467,0.01464003,-40.90503,12.706051,2.042241,,,,,4388.0,0.24,-0.09,6023604294501677056,0.660721626560977,0.03622538,0.06682354,0.26016724,0.043407872,-0.15961388,-40.099804,4490.188,2.3670523
4124151361396803840,265.84090668800593,-15.979950099305972,-4.367251176727823,-5.218838886685985,0.6156972453605365,0.021802446,0.011762855,0.01599686,27.163765,12.819205,1.7954206,,,,,4696.0,0.37,-0.06,4124151361396803840,0.6401036276153814,0.00231608,0.06514509,0.1647143,0.13456473,-0.15376666,27.39097,4613.9507,2.447337
4153607209202711168,274.80753511049824,-12.300683718673033,-5.729383598943154,-4.565449403566086,0.5440307362624069,0.017233435,0.013441781,0.018958965,9.58889,13.189716,1.9818001,0.5019424,0.4512974,0.55258733,2.7028463,,,,4153607209202711168,0.6471712956864653,-0.015527748,0.07131037,0.1496315,0.10646239,-0.086248204,10.129078,4567.8315,2.3983624
5902283528670778496,227.51022337774253,-49.75869578504484,-7.4700397827087475,-5.101567392186926,0.6945089215220746,0.019829618,0.018809112,0.017093042,-43.866375,11.880756,1.5404034,,,,,4610.0,0.15,-0.08,5902283528670778496,0.5790187580126307,0.061787866,0.05726016,0.14437509,0.10382891,-0.044253483,-43.757664,4641.4253,2.4371402
6003575315806698752,228.65863820561054,-42.7239207137694,-4.867390880569446,-6.791621257158886,0.7615388189335084,0.019361509,0.017428769,0.01731145,2.7628088,11.440175,1.3830299,,,,,4488.0,0.07,-0.08,6003575315806698752,0.6887109205759869,0.03770116,0.070748836,0.15445632,0.074640155,-0.098147005,2.845093,4632.256,2.4432178
5836269228575190784,241.4731427409465,-56.0915267767484,-2.723257553440897,-5.038077320059879,0.5023117796480963,0.016329797,0.013433191,0.015006377,-15.131481,12.872187,1.6493273,0.37679294,0.33985087,0.428852,3.00257,4777.0,0.49,-0.1,5836269228575190784,0.5807093376795939,-0.018644042,0.10954802,0.16975695,0.14261466,-0.16337222,-15.274485,4665.276,2.4650648
5887678883189477888,226.3151672654213,-54.15448636453211,-5.055267101302986,-2.828199202278626,0.6248911820404638,0.012442257,0.014030356,0.013203178,-32.750805,12.410529,1.6863422,,,,,4667.0,0.12,-0.13,5887678883189477888,0.5834353086545027,0.05237914,0.049286712,0.14080067,0.09691793,0.02473563,-32.578445,4756.1855,2.5038564
5938792739228440448,255.70504507452148,-48.16519835606449,-2.2684499081051124,-5.078059462651571,0.7201146877784342,0.017483465,0.013564853,0.012662272,-54.187233,12.564714,1.8896084,0.5018622,0.45120764,0.6301115,2.7026746,4614.0,0.14,-0.12,5938792739228440448,0.5820333625905825,0.04218345,0.087237716,0.14385864,0.12396297,-0.088319704,-54.052006,4711.0557,2.4832969
5877086978443829760,229.27079666364384,-58.30481804723389,-2.27465963241836,-7.073531751504886,0.8891448365937016,0.014233177,0.017853374,0.0142422775,-8.672754,12.452967,2.1108665,0.4551675,0.3646918,0.5202626,2.8019972,4405.0,0.14,-0.12,5877086978443829760,0.7286262064881162,0.057776533,0.09369613,0.27949312,0.11767778,-0.25807843,-8.084372,4577.43,2.4314084
5795845339883784960,233.78719821643332,-70.3697687880248,-7.289102001871653,-4.164575546053566,0.8462285874733281,0.008975285,0.012212574,0.011835864,38.61854,10.952978,1.4881296,,,,,4379.0,0.01,-0.08,5795845339883784960,0.6456142105772712,-0.008051008,0.085477754,0.24048862,0.05291857,-0.07552818,38.82025,4428.5513,2.2866817
5815182622669917056,255.76676341526903,-65.64267166001713,-3.162034901134505,-5.596921736358163,0.6672578024070037,0.011152473,0.012055246,0.015594381,-9.449157,11.119679,1.3997097,,,,,4475.0,0.12,-0.08,5815182622669917056,0.6061628322442086,0.03090769,0.08666997,0.27510843,0.11128315,-0.094783165,-6.835431,4590.3223,2.3995993
5425518484927862400,143.6023174050692,-41.962332973853265,-3.5929328725306298,-2.552727494495125,0.5850565610918946,0.010759478,0.012375566,0.01140532,35.673992,12.663045,2.120717,,,,,4241.0,0.02,0.03,5425518484927862400,0.5898004702087811,0.009253852,0.112829715,0.19270381,0.057790518,-0.022659462,36.122887,4194.8286,2.0599074
1744044661079764864,316.1853762542142,8.767232610248618,-2.624383152906373,-6.1067566287611825,0.8081006268809751,0.013855815,0.00977712,0.014962751,-1.0285548,12.147194,1.3322916,,,,,4546.0,0.02,-0.12,1744044661079764864,0.7130822472079537,-0.01700452,0.09787518,0.1657519,0.11347869,-0.04824803,-0.14070046,4628.9634,2.7952392
4140070640501473024,254.40944720730823,-14.677411312094048,-6.928197916492266,-6.668881215045581,0.5956470267311491,0.02290341,0.016845971,0.01910447,-33.508472,12.647272,2.2127237,,,,,4015.0,0.22,-0.06,4140070640501473024,0.5840510438305481,0.030222885,0.09948358,0.20840108,0.1274684,0.12905616,-33.78312,4204.425,1.9993637
6129529870327781760,181.21641218804018,-49.972248300480736,-3.3737586406193123,-2.5453442606748586,0.8010391594651202,0.018752374,0.017348856,0.022564644,-14.197967,11.499171,1.3977079,,,,,4468.0,0.16,-0.1,6129529870327781760,0.6835339434249188,-0.0064507797,0.07893309,0.2507788,0.13842288,-0.09994844,-14.171436,4565.6865,2.4673212
5833208596115198208,240.83354877737509,-59.62069661349901,-4.212793285890743,-5.35269272500524,0.44077060931562895,0.0138958935,0.013629894,0.012720063,-14.1447935,12.094138,1.7310524,0.653729,0.4422325,0.72103727,2.458353,4248.0,0.01,-0.04,5833208596115198208,0.5753634666984812,0.026518196,0.071578875,0.20102176,0.11406529,-0.02189774,-13.78569,4375.699,2.0029142
5931242118002921088,245.32739300482925,-57.3041161496343,-3.7373048614810873,-4.856761052584225,0.4442998765848925,0.015351733,0.012358062,0.01428825,0.5119074,12.618683,1.4730387,,,,,4650.0,0.09,-0.18,5931242118002921088,0.6872537661416248,-0.019770503,0.040211227,0.24669698,0.042500436,-0.06736363,0.98448485,4798.9736,2.6151426
5831225906109187968,246.9938946161779,-60.45276887780041,-3.89911001123437,-7.529408709194667,0.7091031479719171,0.016875535,0.014620189,0.016323844,-32.530487,13.905,1.2431269,,,,,,,,5831225906109187968,0.6019764901298404,-0.0074509457,0.042083878,0.25814316,0.14508566,-0.2387596,-33.272865,5064.4375,3.6181257
5877435935943037824,220.89558078371914,-61.84087228477006,-7.161788783955263,-4.228600519171626,0.38769250443995046,0.01704381,0.019797383,0.019446854,-31.679485,12.60601,2.1188784,,,,4.0009,4662.0,0.18,-0.18,5877435935943037824,0.596521009913212,0.06557938,0.028647006,0.16419363,0.10979083,0.34871316,-31.593874,4786.6475,2.2248118
5926073210756535040,257.8016593472083,-50.723528452799094,-2.5757501081124934,-5.554880522828325,0.5880446727088879,0.016062109,0.012816801,0.012912847,-63.113945,12.206668,1.7432003,,,,,4354.0,0.0,-0.11,5926073210756535040,0.5759134091563984,0.0123182535,0.1130735,0.1899611,0.075202316,-0.31933007,-57.064014,4415.3984,2.2287383
5926293323577997184,258.772817362627,-50.12743478107425,-3.1131668983921195,-6.53913909740055,0.46884900815759334,0.019982196,0.014111161,0.015175017,-80.115974,13.149989,1.7234497,0.45495215,0.40952143,0.5003829,2.8025298,,,,5926293323577997184,0.6585352085501659,0.0018544793,0.08237316,0.17040098,0.08975288,-0.12683739,-80.31838,4591.926,2.4387856
5927782302836001280,251.2440941713565,-56.55333597516581,-2.345777308959717,-4.9271894796329425,0.4659271497453364,0.01535034,0.012663802,0.014523077,-46.00707,12.660522,1.5331421,,,,,4497.0,0.2,-0.15,5927782302836001280,0.7073247869770484,-0.014910437,0.109392256,0.20034978,0.11373788,-0.11913029,-50.22492,4618.8765,2.4272413
5958342571362031232,263.2329063218358,-44.32868062740497,-3.8294077796025627,-5.38064311900602,0.541311206480863,0.021227514,0.015600028,0.019324644,40.50785,12.864212,1.6154671,,,,,,,,5958342571362031232,0.6372663011455734,0.010511197,0.08311896,0.23795784,0.074742705,-0.13752106,41.040367,4645.849,2.6521213
5993874045528636032,245.3546251823017,-40.825467586634424,-5.76445800553878,-2.7730830917257485,0.7540858484645891,0.028854305,0.016530704,0.028953983,-43.745743,12.925804,2.2258272,8.791096,3.7368479,10.614809,1.092103,4501.0,0.29,-0.09,5993874045528636032,0.6022858089494566,0.03263112,0.0907789,0.25778136,0.072256446,-0.3278132,-43.162117,4484.156,2.3747365
5960886566394395648,263.2523524158912,-40.2355653235743,-3.5348442991531153,-4.145920806069102,0.555964832346876,0.019879522,0.014104212,0.017293038,-37.607132,13.154118,1.9692459,0.5018618,0.45123333,0.5524901,2.7031431,4884.0,0.34,-0.22,5960886566394395648,0.6360978277064131,0.008588307,0.07693511,0.22379354,0.12178588,-0.1919573,-37.73215,4752.025,2.5945067
4153843539766147328,273.83311296674935,-11.717550624270773,-1.812052948585998,-4.127815992239284,0.7211973781452342,0.016767563,0.013908228,0.015822107,18.708227,13.143786,2.2848072,0.5018798,0.45121086,0.5525489,2.7024198,4445.0,0.15,-0.1,4153843539766147328,0.6800626046115167,-0.006655343,0.08408338,0.16521317,0.15028453,-0.11308642,18.198664,4606.581,2.4316256
4197415669449512960,286.9773497511862,-13.782768534010351,-2.405504125923421,-6.149263587369372,0.6773299291024988,0.014608193,0.011592212,0.013450577,-8.584307,11.481608,1.5723524,0.31769383,0.2782561,0.50391865,3.201877,4510.0,0.1,-0.09,4197415669449512960,0.6658936361926341,0.0055430755,0.06036597,0.18250963,0.11717203,-0.18494244,-8.673136,4549.125,2.3487911
5835750740119209600,239.9595866984367,-57.72212749824137,-7.167895471505259,-6.4007467629059605,0.3813742156192829,0.016918829,0.01510089,0.016058458,-62.504807,13.400471,1.6645231,0.37674809,0.33981028,0.4136862,3.0026839,,,,5835750740119209600,0.5890698696306053,0.03924557,0.055541072,0.14050305,0.09239718,-0.0024968646,-55.33835,4686.3975,2.4581068
5914723398900246144,252.34753106979224,-60.499712155683284,-1.7869065098625316,-5.069100568705059,0.5415306299177762,0.0109472005,0.011225672,0.013288421,-51.416508,12.690726,1.5148067,,,,,4397.0,0.12,-0.08,5914723398900246144,0.6546298348392019,0.006656185,0.07705119,0.19409549,0.14626127,-0.13415956,-52.02977,4597.008,2.5948582
5919377704646989312,262.5200058346625,-56.44844890282415,-6.382311273956417,-5.670699161736882,0.8844940369532939,0.012978157,0.012827786,0.015569872,28.76718,10.77234,1.3353653,,,,,4609.0,0.02,-0.07,5919377704646989312,0.5890172550160729,0.007751532,0.069150776,0.13768218,0.10468754,0.12442162,29.053032,4720.102,2.4772594
5819328056394928384,241.92537107749445,-69.94683670852093,-6.074483559885353,-4.087621542328687,0.847198583707424,0.009711277,0.01258337,0.014671419,26.608517,11.140283,1.353282,,,,,4568.0,0.17,-0.13,5819328056394928384,0.6236216018385602,0.002980478,0.057290595,0.20188263,0.10357955,-0.11842935,26.605684,4630.7534,2.449246
3060960180400046848,114.72850575210684,-2.330057416022954,-4.802392623281648,-5.766417766374316,0.8065144100529058,0.022518102,0.014996319,0.022186816,37.369606,10.984326,1.4613199,,,,,4361.0,0.02,-0.08,3060960180400046848,0.6517868083637776,-0.0110448,0.1102771,0.22502139,0.087272376,-0.071210995,37.388165,4433.3726,2.2810054
6237810801911330048,233.08489374761012,-25.97411029493371,-7.377078318049193,-5.257040323953314,0.7591252108652209,0.01722209,0.013480029,0.01344472,-51.701202,11.868161,1.6097383,,,,,4494.0,0.04,-0.12,6237810801911330048,0.6349141040564115,0.059188433,0.063843325,0.19969791,0.09929347,-0.17577213,-51.427845,4618.4263,2.4410534
5974162039742253952,261.5454761643152,-37.34698962144556,-4.226722625188824,-8.24190748321649,0.7006952656555978,0.02837312,0.019820135,0.02149908,-38.136795,12.941442,1.9699297,0.45487565,0.40941796,0.5206357,2.8019779,4910.0,0.43,-0.15,5974162039742253952,0.6338941149990969,-0.023319937,0.029473443,0.22187287,0.13739914,-0.055000033,-39.05268,4877.913,2.756811
6730410359255054208,280.92524166418144,-37.10196297366099,-2.150575509396895,-5.620201461916284,0.8635124102762026,0.016352957,0.0132156825,0.015680145,-5.612425,11.161025,1.3959599,4.3095336,3.8343363,5.290181,1.3312955,4490.0,0.14,-0.11,6730410359255054208,0.6977836183747916,0.0146752,0.0896603,0.21774489,0.11647633,-0.14929385,-5.648738,4596.864,2.4314542
4073373234370901120,281.2076386945582,-25.692662926624216,-2.561984480670834,-6.651024862214927,0.7936807593917353,0.013783531,0.011231526,0.013643752,38.148224,12.246076,1.6125784,,,,,4683.0,0.25,-0.16,4073373234370901120,0.6187794576051965,-0.008420661,0.061361674,0.2414796,0.07951304,-0.19484377,38.035892,4576.551,2.637469
6760292340841647872,283.44114595709306,-31.283364532802995,-4.335090426763345,-5.563361237534817,0.8164976755451523,0.022217363,0.016570458,0.020842975,-35.65413,11.369431,1.392971,0.45498717,0.40953973,0.5659625,2.802187,4605.0,0.15,-0.13,6760292340841647872,0.597524364209184,0.05353617,0.07078855,0.14171946,0.11029738,0.0008509755,-35.062244,4648.5537,2.4554586
5891974748175586048,214.7116061260375,-57.44059481959384,-3.4779788144363017,-3.0927042355389833,0.39716505801033863,0.011334894,0.013116409,0.014459979,-7.335912,13.578618,1.850975,,,,,,,,5891974748175586048,0.6003779829857216,0.017407797,0.07570447,0.15429944,0.05157788,-0.008944798,-7.344815,4723.529,2.4947796
5900820628454177792,226.73341346406826,-50.11270214032368,-5.724327143946893,-3.4732946226289023,0.36119089583370084,0.01861689,0.019767178,0.014423751,7.9665837,13.404442,1.7038927,,,,,,,,5900820628454177792,0.6713253925208186,0.018174253,0.04934479,0.27846196,0.07659075,-0.17899549,10.13028,4534.5557,2.4038744
6076322647238243840,185.3500432933078,-53.868994879390335,-5.820026183712678,-2.8761028805719953,0.7035335542724382,0.009855544,0.010820054,0.013704948,-28.642761,11.994175,1.4632607,,,,,4496.0,0.03,-0.12,6076322647238243840,0.7262231308315714,0.0034078583,0.038428467,0.15041882,0.04629785,-0.037258,-28.250353,4593.0728,2.5528738
5938874859000266112,254.7589650114737,-48.22745866246138,-2.6022445478756575,-3.7072190710852677,0.5221178465882482,0.019678144,0.016430302,0.016201084,-46.14052,13.185555,1.7946749,0.5024104,0.4517108,0.55311,2.701875,,,,5938874859000266112,0.6000323347839621,0.036091834,0.052432444,0.14914721,0.1170603,0.14559379,-46.557312,4827.9814,2.7335145
5981627788097307648,240.0786859564084,-51.83141629749155,-4.542474438559333,-2.372681250519639,0.6494844327254566,0.015120154,0.0136592565,0.014426591,-42.202007,13.041238,2.1225777,,,,,4382.0,0.18,-0.12,5981627788097307648,0.6951072471282688,0.02057825,0.061835166,0.28713095,0.14393935,-0.22849917,-41.893406,4494.7114,2.3809261
5982572307274061312,237.93244442771422,-50.238746275007266,-3.573039811994739,-6.236997378154732,0.7186476857150741,0.017619612,0.01959181,0.016166203,-60.27421,13.430782,1.7604618,,,,,,,,5982572307274061312,0.6790842069336827,-0.01803042,0.07240224,0.19057785,0.11059171,-0.30775952,-60.323193,4803.588,3.0044453
5833799244388630656,235.1661607874195,-59.75920946531305,-2.0971903367855873,-6.0339808589549335,0.866214081432247,0.01725768,0.016252983,0.015883828,-31.289768,13.297088,1.6757402,,,,,,,,5833799244388630656,0.7004444338125174,0.025155604,0.078409046,0.2484999,0.13615015,-0.12432745,-30.574512,4615.5913,2.97002
5879142824668490880,221.98006831690068,-58.644262996336856,-4.058488918757439,-3.980083479053171,0.5941232581463108,0.0146393245,0.019007603,0.01601105,-25.504948,12.883398,1.8920956,,,,,4626.0,0.24,-0.13,5879142824668490880,0.6767815152882632,0.0064615235,0.072122544,0.2089648,0.13147485,-0.1587871,-25.557184,4683.1255,2.4793375
4115710479349843328,257.2098587284815,-21.136548568066875,-3.0702775683056407,-5.427373101678922,0.8400650945230891,0.02064553,0.015920948,0.018714419,-27.40922,11.83458,1.7219009,0.94488055,0.36818045,4.201377,2.1581752,4523.0,0.11,-0.15,4115710479349843328,0.577523038103395,0.036684453,0.055843364,0.1986835,0.096452326,-0.07667774,-28.101456,4610.1753,2.4358702
4073147044212181504,282.34086382968087,-25.822403672865715,-2.847344636739447,-7.241294548173031,0.5825818036896678,0.017061751,0.014226097,0.016745765,-2.0329282,12.57994,1.6020136,,,,,,,,4073147044212181504,0.6834303095047148,0.010368362,0.10468222,0.20649725,0.14109048,-0.11623645,-2.7276826,4549.903,2.4257839
4104313972615595008,276.2050746200523,-14.13164734256222,-2.8358757338194547,-3.3609121093475323,0.8768361929102276,0.016013782,0.012523734,0.013946646,-25.248774,11.803052,1.7622623,0.3768512,0.339916,0.41378647,3.0027544,4505.0,0.12,-0.11,4104313972615595008,0.6181663926731127,0.000952512,0.066598445,0.2500218,0.15428093,-0.09956981,-24.752981,4600.5635,2.4423845
4241532577081151488,297.3046592602434,2.7112563816589166,-5.7625282174012575,-7.772769489454982,0.733574456019668,0.01588857,0.012367466,0.016952323,-17.163258,13.621253,1.3906603,10.28728,9.399741,11.174916,1.0406013,,,,4241532577081151488,0.7173462402873726,0.032274358,0.0687301,0.22665146,0.08702305,-0.23791361,-16.58836,4904.7417,3.3547375
6085248340880026112,197.01035629262353,-48.359756026489414,-7.397480047903515,-4.649152349731084,0.6008309421287201,0.01263279,0.009534709,0.014808695,2.4010713,12.167278,1.4628277,,,,,4530.0,0.16,-0.1,6085248340880026112,0.694949464245444,0.05004292,0.1199038,0.17902225,0.059920654,-0.19388011,2.8070104,4594.232,2.4333668
5835467409708009472,243.41354156732882,-56.34617515001972,-1.7898307131615485,-5.32619609635051,0.47085029863444233,0.018230429,0.014711391,0.015888017,13.257648,13.016554,1.7669439,,,,,,,,5835467409708009472,0.6102163994570723,0.0014203936,0.06454411,0.21494257,0.10592991,-0.07111297,15.26126,4650.045,2.4491944
5937808057844427136,250.140597243274,-49.67437755932711,-2.4353811962067358,-4.280130472035275,0.3935631156521514,0.031287495,0.022137618,0.027313624,-27.303173,11.602556,2.2047997,,,,,4615.0,0.26,-0.17,5937808057844427136,0.5840484668110596,-0.012631297,0.07047789,0.17790808,0.10793823,0.4037932,-25.959095,4463.9346,1.7458458
5826285280633616768,236.27137098549846,-63.506884109565554,-6.939236256557763,-7.0395606403974815,0.3775010748787926,0.029085038,0.045825023,0.041550912,-55.81873,13.167435,1.5252762,0.5577808,0.43873125,0.64351153,2.603223,4451.0,0.18,-0.08,5826285280633616768,0.6809928646368109,0.07143866,0.0780361,0.21520123,0.11083865,-0.098659515,-55.18677,4586.2935,2.4076033
5865525995949523072,207.25173508271166,-62.41354690334604,-4.5407950930093355,-3.1045639470710333,0.43094714755846575,0.010619693,0.011794944,0.015293841,-21.167263,13.493603,1.8281813,0.37677222,0.33981648,0.41372818,3.0021982,,,,5865525995949523072,0.6603963898270083,-0.02472167,0.10922535,0.16879143,0.052608997,-0.24159512,-21.356665,4874.69,2.662756
5873164784288864256,225.75133989553763,-64.2553402929684,-2.475467031977283,-4.1929947087371255,0.651489557408077,0.005411529,0.013680088,0.014533909,10.159171,12.725024,1.9988422,,,,,4610.0,0.13,-0.13,5873164784288864256,0.5945797649047746,0.019062117,0.05746155,0.16085497,0.12442061,0.023736805,10.311954,4610.6133,2.429757
5911031621111618176,269.0963062375193,-62.616321119468964,-2.967354912007756,-6.983563922574551,0.5023054077494261,0.009329413,0.010911423,0.018959759,-20.750315,12.104529,1.4365311,,,,,4389.0,0.04,-0.1,5911031621111618176,0.7001418285214106,0.0506716,0.0955839,0.17940629,0.13641101,-0.06493888,-20.481657,4583.648,2.4143271
5912347599096838144,264.28391693589924,-60.34184438818062,-4.6605710802827796,-6.018385729244752,0.7667139651228971,0.0142552415,0.015922325,0.019354785,-14.648879,11.355343,1.3880701,,,,,4502.0,0.08,-0.08,5912347599096838144,0.6723695026099654,0.042127855,0.060620304,0.16934812,0.09140673,-0.042025924,-13.853632,4607.4966,2.4219582
5814588852038983040,254.14890428578286,-67.61750800136348,-5.747638398221171,-6.150133286294439,0.7697143954155411,0.021576382,0.026606448,0.031849835,-15.999742,11.435758,1.3789787,,,,,4481.0,0.07,-0.1,5814588852038983040,0.6493924445387325,0.023992524,0.0341689,0.25751406,0.09766176,0.066821955,-15.622156,4583.9653,2.4442165
2701010928506167296,327.89779948093627,8.070428317702586,-2.0669873563643297,-3.9946309728077734,0.4038029211325232,0.020005671,0.016082125,0.016405908,-19.828884,12.696862,1.3801365,,,,,4292.0,0.28,-0.07,2701010928506167296,0.6844620512153623,0.04267294,0.109722495,0.19003174,0.11173421,-0.0107751675,-19.80476,4530.1333,2.4014223
6025038676131279360,245.67587945699879,-32.63402465883939,-1.8306922590393502,-4.393675588054485,0.40917137308636875,0.020623513,0.015452646,0.017785415,-23.109505,13.201653,1.8065243,,,,,,,,6025038676131279360,0.6296342634647516,0.01620949,0.04214387,0.14176172,0.09597561,0.04210165,-23.709513,4551.9824,2.3834894
6253786607084977920,233.6022447177002,-19.829873299317665,-4.021717254240896,-4.272593429346248,0.6063567493548785,0.016775811,0.012678413,0.01686149,-34.91294,12.244437,1.4671373,,,,,4458.0,0.24,-0.1,6253786607084977920,0.6676663559297988,0.07266431,0.08452563,0.2343708,0.055345774,-0.11580525,-36.502037,4518.429,2.453812
6733708898456246400,280.39708577514955,-35.436571425278466,-2.0433615343681875,-5.009866993989212,0.748896694640737,0.016315639,0.013371406,0.01586129,21.079384,11.376851,1.3989382,,,,,4476.0,0.27,-0.09,6733708898456246400,0.6684512710812192,0.047890224,0.06552979,0.26573905,0.08532202,-0.17929918,21.188824,4574.499,2.4297822
6763546379850294912,285.9932208385536,-27.00258935774814,-3.2489333526175233,-5.237719519039389,0.3179465463757955,0.01703147,0.013731314,0.016455477,-10.180292,13.289395,1.5045471,0.6197782,0.5560978,0.68345857,2.5041776,,,,6763546379850294912,0.6607296430006506,0.021524966,0.056766506,0.16297603,0.119514674,-0.07401436,-10.043592,4564.5483,2.4075947
5890341865995363968,232.89217236495102,-49.69695576052197,-2.2367677136485367,-3.855432869913394,0.6688800959497585,0.013407131,0.015034803,0.017283715,-3.7356942,13.389965,1.490654,6.907452,6.232904,7.546325,1.1613771,,,,5890341865995363968,0.6392447860885331,-0.006811619,0.095746696,0.23719671,0.1065591,-0.27259004,-3.9042678,4815.0527,3.1378558
5988301759286499328,239.6565224210137,-44.87524879973843,-5.663495710131707,-6.337044138126709,0.5522841087592565,0.014708135,0.011405633,0.013451376,-42.47521,12.702608,1.7276173,,,,,4634.0,0.12,-0.2,5988301759286499328,0.599783743813174,0.021132126,0.04088952,0.22884977,0.06973261,-0.1770715,-42.289726,4721.3403,2.527402
5938727524442199808,256.5090719213153,-48.4121739509711,-1.8461367694389814,-5.164835388713212,0.5125701863266496,0.01719044,0.0135674905,0.012923314,-36.270077,12.500621,1.7538652,,,,,4428.0,0.2,-0.09,5938727524442199808,0.623747417964433,-0.013350926,0.08252683,0.28026345,0.09321368,-0.24654806,-37.30267,4496.526,2.350203
5941502313834430848,245.81719066311874,-48.52150780623156,-3.0208367879464344,-3.653159916731818,0.4718744541932329,0.01965614,0.014121432,0.017068513,-30.638569,13.347406,1.9784384,0.3175339,0.28708407,0.3479838,3.2023716,4747.0,0.21,-0.05,5941502313834430848,0.6273848221812584,-0.016783051,0.047138516,0.17544687,0.12155685,-0.057646774,-31.140877,4764.251,2.509632
5992377300965796224,244.82677423762962,-43.38809209446581,-5.419980294420254,-5.340287356486101,0.4220271765870238,0.018917238,0.0134892715,0.018884558,-62.798786,12.933751,2.2607126,,,,,4217.0,0.06,-0.09,5992377300965796224,0.5977147517326472,-0.020096228,0.085201904,0.25356787,0.075914174,0.08604609,-65.2508,4136.055,1.8047787
5886314737167674368,228.84546759700333,-56.526804813804674,-4.912158163490408,-3.5507756755873534,0.6285259478254934,0.015432807,0.016211312,0.01457483,-14.710629,12.919932,1.93958,,,,,4595.0,0.01,-0.14,5886314737167674368,0.5863167736081588,0.019938588,0.0659882,0.21613786,0.068779886,-0.1982373,-14.167664,4655.8315,2.4740202
5924930921256016768,260.23957055464973,-52.42140860919762,-3.501577563983536,-4.711393673830889,0.34444259571500657,0.016059518,0.013250301,0.01687986,22.021828,13.164409,1.541213,0.3769405,0.33999965,0.41388136,3.0026026,4584.0,0.33,-0.1,5924930921256016768,0.7120708434457411,-0.009101525,0.09645027,0.20463422,0.15342462,-0.039904617,21.97922,4554.3984,2.3927133
5926474944816390784,257.6425955521685,-50.16141461397746,-4.3096217711199305,-5.042155501782368,0.5998572584566005,0.016143039,0.013049716,0.012787075,-28.377125,12.512166,1.7056694,,,,,4463.0,0.09,-0.05,5926474944816390784,0.5741204299940129,0.060251974,0.08757597,0.24095964,0.12887219,-0.2736302,-28.030933,4516.536,2.3900585
5793920949707370240,234.54465207003065,-74.82024946429513,-6.063615604935787,-3.6590453670269727,0.5215006278838872,0.008003754,0.010046135,0.010447246,-7.5785985,12.302826,1.4337635,,,,,4608.0,0.32,-0.1,5793920949707370240,0.6400923406417575,0.011927322,0.051284317,0.28476962,0.078541785,-0.15463054,-8.427993,4575.075,2.432743
5794457172088072576,237.27337843830088,-73.5542477092762,-6.574044603829349,-4.1134413030446915,0.7447791471380122,0.011346829,0.0148506425,0.01370153,-11.874789,11.556134,1.4183092,,,,,4420.0,0.11,-0.1,5794457172088072576,0.6002658942819298,-0.0040892065,0.062057402,0.27678964,0.08128676,-0.17845362,-11.66966,4498.0024,2.398519
5819203571065125632,237.64644444825427,-69.70232064781683,-5.453150646895075,-5.572246247231272,0.7730922852767258,0.010762998,0.012848092,0.014315762,-9.133338,11.166607,1.2967014,,,,,4643.0,0.13,-0.11,5819203571065125632,0.6513578218490754,0.069155194,0.094627485,0.19619715,0.045363024,-0.06720858,-7.9593115,4733.4897,2.5062037
5828882159619889536,242.18250348879192,-64.09067368726859,-4.016168111263522,-4.138186274806334,0.31052750472084784,0.009150698,0.011745777,0.01255145,-31.370317,13.225278,1.4083385,0.5562047,0.49955422,0.64143175,2.6037493,,,,5828882159619889536,0.6456450034720853,0.0036929771,0.09474024,0.20709279,0.1261802,-0.059725173,-31.1912,4603.3765,2.4413157
5829702979422587520,242.39995249886707,-62.050878538118134,-3.0931703038871916,-6.363641001896981,0.6586690100715158,0.013544819,0.013022007,0.012340391,-49.179794,11.897858,1.4384689,,,,,4537.0,0.06,-0.08,5829702979422587520,0.633025131971609,-0.021051697,0.04865988,0.13289738,0.09489125,-0.09191436,-45.2098,4569.836,2.4078443
3467063352709149312,177.94892527210794,-32.23450309484244,-5.414515119415108,-7.031155724706489,0.852761622261814,0.015706355,0.010612191,0.013713327,46.509132,11.99365,1.4083147,,,,,4539.0,0.2,-0.07,3467063352709149312,0.7237869266838781,-0.021659747,0.12014072,0.20874077,0.09229857,0.024598695,46.703976,4543.4116,2.6921532
5954699309549965440,267.0157322507723,-44.85894880378928,-4.3810820429123,-3.8349794419581604,0.3084432968895241,0.016279811,0.01117273,0.0148046585,28.556913,13.371185,1.5228138,3.2810278,2.9394107,3.6260326,1.4417353,,,,5954699309549965440,0.6154214518476487,0.038597867,0.04601643,0.13793258,0.06573573,-0.094071455,29.143316,4602.52,2.4152923
6020592491638888320,248.0711501193148,-35.38299829646926,-3.8538771354030463,-2.84485088870743,0.5492611159606167,0.023075735,0.019077133,0.016951442,-59.101147,13.238048,2.0696049,,,,,4644.0,0.12,-0.12,6020592491638888320,0.6640908759669883,0.0514505,0.06990011,0.1535599,0.04489474,-0.21361935,-58.65626,4719.9126,2.4782004
4078837326121897856,283.22124062704,-21.766591783419564,-2.0454245843530874,-3.751979370132987,0.7600599774863908,0.018063998,0.015352177,0.01730563,58.64313,11.404741,1.4976501,0.45446414,0.40910733,0.625744,2.804052,4534.0,0.09,-0.12,4078837326121897856,0.6689593796198071,0.015053242,0.05648465,0.22982574,0.13375652,0.030145526,58.16811,4723.8677,2.524771
5890051255655332096,230.85196195667285,-50.50622134577231,-4.523723237188255,-3.4653667510223096,0.4518337834649189,0.014810221,0.018581992,0.015911888,-0.1411153,13.5219755,1.7605467,4.5392904,4.0800076,4.9831944,1.3111004,,,,5890051255655332096,0.6607170413265714,0.0037900358,0.08795071,0.2709264,0.07588947,-0.09738817,-0.5261035,4571.4873,2.6320066
5905240459016843648,223.86135904166585,-47.626579413176884,-2.8438006234916973,-2.9844422599101454,0.47421595366615665,0.0155061,0.01474014,0.015029079,-12.241634,13.293974,1.4490538,5.1634064,4.104105,5.6614904,1.2622687,,,,5905240459016843648,0.6459391797030251,0.02239047,0.104467675,0.16164508,0.08268708,-0.20446247,-12.06623,4643.793,2.7882168
5999313058989560704,230.45474629512734,-45.64922758726986,-2.505176574319,-6.340184252238421,0.3535378618362797,0.02413592,0.020017458,0.023267558,-36.973415,12.989452,1.5695591,0.3454687,0.31198803,0.3789494,3.1026683,4606.0,0.3,-0.05,5999313058989560704,0.6783598265300113,-0.018210381,0.076325566,0.15812527,0.12038317,-0.09034891,-36.181065,4569.703,2.3878396
5835225993790852480,244.41164076995284,-57.21983553761135,-4.5748541415189665,-4.8990744394839485,0.6386317751262716,0.014244695,0.011055732,0.012618438,-7.2502165,12.260832,1.6600428,,,,,4474.0,0.09,-0.1,5835225993790852480,0.6939031587220003,0.04405839,0.11579414,0.13702548,0.1392034,-0.24542171,-4.416251,4582.5015,2.4059877
5825811013160707072,233.82055452871776,-64.73174123237793,-5.716125710587069,-5.522419948356738,0.6058069025793555,0.0069732415,0.0108060725,0.013016373,-9.390998,12.212426,1.4773645,,,,,4484.0,0.08,-0.09,5825811013160707072,0.7084009655313868,0.02517759,0.10906187,0.1543625,0.074531496,-0.15162107,-8.58378,4575.606,2.4157634
5822011139657230848,243.56403811138725,-65.46632030270247,-3.678724032409868,-6.508598924068771,0.7451355596897097,0.013228893,0.023362532,0.027407924,-59.362385,11.354984,1.4529629,,,,,4432.0,0.24,-0.09,5822011139657230848,0.7261222395345216,-0.018871889,0.09548235,0.28311518,0.11106491,-0.038828347,-59.10435,4416.1577,2.327402
5959547606102825856,261.05118913225624,-42.273009523882266,-5.842731819365578,-5.294271944157524,0.6705055051400146,0.02119508,0.015517633,0.014914772,-64.38125,12.360411,1.8204727,,,,,4425.0,0.03,-0.1,5959547606102825856,0.6838598417664519,0.040546276,0.06340937,0.14138342,0.14836502,-0.33671957,-64.38843,4478.6055,2.3459709
6716686259418879744,283.92133659030793,-40.54934131150939,-2.3093771939525407,-4.697614421595229,0.771103607330832,0.017383445,0.015555542,0.015577705,-35.757305,11.33724,1.3733263,,,,,4483.0,0.13,-0.08,6716686259418879744,0.6939939867668129,-0.02377062,0.08210273,0.19763774,0.083538264,-0.10992123,-35.198986,4567.86,2.409876
6725174523571291264,272.0526134191985,-41.93076192865917,-2.6960242949719264,-5.514522426587995,0.47105079601570643,0.015309049,0.01150463,0.015284911,-102.67459,12.498404,1.3725376,,,,,4678.0,0.52,-0.1,6725174523571291264,0.6856207193908795,0.046859942,0.06583843,0.19881582,0.13371527,-0.05252137,-103.07408,4602.333,2.4463084
4263438151560514304,291.4480314320978,-0.09242096260891262,-3.098647144101535,-6.801729564734172,0.3274914069876087,0.014267259,0.011929901,0.0131214475,54.135952,13.093873,1.5481157,,,,,,,,4263438151560514304,0.5798320199097148,0.0063353926,0.12295671,0.23704958,0.11367911,0.11866512,53.62895,4691.6826,2.4963589
5940457434187703040,249.45545121472674,-49.43252379110777,-3.764735169541101,-4.264463302336911,0.5663334893661313,0.025729772,0.017238645,0.024499422,-43.211327,12.507194,2.30904,,,,3.9591532,4451.0,-0.01,-0.14,5940457434187703040,0.6530243528295605,0.0707996,0.12567486,0.16383103,0.11541271,0.12528405,-44.79812,4586.0156,2.1997964
5990700923687542912,244.0265099801636,-44.707238886393604,-3.5160246880883124,-3.407853009718857,0.6675258243196515,0.014720533,0.011195777,0.016097568,-31.207018,12.45369,1.7049189,,,,,4656.0,0.09,-0.17,5990700923687542912,0.6011661531084032,-0.023466244,0.04269137,0.19214492,0.045687944,-0.13146046,-30.82589,4762.0903,2.6017842
5831903239642680832,245.14039076843156,-59.31209125236797,-4.3773347896948,-5.254463683236662,0.46002915077638146,0.016248545,0.015234194,0.013477066,-61.318714,12.820831,1.6183968,,,,,4555.0,0.26,-0.1,5831903239642680832,0.6607058109152271,0.016477674,0.11483444,0.16263667,0.13214904,-0.16765672,-64.601006,4454.2803,2.3391232
5833826315491067008,236.3093553215645,-59.36681274779001,-4.3669000778613745,-4.78361732599722,0.5772425679017273,0.013297367,0.012129415,0.011882042,-34.48168,12.669876,1.8673315,0.45432252,0.39295995,0.49971345,2.8033483,4466.0,0.19,-0.12,5833826315491067008,0.6512588806599375,0.013178602,0.06281182,0.24638453,0.073753834,-0.13449141,-33.412785,4548.827,2.4165947
5821531649499595904,245.75335708783973,-67.03894194284081,-2.2204772842810936,-5.995946006925466,0.6743164910440358,0.014021583,0.021470048,0.02519652,-15.159563,11.51586,1.4058275,,,,,4537.0,0.15,-0.07,5821531649499595904,0.581191183626072,0.01885432,0.058122303,0.25061768,0.06288019,-0.084557876,-14.564273,4566.7915,2.4073806
5863877450121136384,205.9175606722202,-64.9086768617915,-7.20394420706643,-4.811934114846055,0.6590424983502434,0.023600893,0.034917958,0.029182736,-17.11552,12.355438,1.4601192,,,,,4773.0,0.2,-0.16,5863877450121136384,0.6354202036921631,-0.001173541,0.0655067,0.13272235,0.037216306,0.023229428,-17.92392,4763.5225,2.759588
5955301803237736192,264.2744018236353,-44.37068576247333,-1.6971116315948385,-4.333708911220047,0.6522807819194503,0.02019954,0.012629751,0.018499698,21.256079,12.925935,1.5970278,1.0847985,0.95011955,2.57855,2.0565672,4671.0,0.15,-0.09,5955301803237736192,0.7201629912132538,0.0063391775,0.058262717,0.16439724,0.0703606,-0.045451596,22.59831,4712.736,2.7683837
5957199869545632384,266.68109103381204,-42.45302571470206,-1.7397194168118777,-4.756276397399623,0.5111728446446491,0.015813647,0.010349882,0.015465228,-8.754099,12.721024,1.6104841,,,,,4802.0,0.57,-0.13,5957199869545632384,0.7032980421977462,0.058100916,0.09644535,0.28452,0.08840504,-0.17361818,-9.204698,4572.5586,2.4321864
5972404569165222400,260.4771383780749,-39.21241015043346,-1.7029237669943258,-5.879196130223093,0.5198658367781714,0.024003886,0.01879219,0.021568883,-37.36011,12.874979,2.3551216,0.2924776,0.26470122,0.32025397,3.3019848,4557.0,0.26,-0.1,5972404569165222400,0.6158026513723395,0.0098897815,0.12335195,0.2142367,0.0451784,0.11205345,-37.324764,4603.898,2.2501643
6733014625584687232,278.4141186745858,-37.46958206424149,-4.089377179331345,-3.760518228030959,0.9036197782522106,0.01989674,0.015264575,0.017633595,3.7106607,11.023397,1.4200268,,,,,,,,6733014625584687232,0.693291405532467,0.0052818134,0.08781639,0.2590617,0.06914374,-0.1625841,3.9528944,4521.006,2.3952196
4074709832513794688,282.2536018431312,-25.392736486779835,-2.5066569577676736,-3.1712839439612472,0.3810989102937786,0.019346403,0.01783,0.01629226,-18.050207,13.266551,1.6891966,,,,,,,,4074709832513794688,0.5913116417123626,0.0511365,0.064512804,0.2757636,0.05951026,-0.088019125,-16.47188,4531.3535,2.3990228
5901385532583069568,223.58101517455322,-49.981725203019145,-6.027027750981732,-6.0616538696032265,0.3754485907892595,0.016689083,0.015939826,0.015661957,-94.26809,13.204146,1.7151031,,,,,,,,5901385532583069568,0.6171710305084499,0.015901797,0.118947744,0.22138521,0.0802117,-0.09953646,-94.96824,4420.2344,2.3208244
5933909430136506496,245.4572695864962,-52.217761902515804,-3.0297094067457455,-6.6156338204735645,0.384476865081451,0.017222391,0.013950764,0.016678033,-43.88448,13.313166,1.6613684,0.3767974,0.339866,0.41372883,3.0028589,4734.0,0.2,-0.04,5933909430136506496,0.5940989210499692,0.03102909,0.07192998,0.18337047,0.09932092,-0.060405035,-45.78108,4722.1133,2.4871976
5876843715842148224,230.8764605757679,-58.66627494162452,-5.4043802849575275,-5.558079860639973,0.8635330936389092,0.0142288385,0.01392962,0.013695152,-9.669722,12.365175,2.17904,0.2926493,0.26488644,0.32041225,3.3025181,4436.0,0.11,-0.09,5876843715842148224,0.5851937383231287,0.020020954,0.078962535,0.278385,0.08558324,-0.3137273,-11.189165,4501.206,2.3607044
6719722006725098368,271.4621966657078,-46.253327782867856,-2.1606276447060826,-3.563794605979739,0.7070671204888589,0.015806332,0.012545566,0.016480457,12.810319,11.066969,1.5428886,0.2928436,0.26507682,0.4158815,3.3023624,4364.0,0.04,-0.06,6719722006725098368,0.5968182164250332,-0.020239972,0.12036395,0.269935,0.07295632,-0.22129327,12.945383,4345.788,2.1293497
6018974457193851776,247.63037176754108,-36.502124406567106,-3.800893109800371,-7.842487499184315,0.60692029936028,0.02336195,0.019605707,0.020761063,-38.04334,12.951769,1.9848347,,,,,4590.0,0.29,-0.13,6018974457193851776,0.6680156398176634,0.038808763,0.070644334,0.2068761,0.12853584,-0.14195709,-37.945152,4632.5596,2.4522297
6723146302564571264,276.4959386611417,-41.44065774105395,-3.675184681499585,-6.335258745548121,0.8850819192032625,0.01700003,0.013399643,0.01784935,12.417569,10.988221,1.2395144,,,,,4727.0,0.26,-0.16,6723146302564571264,0.5737095878050694,0.02191212,0.051157247,0.17810968,0.13186422,-0.049581263,15.316963,4810.1797,2.7492445
4073480952148771200,281.3598677521554,-25.020868011776688,-1.8509109582462295,-6.548564465955844,0.6135848056759217,0.017542493,0.013205818,0.016020332,-53.06558,12.342891,1.5558357,,,,,4513.0,0.07,-0.15,4073480952148771200,0.6938523354855898,0.039799377,0.1146421,0.17626065,0.09363574,-0.13419741,-53.311787,4591.782,2.4371815
5903836073438280448,229.40147386054264,-46.726046507444686,-4.957110667358979,-2.8686615488038223,0.42686924509079044,0.016600437,0.014134666,0.015014315,27.483633,12.957763,1.4745531,,,,,4725.0,0.47,-0.08,5903836073438280448,0.6108221839417479,0.027072117,0.08966631,0.20516837,0.047735304,-0.11062437,28.498901,4603.3384,2.4583364
5831978556195748352,244.73243175478243,-58.79231784165007,-4.98983546101671,-6.9444129322124795,0.5053582773272444,0.013973732,0.013127065,0.01271882,8.708311,12.58479,1.5366364,,,,,4618.0,0.17,-0.1,5831978556195748352,0.63516870405772,0.0016158894,0.09754655,0.15677065,0.1351673,0.022717588,9.161386,4676.8994,2.4689772
5912668450334250624,265.23396454071826,-60.25278436766502,-4.652770825475547,-7.2133678809759605,0.8116567058460606,0.01900657,0.020041997,0.026841419,-26.292145,11.373401,1.3979473,,,,,4409.0,-0.04,-0.08,5912668450334250624,0.6808933842147955,-0.021946862,0.06762414,0.18935515,0.059292868,-0.16655914,-25.732338,4582.8438,2.4313648
5938061838874660096,255.90366643005106,-50.240190329309,-5.84287992137685,-5.877917813157239,0.5033467998331174,0.017077459,0.0153706195,0.014915578,-33.461308,12.884922,1.7574272,0.37690443,0.33995917,0.42866,3.0024836,4463.0,0.28,-0.15,5938061838874660096,0.7121211367863335,-0.0143033415,0.12526354,0.26421726,0.10584825,-0.1206933,-33.625984,4540.611,2.402877
5949865753355542784,263.2800691760362,-48.8991367151719,-2.6311295521481215,-4.1829487272049155,0.5608066753024006,0.015995536,0.009508752,0.013787261,-38.758774,12.147883,1.5267029,0.50176245,0.45115733,0.55236757,2.7035553,4494.0,0.2,-0.13,5949865753355542784,0.6854645263939022,0.010360919,0.103962526,0.15156853,0.10873771,-0.17826657,-42.07517,4471.7275,2.3450801
5796046584872816640,232.17794555701053,-70.2051308415499,-3.480861727027035,-4.9306713122921195,0.7326900708425106,0.00985876,0.011555881,0.01262269,-25.27449,11.694324,1.422082,,,,,4417.0,0.14,-0.09,5796046584872816640,0.6655431600586413,0.0062373355,0.09015174,0.13602409,0.060411558,-0.051532708,-25.057425,4484.796,2.4173634
6653438429278729600,272.08894910688167,-53.80000261650554,-6.189917935567069,-3.258137330132339,0.8233983431065444,0.016496498,0.015001152,0.019829115,-9.381532,11.563555,1.4811945,,,,,4462.0,0.14,-0.07,6653438429278729600,0.5931440509892425,0.03413505,0.04633445,0.2395739,0.0550005,-0.023045652,-9.300465,4499.8066,2.4117756
4140076485955504128,255.25575545798276,-14.995679378760816,-5.833570381786757,-7.601905893239374,0.6668920751718528,0.0177654,0.013410763,0.0154762585,-3.5375137,12.83294,1.933775,0.6561589,0.579425,0.7632355,2.4546616,4571.0,0.16,-0.15,4140076485955504128,0.5734923993460206,0.052923657,0.07150036,0.1316055,0.1357148,0.0099192485,-3.583008,4651.3086,2.4514828
5893921433512195456,222.51011801695088,-54.00466289246603,-6.108693033904883,-4.506338964870071,0.7706048240037339,0.011099777,0.013463718,0.0129297385,-20.824266,11.947898,1.7426376,,,,,4428.0,0.07,-0.11,5893921433512195456,0.6365490765634485,0.015151389,0.058801,0.22518957,0.12060976,-0.08291924,-20.432337,4579.447,2.422471
6064209190214477440,205.15378783285786,-56.415000979515355,-5.613181168115759,-3.961439239417036,0.40262217360517144,0.007465335,0.013246752,0.011711582,-30.8104,12.551556,1.6718512,,,,,4646.0,0.3,-0.14,6064209190214477440,0.590598507940794,0.01097282,0.10794464,0.16751003,0.14667898,-0.057382114,-30.604944,4695.5654,2.4004788
5935070651845390720,243.78232158254153,-50.66979967433445,-3.974460021288543,-2.7417480027290297,0.5359020722127577,0.017760146,0.013783034,0.015100097,2.01289,13.101018,1.9105778,,,,,4719.0,0.19,-0.07,5935070651845390720,0.59321104074777,-0.003031619,0.10664742,0.13312975,0.056617156,-0.09104152,2.921475,4721.3906,2.4917152
5813360182157539712,260.3809970073125,-66.48951545455,-5.796970030824983,-7.2154843838710105,0.6140442232365158,0.015153433,0.016743409,0.02180368,29.143015,11.393977,1.34869,0.31753024,0.27821842,0.34797505,3.2025528,4521.0,0.05,-0.09,5813360182157539712,0.6577763088799661,0.028683767,0.077625334,0.13383847,0.048337728,-0.09915392,29.173126,4598.0986,2.4020584
6702922465482727552,271.81082948336314,-50.97376877198725,-4.504400849779979,-6.759625942694937,0.7549833333750265,0.014718023,0.012494412,0.01686097,-41.54497,11.560364,1.3721104,,,,,4532.0,-0.0,-0.09,6702922465482727552,0.5820821673403134,0.0684301,0.093575746,0.13884112,0.057103947,-0.08770465,-40.981968,4622.9395,2.4508386
6653375142940940544,272.407548036275,-54.02032703722841,-3.3332498766092344,-5.2151566327623655,0.8828551322381912,0.026390651,0.02418784,0.027810771,0.20623147,11.353971,1.3218279,,,,,4679.0,0.17,-0.12,6653375142940940544,0.6151978095307825,0.026468381,0.07118724,0.1813801,0.1309736,-0.1786153,-7.5117707,4744.134,2.7499452
4124117349631371264,265.6442673492145,-16.25215832986298,-3.123861411739066,-5.854225160755286,0.5219704059486773,0.019873194,0.012066171,0.017680325,18.69046,13.040123,1.6972656,3.1240058,2.7552965,3.5142758,1.4613537,,,,4124117349631371264,0.710835795556416,0.03607124,0.10988371,0.1446217,0.07098621,-0.07291956,18.133335,4649.021,2.6268058
6734920109277336832,278.1232999347267,-33.99807819890818,-1.8068964416996898,-5.743697250292204,0.818227990471119,0.016875759,0.013558197,0.014866257,25.986185,11.278002,1.4362545,,,,,4527.0,0.11,-0.06,6734920109277336832,0.6780873858185714,0.008496903,0.051406767,0.14473327,0.09214535,0.012287624,26.206995,4618.1924,2.4271674
4085062902722644480,283.4739748080266,-21.003378785857674,-3.270429204779922,-3.0148019846298686,0.44075134494242474,0.022274187,0.017653609,0.019722937,50.0418,13.972578,1.4585285,2.7186232,2.4293003,3.0079577,1.5119976,,,,4085062902722644480,0.6088164416581666,-0.004855156,0.0658723,0.18775263,0.12796292,-0.03283269,49.58304,4830.44,3.0572016
4251717903044018816,281.0365812250476,-8.513467799550014,-2.57063463000543,-3.7987026200208214,0.5392643477823148,0.017755317,0.01586285,0.017933559,-34.49259,12.865581,2.037341,0.37705436,0.3400967,0.42855734,3.0022438,4485.0,0.14,-0.04,4251717903044018816,0.5838807731834372,0.057261907,0.05939937,0.21583846,0.08358827,0.08406369,-33.644077,4351.5796,2.206432
4261054887068493568,288.1242330906666,-2.9008892534833803,-4.267437858651225,-5.5281742839116434,0.46022515328594077,0.016029852,0.01503925,0.021121077,26.642786,13.327731,1.9140472,0.5560657,0.49941033,0.61272097,2.603676,,,,4261054887068493568,0.7132255744091532,0.046392314,0.09982161,0.27282438,0.102755964,-0.09382354,27.208097,4511.13,2.394936
4264731417770725888,288.69948611322314,1.40909216041922,-1.8195304305625757,-4.0175281933155755,0.4848615322013906,0.015614726,0.013941093,0.01594175,52.104897,13.153333,1.8759136,2.929793,2.617268,3.4636233,1.4909568,,,,4264731417770725888,0.7010340287044561,0.030093342,0.04339068,0.27459976,0.065648645,-0.23231328,52.145226,4526.8823,2.4021506
4267884061213163008,288.80607656564695,2.069197040488302,-4.492052442426396,-6.606190143055415,0.37783609667214857,0.026881684,0.019715238,0.020107869,3.9349666,13.581284,1.8360376,0.37677783,0.3398442,0.41371152,3.0027974,,,,4267884061213163008,0.6388012531766116,0.0039213374,0.027616318,0.28164846,0.06981021,-0.20582348,3.7876651,4543.4434,2.4257221
5987457540510218752,234.56914197029144,-45.66845626398748,-2.8716788060366922,-3.4167389359761424,0.31855368364166364,0.021759331,0.015644878,0.019565098,-40.217426,13.416427,1.5775347,,,,,,,,5987457540510218752,0.6517770022457018,0.051974066,0.03815904,0.28042057,0.12872157,-0.13770741,-40.358505,4571.8257,2.4220147
5981313297722470400,238.9608283436274,-51.84954694376309,-2.3237663923861964,-6.471890104555014,0.6359477438750993,0.014541904,0.012760815,0.014856151,-42.984055,12.724492,1.9169979,,,,,4469.0,0.03,-0.09,5981313297722470400,0.6867205063108293,-0.005652122,0.06923352,0.21787721,0.13324663,-0.18486533,-42.08028,4613.335,2.4357183
5796577507239003008,216.39528798383662,-73.52048770765926,-3.8952439408581663,-4.484079302159171,0.5784277089765387,0.010969233,0.0131553095,0.0119944615,-29.874687,12.72251,1.4162636,,,,,4697.0,0.32,-0.07,5796577507239003008,0.5736734282686828,0.0336864,0.032668777,0.13929127,0.08658019,-0.025765087,-29.85232,4675.5005,2.7417943
5821895175535903232,244.47683332220794,-66.15902516848793,-5.064407645355945,-8.156334405079814,0.86265978117445,0.00839221,0.012900532,0.013929997,-24.429073,11.099139,1.3714075,,,,,4486.0,0.03,-0.08,5821895175535903232,0.6132594351371434,-0.00397601,0.05679472,0.209885,0.057946265,-0.089411505,-24.22709,4594.307,2.4283092
6653484505686572544,273.39510097520287,-53.15668830816153,-4.397892009660874,-2.552234849200458,0.8941118298371167,0.018325688,0.01682474,0.022092476,-31.45935,11.27095,1.4644585,,,,,4450.0,0.03,-0.09,6653484505686572544,0.5841620913909609,-0.0002265051,0.05863129,0.2658616,0.036590353,-0.13028313,-31.18106,4454.2515,2.3891413
5958297908066401536,264.0018479700753,-44.534602040516994,-3.7650646937042085,-5.014234592527559,0.3291791750512495,0.027669186,0.018347353,0.027085723,38.690594,13.370072,1.8926973,0.29282933,0.26504853,0.55650556,3.3018112,4242.0,0.34,-0.1,5958297908066401536,0.5861067154674119,0.047385566,0.11178258,0.21318278,0.06884098,-0.027471062,38.780087,4274.6934,2.1484306
4106948024511522432,281.7316517387255,-10.694838469006392,-3.4309002635800834,-2.631252118856792,0.41864313086205773,0.014591803,0.013222622,0.01513455,37.83098,12.781335,1.6807041,0.5015406,0.4509351,0.6292834,2.7035515,,,,4106948024511522432,0.6902071158691827,-0.009598531,0.08730939,0.19363096,0.13188529,-0.1475479,39.269676,4659.165,2.4395492
5902679559010905984,230.67791893435512,-48.582812592889866,-6.924128592605281,-5.103876459626343,0.4537541587379845,0.018952798,0.019839136,0.01587461,-0.8662703,13.212467,1.6172314,,,,,,,,5902679559010905984,0.6659038586272583,-0.013871871,0.06546539,0.19329149,0.068326116,-0.13976887,0.5232001,4575.999,2.6071577
5942721401671797760,250.45994383927862,-46.62782996949219,-2.589035975179926,-3.2408295734588535,0.7764796873969031,0.02099236,0.018538738,0.018227093,-41.134186,13.598435,1.8192196,2.4482443,2.1816974,2.7105355,1.5622311,,,,5942721401671797760,0.6849284160845358,0.012088358,0.041508567,0.17535108,0.09495029,-0.09300659,-50.39456,4851.749,3.086115
5865444632091457152,206.34325683705862,-62.416517688405214,-6.113976176702711,-2.9331811422720317,0.5646901806956744,0.009522233,0.0116190165,0.014104965,-25.875795,12.56928,1.6576223,,,,,4566.0,0.15,-0.14,5865444632091457152,0.6147401226770444,0.03707426,0.062315088,0.26859635,0.044884875,-0.07747532,-22.423622,4636.9956,2.480375
5890898429360371584,218.25575327916914,-58.90483103970853,-5.293916252400211,-2.982499362094448,0.4442403516499415,0.027314594,0.028862886,0.032817833,-65.56261,13.4921255,2.2425022,0.31809294,0.27775043,0.36052173,3.16639,,,,5890898429360371584,0.5859220585456097,-0.016247965,0.06213184,0.13992608,0.124070734,0.14744002,-61.785492,4860.998,2.5802474
5891175158366877568,217.43890027117752,-58.267826226174094,-6.2499511367512905,-3.491155632871775,0.4654421218159038,0.0107501885,0.011367465,0.012035585,-39.14894,13.13172,1.7439766,0.41348395,0.35854623,0.45437276,2.9026768,4722.0,0.31,-0.16,5891175158366877568,0.5873396734750826,0.0012597218,0.06029666,0.16833976,0.12642813,-0.09377372,-40.078697,4708.525,2.4900603
5910317999404995712,262.5963432758046,-62.669478850075976,-4.15603292985897,-7.716104595657939,0.5428254494647375,0.008106988,0.008982018,0.014049287,10.716118,12.174225,1.3452158,,,,,4532.0,0.07,-0.09,5910317999404995712,0.626529215772935,0.036535338,0.07279298,0.13877392,0.09416729,-0.087436974,11.060097,4615.265,2.437965
5782019633994662016,236.46138410940154,-74.45655389987044,-2.3709909140286305,-4.91080922033951,0.6465790329438221,0.013249109,0.01514467,0.014733364,21.294514,11.546569,1.3808813,,,,,4486.0,0.06,-0.09,5782019633994662016,0.6293667114912089,-0.006660618,0.0852171,0.18991764,0.15008622,-0.09670449,21.60878,4620.1943,2.4397516
5843424918871565952,194.93165610461654,-72.28852544788882,-4.162783006570686,-3.101280772304206,0.3132337422567756,0.012882817,0.013733376,0.0126937935,39.179523,13.521342,1.6388731,0.37682524,0.33988255,0.41376805,3.0025518,,,,5843424918871565952,0.6953312120534185,0.03586717,0.084948614,0.241216,0.075755805,-0.15172465,38.721638,4574.289,2.4130769
5977843269077461760,254.38953814673914,-35.40752203031833,-1.9739680108488322,-5.337135123537381,0.6112368117247498,0.01959144,0.013769643,0.015450026,-68.24148,12.794025,1.9127512,0.5017475,0.45113418,0.5523608,2.7034097,4462.0,0.21,-0.1,5977843269077461760,0.6805032010630694,0.029949203,0.085534945,0.2020339,0.14151996,-0.2338624,-67.72201,4569.8926,2.4040406
6745610665133779712,290.73085250166463,-32.7129273127249,-5.153391333893928,-5.084707632480324,0.7876437729831459,0.02072288,0.017152917,0.020715067,32.924316,11.105672,1.3559675,,,,,4554.0,0.16,-0.12,6745610665133779712,0.6581590970111357,-0.018820882,0.07636118,0.22793171,0.10269505,-0.09073746,33.310562,4622.1387,2.4444897
4089101134051178368,286.13786994616476,-15.444718453120496,-5.6552672283843295,-4.5570983430156415,0.40047208473623774,0.017700633,0.0156306,0.017498713,39.431305,13.243453,1.6196184,,,,,,,,4089101134051178368,0.6105134110321571,-0.00035440922,0.095914096,0.20050451,0.11256567,-0.06438116,40.451855,4586.302,2.4479651
5892877344135549440,217.55897944722153,-55.091236905948215,-6.317471312448401,-3.4683416495533965,0.3617964647776276,0.012345714,0.017697118,0.015332579,-5.726397,13.681453,1.8204947,,,,,,,,5892877344135549440,0.6404381678739459,-0.009598166,0.08016583,0.17443538,0.14162701,-0.16004774,-6.1045327,4652.215,2.4498596
5894499634860176128,218.5274144281353,-53.906779738667865,-4.485962255686651,-3.0617886346300636,0.5606747524883486,0.011095053,0.018384578,0.014298939,-38.624657,12.871486,1.9819212,,,,,4482.0,0.26,-0.1,5894499634860176128,0.5744721965643329,0.03898283,0.11243948,0.254559,0.120888054,-0.23618484,-38.559196,4487.0796,2.3553112
5894604917415992192,218.81477720609058,-53.39335985216101,-5.388587922359547,-3.590834601572359,0.5348325721888941,0.009414951,0.016014932,0.014539581,-30.81366,13.370158,2.0584278,,,,,,,,5894604917415992192,0.6982337681652516,0.047227927,0.086618036,0.24750993,0.119016826,-0.2906595,-29.695742,4541.071,2.409329
5994298113421013504,239.91559837080877,-44.72654159416067,-2.994561629934847,-5.7678375559356665,0.7797882363264913,0.01705207,0.015286363,0.015673168,-8.8870735,12.302835,1.8728971,2.675686,2.3973773,2.9778416,1.5317594,4540.0,0.21,-0.07,5994298113421013504,0.6403431358199498,0.014578119,0.06390329,0.22518578,0.11377844,-0.17436513,-8.999332,4549.4873,2.4111726
5934337900415979392,247.04779070970537,-51.912411351950695,-6.059585134009712,-7.719821491292758,0.35524107546211586,0.0322501,0.025768617,0.030428862,-33.321682,13.625095,1.7744656,0.45516157,0.39351228,0.56581396,2.801939,,,,5934337900415979392,0.5825907895078153,0.032466665,0.056810256,0.15565708,0.1078051,0.08299797,-33.677784,4715.428,2.451155
5943005999060370944,249.1170174017372,-45.79682269209951,-2.5249211437187626,-3.7233745459432686,0.3785759236608586,0.018360764,0.014764325,0.017982433,-22.567875,13.340731,1.8441658,0.4554456,0.4099147,0.50097656,2.800476,,,,5943005999060370944,0.6000166397234471,0.02749306,0.041432004,0.16324037,0.05246812,0.07874123,-22.282114,4900.3584,2.6519156
5833482791183440000,237.685955213825,-60.48435942115975,-5.54598414435028,-3.0047740854330223,0.6216550955879897,0.013510002,0.011638768,0.011400022,4.1435804,12.24766,1.7729225,2.9940245,2.5563664,3.3315496,1.4829594,4443.0,0.13,-0.09,5833482791183440000,0.6382907936444432,-0.006068319,0.09727451,0.25587156,0.079432726,-0.078826495,4.687719,4484.7407,2.35474
5309603502355995008,145.7566605364683,-52.757117649567526,-5.87216732041664,-6.773564904325997,0.8539233015551143,0.01130531,0.010492019,0.01124233,-16.687939,11.7634115,1.670044,,,,,4413.0,0.22,-0.1,5309603502355995008,0.6411376092868942,0.06938959,0.093312785,0.28041396,0.056885585,-0.02585702,-16.426022,4433.9795,2.387028
